ticker,exchange_symbol,company,sector,industry,market,currency,financial_currency,price_major,shares_outstanding,market_cap_local,market_cap_usd,ttm_revenue,ttm_ebitda,ttm_fcf,ttm_fcf_usd,ttm_source,normalized_fcf_margin,normalized_margin_observations,forward_growth,revenue_cagr,latest_yoy_growth,forward_revenue,forward_fcf,expected_fcf,expected_fcf_usd,total_debt_usd,cash_usd,enterprise_value_usd,enterprise_value_calculated_usd,enterprise_value_provider_usd,enterprise_value_source,fcf_yield,revenue_trend,ebitda_trend,fcf_per_share_trend,z_revenue,z_ebitda,z_fcf_per_share,growth_score,fcf_yield_rank,growth_rank,raw_weight,target_weight,annual_periods,latest_annual_period_end,eligible,exclusion_reasons,data_quality_flags
10X.AX,10X,Exultant Mining Limited,Basic Materials,Other Industrial Metals & Mining,AU,AUD,AUD,0.145,37400001,5423000,3866666.554,,,,,,,0,,,,,,,,,,,,,,,,,,,,,,,,,,0,,false,below_min_market_cap:3866667,
14D.AX,14D,1414 Degrees Limited,Utilities,Utilities - Independent Power Producers,AU,AUD,AUD,0.058,714389803,41434608,29543391.65,,,,,,,0,,,,,,,,,,,,,,,,,,,,,,,,,,0,,false,below_min_market_cap:29543392,
1AD.AX,1AD,AdAlta Limited,Healthcare,Biotechnology,AU,AUD,AUD,0.003,3212169031,9636507,6870949.532,,,,,,,0,,,,,,,,,,,,,,,,,,,,,,,,,,0,,false,below_min_market_cap:6870950,
1AE.AX,1AE,Aurora Energy Metals Limited,Energy,Uranium,AU,AUD,AUD,0.056,179063737,10027570,7149782.322,,,,,,,0,,,,,,,,,,,,,,,,,,,,,,,,,,0,,false,below_min_market_cap:7149782,
1AI.AX,1AI,Algorae Pharmaceuticals Limited,Healthcare,Biotechnology,AU,AUD,AUD,0.009,2027570988,18248138,13011149.71,,,,,,,0,,,,,,,,,,,,,,,,,,,,,,,,,,0,,false,below_min_market_cap:13011150,
1CG.AX,1CG,One Click Group Limited,Technology,Software - Application,AU,AUD,AUD,0.009,,,,,,,,,,0,,,,,,,,,,,,,,,,,,,,,,,,,,0,,false,market_cap_unavailable,
1MC.AX,1MC,Morella Corporation Limited,Basic Materials,Other Industrial Metals & Mining,AU,AUD,AUD,0.029,441759069,12811013,9134411.854,,,,,,,0,,,,,,,,,,,,,,,,,,,,,,,,,,0,,false,below_min_market_cap:9134412,
1TT.AX,1TT,Thrive Tribe Technologies Limited,Technology,Software - Application,AU,AUD,AUD,0.001,5753285447,5753286,4102164.586,,,,,,,0,,,,,,,,,,,,,,,,,,,,,,,,,,0,,false,below_min_market_cap:4102165,
29M.AX,29M,29Metals Limited,Basic Materials,Other Precious Metals & Mining,AU,AUD,AUD,0.335,1750076545,586275648,418021840.2,600481984,101462000,-22593000,-16109090.44,revenue=provider_ttm|ebitda=provider_ttm|fcf=provider_ttm_fcf_field,-0.03762477577,1,-0.03849653612,-0.07435270566,0.01528771819,577365507.6,-21723247.76,-22158123.88,,,,,,,,,,,,,,,,,,,,4,2025-12-31,false,expected_fcf_not_positive,revenue_ttm_from_provider|ebitda_ttm_from_provider|fcf_ttm_from_provider_fcf_field
360.AX,360,"Life360, Inc.",Technology,Software - Application,AU,AUD,USD,20.52,244441107,5015931392,3576421565,572558000,25474000,98474000,98474000,revenue=quarterly_sum|ebitda=quarterly_sum|fcf=quarterly_sum,0.1198521087,4,0.3,0.2894568252,0.3176368296,744325400,89208968.78,93841484.39,93841484.39,311475000,267061000,4234266565,4234266565,3467121159,calculated,0.02216239411,0.2440813094,1.073526618,1.014786306,0.5926632979,2.602348765,1.517610537,1.5708742,210,15,,,4,2025-12-31,true,,reporting_currency_differs:USD_vs_AUD|growth_clamped_high|preferred_stock_assumed_zero
3DA.AX,3DA,Amaero Inc.,Basic Materials,Other Industrial Metals & Mining,AU,AUD,AUD,0.22,953327200,209731984,149541517.2,18146328,-32408276,-53187536,-37923375.72,revenue=provider_ttm|ebitda=provider_ttm|fcf=provider_ttm_fcf_field,,0,,,,,,,,,,,,,,,,,,,,,,,,,,4,2025-06-30,false,ttm_ebitda_not_positive,revenue_ttm_from_provider|ebitda_ttm_from_provider|fcf_ttm_from_provider_fcf_field
3DP.AX,3DP,Pointerra Limited,Technology,Software - Application,AU,AUD,AUD,0.026,818676797,21285598,15176896.53,,,,,,,0,,,,,,,,,,,,,,,,,,,,,,,,,,0,,false,below_min_market_cap:15176897,
3PL.AX,3PL,3P Learning Limited,Consumer Defensive,Education & Training Services,AU,AUD,AUD,0.325,272906522,88694616,63240366.07,104115000,13898000,1142125,814349.3523,revenue=provider_ttm|ebitda=provider_ttm|fcf=provider_ttm_fcf_field,0.01096984104,1,-0.02278317583,-0.008766835039,-0.04380768701,101742929.6,1116103.765,1129114.383,805072.6201,1067379.648,6788591.602,164447493.2,164447493.2,55221827.98,calculated,0.004895621114,-0.008770480934,0.3650372111,,-0.6327241795,0.6125257823,,-0.0100991986,264,113,,,4,2026-06-30,true,,revenue_ttm_from_provider|ebitda_ttm_from_provider|fcf_ttm_from_provider_fcf_field|preferred_stock_assumed_zero
49M.AX,49M,49 Metals Limited,Basic Materials,Gold,AU,AUD,AUD,0.11,82236653,9046032,6449933.501,,,,,,,0,,,,,,,,,,,,,,,,,,,,,,,,,,0,,false,below_min_market_cap:6449934,
4DS.AX,4DS,4DS Memory Limited,Technology,Semiconductors,AU,AUD,AUD,0.009,2060898718,18548088,13225017.8,,,,,,,0,,,,,,,,,,,,,,,,,,,,,,,,,,0,,false,below_min_market_cap:13225018,
4DX.AX,4DX,4DMedical Limited,Healthcare,Medical Devices,AU,AUD,AUD,3.74,601571602,2249877760,1604190869,7061546,-55184908,-136052624,-97007215.71,revenue=provider_ttm|ebitda=provider_ttm|fcf=provider_ttm_fcf_field,,0,,,,,,,,,,,,,,,,,,,,,,,,,,4,2026-06-30,false,ttm_ebitda_not_positive,revenue_ttm_from_provider|ebitda_ttm_from_provider|fcf_ttm_from_provider_fcf_field
5GG.AX,5GG,Pentanet Limited,Communication Services,Telecom Services,AU,AUD,AUD,0.017,433171658,7363918,5250565.266,,,,,,,0,,,,,,,,,,,,,,,,,,,,,,,,,,0,,false,below_min_market_cap:5250565,
5GN.AX,5GN,5G Networks Limited,Technology,Information Technology Services,AU,AUD,AUD,0.056,264100416,14789624,10545186.14,,,,,,,0,,,,,,,,,,,,,,,,,,,,,,,,,,0,,false,below_min_market_cap:10545186,
6KA.AX,6KA,"6K Additive, Inc.",Basic Materials,Other Industrial Metals & Mining,AU,AUD,USD,0.79,267798503,211560816,150845497.2,23278236,-10968772,-41639968,-41639968,revenue=provider_ttm|ebitda=provider_ttm|fcf=provider_ttm_fcf_field,,0,,,,,,,,,,,,,,,,,,,,,,,,,,3,2025-12-31,false,ttm_ebitda_not_positive,reporting_currency_differs:USD_vs_AUD|annual_history_below_preferred:3|revenue_ttm_from_provider|ebitda_ttm_from_provider|fcf_ttm_from_provider_fcf_field
88E.AX,88E,88 Energy Limited,Energy,Oil & Gas E&P,AU,AUD,AUD,0.02,1330952980,26619058,18979719.94,,,,,,,0,,,,,,,,,,,,,,,,,,,,,,,,,,0,,false,below_min_market_cap:18979720,
8CO.AX,8CO,8common Limited,Technology,Software - Application,AU,AUD,AUD,0.035,224094903,7843321,5592385.576,,,,,,,0,,,,,,,,,,,,,,,,,,,,,,,,,,0,,false,below_min_market_cap:5592386,
8IH.AX,8IH,8I Holdings Limited,Consumer Defensive,Education & Training Services,AU,AUD,SGD,0.012,358138783,4297665,3064288.681,,,,,,,0,,,,,,,,,,,,,,,,,,,,,,,,,,0,,false,below_min_market_cap:3064289,
A11.AX,A11,Atlantic Lithium Limited,Basic Materials,Other Industrial Metals & Mining,AU,AUD,AUD,0.275,801503291,220413408,157157505.6,335150,-6049084,-15672730,-11174851.72,revenue=provider_ttm|ebitda=provider_ttm|fcf=provider_ttm_fcf_field,,0,,,,,,,,,,,,,,,,,,,,,,,,,,4,2026-06-30,false,ttm_ebitda_not_positive,revenue_ttm_from_provider|ebitda_ttm_from_provider|fcf_ttm_from_provider_fcf_field
A1M.AX,A1M,AIC Mines Limited,Basic Materials,Other Precious Metals & Mining,AU,AUD,AUD,0.775,799484913,619600832,441783111.5,245230000,101683000,-96249504,-68627095.32,revenue=provider_ttm|ebitda=provider_ttm|fcf=provider_ttm_fcf_field,-0.3924866615,1,0.3,1.699624751,0.4527786624,318799000,-125124355.2,-110686929.6,,,,,,,,,,,,,,,,,,,,3,2025-06-30,false,expected_fcf_not_positive,annual_history_below_preferred:3|revenue_ttm_from_provider|ebitda_ttm_from_provider|fcf_ttm_from_provider_fcf_field|growth_clamped_high
A1N.AX,A1N,ARN Media Limited,Communication Services,Broadcasting,AU,AUD,AUD,0.285,313050373,89219352,63614509.37,264195008,26378000,48438752,34537433.57,revenue=provider_ttm|ebitda=provider_ttm|fcf=provider_ttm_fcf_field,0.1833446906,1,0.1121557843,0.07418582081,0.1691107294,293826006.3,53871438.22,51155095.11,36474220.05,324078421.9,13224955.05,400316816.8,400316816.8,164937144.6,calculated,0.09111338448,0.07583577677,1.020887794,,-0.2226996012,2.454510364,,1.115905382,48,25,30.21650178,0.02495300336,4,2025-12-31,true,,revenue_ttm_from_provider|ebitda_ttm_from_provider|fcf_ttm_from_provider_fcf_field|preferred_stock_assumed_zero
A2M.AX,A2M,The a2 Milk Company Limited,Consumer Defensive,Packaged Foods,AU,AUD,NZD,6.92,728055850,5038146560,3592261257,1972235008,302707008,339833504,195666470.2,revenue=provider_ttm|ebitda=provider_ttm|fcf=provider_ttm_fcf_field,0.1723088286,1,0.05989076143,0.07420743457,0.03841575171,2090353664,360186391.3,350009947.7,201525777.1,13998734.19,451676675.2,3772453000,3772453000,3037283573,calculated,0.05342035464,0.0767604565,0.08811497394,,-0.2182183556,-0.1652222361,,-0.1917202959,112,146,,,4,2026-06-30,true,,reporting_currency_differs:NZD_vs_AUD|revenue_ttm_from_provider|ebitda_ttm_from_provider|fcf_ttm_from_provider_fcf_field|preferred_stock_assumed_zero
A3D.AX,A3D,Aurora Labs Limited,Industrials,Specialty Industrial Machinery,AU,AUD,AUD,0.045,523619656,23562886,16800631.24,,,,,,,0,,,,,,,,,,,,,,,,,,,,,,,,,,0,,false,below_min_market_cap:16800631,
A4N.AX,A4N,Alpha HPA Limited,Basic Materials,Aluminum,AU,AUD,AUD,0.505,1451896391,733207680,522786209.3,748435,-41587344,-181703648,-129556964.5,revenue=provider_ttm|ebitda=provider_ttm|fcf=provider_ttm_fcf_field,,0,,,,,,,,,,,,,,,,,,,,,,,,,,4,2026-06-30,false,ttm_ebitda_not_positive,revenue_ttm_from_provider|ebitda_ttm_from_provider|fcf_ttm_from_provider_fcf_field
A8G.AX,A8G,Australasian Metals Limited,Basic Materials,Gold,AU,AUD,AUD,0.175,57889725,10130702,7223316.723,,,,,,,0,,,,,,,,,,,,,,,,,,,,,,,,,,0,,false,below_min_market_cap:7223317,
AA2.AX,AA2,Ariana Resources plc,Basic Materials,Gold,AU,AUD,GBP,0.28,269081335,75342776,53720337.82,0,-2367000,-2965250,-3995001.593,revenue=latest_fiscal_year|ebitda=provider_ttm|fcf=provider_ttm_fcf_field,,0,,,,,,,,,,,,,,,,,,,,,,,,,,4,2025-12-31,false,ttm_ebitda_not_positive,reporting_currency_differs:GBP_vs_AUD|revenue_ttm_from_latest_fy|ebitda_ttm_from_provider|fcf_ttm_from_provider_fcf_field
AAC.AX,AAC,Australian Agricultural Company Limited,Consumer Defensive,Farm Products,AU,AUD,AUD,1.31,602766747,789624384,563012022.1,422068992,-221614000,-250246752,-178429051.5,revenue=provider_ttm|ebitda=provider_ttm|fcf=provider_ttm_fcf_field,,0,,,,,,,,,,,,,,,,,,,,,,,,,,4,2026-03-31,false,ttm_ebitda_not_positive,revenue_ttm_from_provider|ebitda_ttm_from_provider|fcf_ttm_from_provider_fcf_field
AAI.AX,AAI,Alcoa Corporation,Basic Materials,Aluminum,AU,AUD,USD,66.04,263909445,1.742858035e+10,1.24267949e+10,1.3603e+10,1993000000,352000000,352000000,revenue=quarterly_sum|ebitda=quarterly_sum|fcf=quarterly_sum,0.0147037701,4,0.0375182726,0.01007143794,0.07868852459,1.411336106e+10,207519616.3,279759808.2,279759808.2,2225000000,1352000000,1.33667949e+10,1.33667949e+10,1.309702606e+10,calculated,0.02092946068,0.02081796849,0.1943262411,0.2078771967,-0.4893306312,0.1330766778,-0.05495024234,-0.1370680653,212,135,,,4,2025-12-31,true,,reporting_currency_differs:USD_vs_AUD
AAJ.AX,AAJ,Aruma Resources Limited,Basic Materials,Gold,AU,AUD,AUD,0.008,837633459,6701068,4777944.958,,,,,,,0,,,,,,,,,,,,,,,,,,,,,,,,,,0,,false,below_min_market_cap:4777945,
AAL.AX,AAL,Alfabs Australia Limited,Industrials,Conglomerates,AU,AUD,AUD,0.23,287002048,66010472,47066288.82,,,,,,,0,,,,,,,,,,,,,,,,,,,,,,,,,,0,,false,below_min_market_cap:47066289,
AAM.AX,AAM,AuMEGA Metals Ltd,Basic Materials,Gold,AU,AUD,CAD,0.036,1455807299,52409064,37368315.49,,,,,,,0,,,,,,,,,,,,,,,,,,,,,,,,,,0,,false,below_min_market_cap:37368315,
AAP.AX,AAP,Australian Agricultural Projects Ltd,Consumer Defensive,Farm Products,AU,AUD,AUD,0.055,368603712,20273204,14455046.99,,,,,,,0,,,,,,,,,,,,,,,,,,,,,,,,,,0,,false,below_min_market_cap:14455047,
AAR.AX,AAR,Astral Resources NL,Basic Materials,Gold,AU,AUD,AUD,0.19,1808809680,343673856,245043740.4,,,,,,,0,,,,,,,,,,,,,,,,,,,,,,,,,,0,2025-06-30,false,insufficient_annual_history:0,
AAU.AX,AAU,Antilles Gold Limited,Basic Materials,Gold,AU,AUD,USD,0.008,3283093233,26264748,18727092.5,,,,,,,0,,,,,,,,,,,,,,,,,,,,,,,,,,0,,false,below_min_market_cap:18727093,
ABB.AX,ABB,Aussie Broadband Limited,Communication Services,Telecom Services,AU,AUD,AUD,4.05,315425041,1277471488,910853084.3,1296657024,133925000,36299752,25882175.36,revenue=provider_ttm|ebitda=provider_ttm|fcf=provider_ttm_fcf_field,0.02799487554,1,0.145271108,0.1806154137,0.09225464942,1485023827,41573057.19,38936404.6,27762141.5,190715859,89296967.09,1520278378,1520278378,1012162092,calculated,0.01826122235,0.16045938,0.1648385402,,0.1874090385,0.05025920084,,0.1188341197,221,95,,,4,2026-06-30,true,,revenue_ttm_from_provider|ebitda_ttm_from_provider|fcf_ttm_from_provider_fcf_field|preferred_stock_assumed_zero
ABE.AX,ABE,Australian Bond Exchange Holdings Limited,Financial Services,Capital Markets,AU,,AUD,,,,,,,,,,,0,,,,,,,,,,,,,,,,,,,,,,,,,,0,,false,excluded_sector:Financial Services,
ABG.AX,ABG,Abacus Group,Real Estate,REIT - Diversified,AU,,AUD,,,,,,,,,,,0,,,,,,,,,,,,,,,,,,,,,,,,,,0,,false,excluded_industry:reit,
ABR.AX,ABR,Albright Metals Ltd,Basic Materials,Other Industrial Metals & Mining,AU,AUD,AUD,0.002,1553788997,3107578,2215741.825,,,,,,,0,,,,,,,,,,,,,,,,,,,,,,,,,,0,,false,below_min_market_cap:2215742,
ABV.AX,ABV,Advanced Braking Technology Limited,Consumer Cyclical,Auto Parts,AU,AUD,AUD,0.125,397971265,49746408,35469808.59,,,,,,,0,,,,,,,,,,,,,,,,,,,,,,,,,,0,,false,below_min_market_cap:35469809,
ABX.AX,ABX,ABx Group Limited,Basic Materials,Aluminum,AU,AUD,AUD,0.039,374917940,14621800,10425525.54,,,,,,,0,,,,,,,,,,,,,,,,,,,,,,,,,,0,,false,below_min_market_cap:10425526,
ABY.AX,ABY,Adore Beauty Group Limited,Consumer Cyclical,Specialty Retail,AU,AUD,AUD,0.3,93957928,28187380,20097953.07,,,,,,,0,,,,,,,,,,,,,,,,,,,,,,,,,,0,,false,below_min_market_cap:20097953,
ACE.AX,ACE,Acusensus Limited,Technology,Software - Infrastructure,AU,AUD,AUD,1.165,170853613,199044464,141921182.3,86167000,1197000,-9384625,-6691354.528,revenue=provider_ttm|ebitda=provider_ttm|fcf=provider_ttm_fcf_field,-0.1089120545,1,0.3,0.2706178976,0.4518449874,112017100,-12200012.5,-10792318.75,,,,,,,,,,,,,,,,,,,,4,2026-06-30,false,expected_fcf_not_positive,revenue_ttm_from_provider|ebitda_ttm_from_provider|fcf_ttm_from_provider_fcf_field|growth_clamped_high
ACF.AX,ACF,Acrow Limited,Industrials,Engineering & Construction,AU,AUD,AUD,0.895,421194772,376969312,268783815.3,315784000,60825000,-26392512,-18818189.82,revenue=provider_ttm|ebitda=provider_ttm|fcf=provider_ttm_fcf_field,-0.08357773668,1,0.2188839,0.1972183743,0.2513821887,384904033.5,-32169407.96,-29280959.98,,,,,,,,,,,,,,,,,,,,4,2025-06-30,false,expected_fcf_not_positive,revenue_ttm_from_provider|ebitda_ttm_from_provider|fcf_ttm_from_provider_fcf_field
ACL.AX,ACL,Australian Clinical Labs Limited,Healthcare,Diagnostics & Research,AU,AUD,AUD,2.82,186518985,525983552,375032824.7,736150016,81878000,166660368,118830918.5,revenue=provider_ttm|ebitda=provider_ttm|fcf=provider_ttm_fcf_field,0.2263945723,1,-0.0293735017,-0.09382376478,0.06730189292,714526712.3,161764969.4,164212668.7,117085678.4,207042418.2,15288413.1,567233888.6,567233888.6,594515810.1,calculated,0.2064151679,-0.09806978908,-0.2360663141,,-1.065492537,-1.075699332,,-1.070595935,8,253,,,4,2025-06-30,true,,revenue_ttm_from_provider|ebitda_ttm_from_provider|fcf_ttm_from_provider_fcf_field|preferred_stock_assumed_zero
ACM.AX,ACM,Australian Critical Minerals Limited,Basic Materials,Other Precious Metals & Mining,AU,AUD,AUD,0.026,149981417,3899517,2780404.197,,,,,,,0,,,,,,,,,,,,,,,,,,,,,,,,,,0,,false,below_min_market_cap:2780404,
ACP.AX,ACP,Audalia Resources Limited,Basic Materials,Other Industrial Metals & Mining,AU,AUD,AUD,0.022,877136191,19296996,13758998.53,,,,,,,0,,,,,,,,,,,,,,,,,,,,,,,,,,0,,false,below_min_market_cap:13758999,
ACR.AX,ACR,Acrux Limited,Healthcare,Biotechnology,AU,AUD,AUD,0.01,610454134,6104541,4352613.777,,,,,,,0,,,,,,,,,,,,,,,,,,,,,,,,,,0,,false,below_min_market_cap:4352614,
ACS.AX,ACS,Accent Resources NL,Basic Materials,Other Industrial Metals & Mining,AU,AUD,AUD,0.24,489537283,117488944,83771080.62,,,,,,,0,,,,,,,,,,,,,,,,,,,,,,,,,,0,2025-06-30,false,insufficient_annual_history:0,
ACU.AX,ACU,Acumentis Group Limited,Real Estate,Real Estate Services,AU,AUD,AUD,0.097,222955046,21626640,15420063.72,,,,,,,0,,,,,,,,,,,,,,,,,,,,,,,,,,0,,false,below_min_market_cap:15420064,
ACW.AX,ACW,Actinogen Medical Limited,Healthcare,Biotechnology,AU,AUD,AUD,0.057,3825912192,218077008,155491623.3,,,,,,,0,,,,,,,,,,,,,,,,,,,,,,,,,,0,2026-06-30,false,insufficient_annual_history:0,
AD1.AX,AD1,AdNeo Limited,Technology,Information Technology Services,AU,AUD,AUD,0.019,415338006,7891422,5626682.189,,,,,,,0,,,,,,,,,,,,,,,,,,,,,,,,,,0,,false,below_min_market_cap:5626682,
AD8.AX,AD8,Audinate Group Limited,Technology,Electronic Components,AU,AUD,AUD,2.4,84328558,202388560,144305564.4,67775000,-6110000,-1585500,-1130481.25,revenue=provider_ttm|ebitda=provider_ttm|fcf=provider_ttm_fcf_field,,0,,,,,,,,,,,,,,,,,,,,,,,,,,3,2024-06-30,false,ttm_ebitda_not_positive,stale_statements:807d|annual_history_below_preferred:3|revenue_ttm_from_provider|ebitda_ttm_from_provider|fcf_ttm_from_provider_fcf_field
ADC.AX,ADC,ACDC Metals Limited,Basic Materials,Other Industrial Metals & Mining,AU,AUD,AUD,0.044,120144226,5286346,3769230.549,,,,,,,0,,,,,,,,,,,,,,,,,,,,,,,,,,0,,false,below_min_market_cap:3769231,
ADD.AX,ADD,Adavale Resources Limited,Energy,Uranium,AU,AUD,AUD,0.0395,394021144,15563836,11097208.95,,,,,,,0,,,,,,,,,,,,,,,,,,,,,,,,,,0,,false,below_min_market_cap:11097209,
ADH.AX,ADH,Adairs Limited,Consumer Cyclical,Specialty Retail,AU,AUD,AUD,1.26,178614627,225054432,160466613.5,641747008,54839000,79745872,56859800.12,revenue=provider_ttm|ebitda=provider_ttm|fcf=provider_ttm_fcf_field,0.1242637223,1,0.02180810483,0.01083284023,0.03827100173,655742294,81484978.34,80615425.17,57479802.36,206717997.5,8120498.872,481250204.8,481250204.8,358328277.6,calculated,0.1194384995,0.01372990834,-0.3023073419,,-0.5236812685,-1.261740109,,-0.8927106889,24,243,,,4,2026-06-30,true,,revenue_ttm_from_provider|ebitda_ttm_from_provider|fcf_ttm_from_provider_fcf_field|preferred_stock_assumed_zero
ADN.AX,ADN,Andromeda Metals Limited,Basic Materials,Other Industrial Metals & Mining,AU,AUD,AUD,0.006,4623633361,27741800,19780248.98,,,,,,,0,,,,,,,,,,,,,,,,,,,,,,,,,,0,,false,below_min_market_cap:19780249,
ADO.AX,ADO,AnteoTech Limited,Basic Materials,Specialty Chemicals,AU,AUD,AUD,0.019,3259767301,61935576,44160837.21,,,,,,,0,,,,,,,,,,,,,,,,,,,,,,,,,,0,,false,below_min_market_cap:44160837,
ADR.AX,ADR,Adherium Limited,Healthcare,Medical Devices,AU,AUD,AUD,0.085,54887674,4665452,3326525.393,,,,,,,0,,,,,,,,,,,,,,,,,,,,,,,,,,0,,false,below_min_market_cap:3326525,
ADS.AX,ADS,Adslot Limited,Technology,Software - Infrastructure,AU,AUD,AUD,0.001,5970090281,5970091,4256749.252,,,,,,,0,,,,,,,,,,,,,,,,,,,,,,,,,,0,,false,below_min_market_cap:4256749,
ADX.AX,ADX,ADX Energy Ltd,Energy,Oil & Gas E&P,AU,AUD,AUD,0.02,1083863398,21677268,15456162.12,,,,,,,0,,,,,,,,,,,,,,,,,,,,,,,,,,0,,false,below_min_market_cap:15456162,
ADY.AX,ADY,Admiralty Resources NL,Basic Materials,Other Industrial Metals & Mining,AU,AUD,AUD,0.006,2629479399,15776877,11249109.83,,,,,,,0,,,,,,,,,,,,,,,,,,,,,,,,,,0,,false,below_min_market_cap:11249110,
AEE.AX,AEE,Aura Energy Limited,Energy,Uranium,AU,AUD,AUD,0.105,1019441634,107041368,76321828.79,,-11071482,-14707623,-10486718.41,ebitda=provider_ttm|fcf=provider_ttm_fcf_field,,0,,,,,,,,,,,,,,,,,,,,,,,,,,4,2026-06-30,false,ttm_revenue_unavailable,ebitda_ttm_from_provider|fcf_ttm_from_provider_fcf_field
AEF.AX,AEF,Australian Ethical Investment Limited,Financial Services,Asset Management,AU,,AUD,,,,,,,,,,,0,,,,,,,,,,,,,,,,,,,,,,,,,,0,,false,excluded_sector:Financial Services,
AEG.AX,AEG,Aland Equity Group Limited,Financial Services,Capital Markets,AU,,AUD,,,,,,,,,,,0,,,,,,,,,,,,,,,,,,,,,,,,,,0,,false,excluded_sector:Financial Services,
AEI.AX,AEI,Aeris Environmental Ltd,Industrials,Pollution & Treatment Controls,AU,AUD,AUD,0.044,246594551,10850160,7736299.239,,,,,,,0,,,,,,,,,,,,,,,,,,,,,,,,,,0,,false,below_min_market_cap:7736299,
AEL.AX,AEL,Amplitude Energy Limited,Energy,Oil & Gas E&P,AU,AUD,AUD,1.84,299880831,551780736,393426538.2,285830016,189923008,67935872,48439123.01,revenue=provider_ttm|ebitda=provider_ttm|fcf=provider_ttm_fcf_field,0.2376792786,1,0.1935100457,0.1192635597,0.3048797747,341140995.5,81082145.7,74509008.85,53125851.46,122481992.9,98049195,775010840.8,775010840.8,417859341.8,calculated,0.06854852689,0.1183836974,0.2078575287,,-0.01650098541,0.1710798813,,0.07728944792,89,102,,,4,2026-06-30,true,,revenue_ttm_from_provider|ebitda_ttm_from_provider|fcf_ttm_from_provider_fcf_field|preferred_stock_assumed_zero
AEM.AX,AEM,Advanced Engineered Materials Ltd,Basic Materials,Aluminum,AU,AUD,AUD,0.29,589503244,170955936,121893711.9,,,,,,,0,,,,,,,,,,,,,,,,,,,,,,,,,,2,2025-12-31,false,insufficient_annual_history:2,
AER.AX,AER,Aeeris Limited,Technology,Software - Application,AU,AUD,AUD,0.065,78398858,5095925,3633458.004,,,,,,,0,,,,,,,,,,,,,,,,,,,,,,,,,,0,,false,below_min_market_cap:3633458,
AEU.AX,AEU,Atomic Eagle Limited,Energy,Uranium,AU,AUD,AUD,0.45,393427745,177042480,126233493.6,,,,,,,0,,,,,,,,,,,,,,,,,,,,,,,,,,1,2025-12-31,false,insufficient_annual_history:1,
AEV.AX,AEV,Avenira Limited,Basic Materials,Other Industrial Metals & Mining,AU,AUD,AUD,0.006,5430089695,32580538,23230329.45,,,,,,,0,,,,,,,,,,,,,,,,,,,,,,,,,,0,,false,below_min_market_cap:23230329,
AFA.AX,AFA,ASF Group Limited,Financial Services,Capital Markets,AU,,AUD,,,,,,,,,,,0,,,,,,,,,,,,,,,,,,,,,,,,,,0,,false,excluded_sector:Financial Services,
AFG.AX,AFG,Australian Finance Group Limited,Financial Services,Mortgage Finance,AU,,AUD,,,,,,,,,,,0,,,,,,,,,,,,,,,,,,,,,,,,,,0,,false,excluded_sector:Financial Services,
AFL.AX,AFL,AF Legal Group Limited,Consumer Cyclical,Personal Services,AU,AUD,AUD,0.145,92735568,13446657,9587633.945,,,,,,,0,,,,,,,,,,,,,,,,,,,,,,,,,,0,,false,below_min_market_cap:9587634,
AFP.AX,AFP,AFT Pharmaceuticals Limited,Healthcare,Drug Manufacturers - Specialty & Generic,AU,AUD,NZD,3.43,104866260,359691264,256464351.9,254704992,24868000,-20963624,-12070258.71,revenue=provider_ttm|ebitda=provider_ttm|fcf=provider_ttm_fcf_field,-0.08230550896,1,0.192482021,0.1725427541,0.2223909214,303731123.6,-24998744.71,-22981184.36,,,,,,,,,,,,,,,,,,,,4,2026-03-31,false,expected_fcf_not_positive,reporting_currency_differs:NZD_vs_AUD|revenue_ttm_from_provider|ebitda_ttm_from_provider|fcf_ttm_from_provider_fcf_field
AGC.AX,AGC,Australian Gold and Copper Limited,Basic Materials,Gold,AU,AUD,AUD,0.135,331538379,44757680,31912783.38,,,,,,,0,,,,,,,,,,,,,,,,,,,,,,,,,,0,,false,below_min_market_cap:31912783,
AGD.AX,AGD,Austral Gold Limited,Basic Materials,Other Precious Metals & Mining,AU,AUD,USD,0.155,668103679,103556072,73836769.32,99163000,35230000,3748750,3748750,revenue=provider_ttm|ebitda=provider_ttm|fcf=provider_ttm_fcf_field,0.0378039188,1,0.1621643155,0.00969580357,0.3908670834,115243700,4356663.478,4052706.739,4052706.739,26571000,10531000,119572769.3,119572769.3,70646751.59,calculated,0.0338932247,-0.01415110114,0.4199762893,,-0.6588001057,0.7668245472,,0.05401222074,170,104,,,4,2025-12-31,true,,reporting_currency_differs:USD_vs_AUD|revenue_ttm_from_provider|ebitda_ttm_from_provider|fcf_ttm_from_provider_fcf_field|preferred_stock_assumed_zero
AGE.AX,AGE,Alligator Energy Limited,Energy,Uranium,AU,AUD,AUD,0.041,4833698116,198181632,141305972.3,,,,,,,0,,,,,,,,,,,,,,,,,,,,,,,,,,0,2024-06-30,false,insufficient_annual_history:0,stale_statements:807d
AGI.AX,AGI,Ainsworth Game Technology Limited,Consumer Cyclical,Gambling,AU,AUD,AUD,1.06,336793929,357001536,254546542.3,255167008,25467000,13195125,9408288.495,revenue=provider_ttm|ebitda=provider_ttm|fcf=provider_ttm_fcf_field,0.05171172051,1,0.1274459567,0.1141821116,0.1473417244,287687011.5,14876790.33,14035957.66,10007812.66,23145810.38,8327272.484,503709458.4,503709458.4,265964735.2,calculated,0.01986822461,0.08757794918,-0.6354708908,,-0.1657938896,-2.197444272,,-1.181619081,216,260,,,4,2025-12-31,true,,revenue_ttm_from_provider|ebitda_ttm_from_provider|fcf_ttm_from_provider_fcf_field|preferred_stock_assumed_zero
AGL.AX,AGL,AGL Energy Limited,Utilities,Utilities - Independent Power Producers,AU,AUD,AUD,8.38,672747233,5637622272,4019694907,1.393099981e+10,2156999936,-134875008,-96167560.83,revenue=provider_ttm|ebitda=provider_ttm|fcf=provider_ttm_fcf_field,-0.009681645959,1,-0.01127607966,-0.006751076897,-0.01806358382,1.377391274e+10,-133354146.7,-134114577.3,,,,,,,,,,,,,,,,,,,,4,2026-06-30,false,expected_fcf_not_positive,revenue_ttm_from_provider|ebitda_ttm_from_provider|fcf_ttm_from_provider_fcf_field
AGN.AX,AGN,Argenica Therapeutics Limited,Healthcare,Biotechnology,AU,AUD,AUD,0.175,128456712,22479924,16028465.84,,,,,,,0,,,,,,,,,,,,,,,,,,,,,,,,,,0,,false,below_min_market_cap:16028466,
AGR.AX,AGR,Aguia Resources Limited,Basic Materials,Other Industrial Metals & Mining,AU,AUD,AUD,0.014,2400020748,33600292,23957426.75,,,,,,,0,,,,,,,,,,,,,,,,,,,,,,,,,,0,,false,below_min_market_cap:23957427,
AGY.AX,AGY,Argosy Minerals Limited,Basic Materials,Other Industrial Metals & Mining,AU,AUD,AUD,0.031,1626794268,50430620,35957660.27,,,,,,,0,,,,,,,,,,,,,,,,,,,,,,,,,,0,,false,below_min_market_cap:35957660,
AHC.AX,AHC,Austco Healthcare Limited,Healthcare,Medical Instruments & Supplies,AU,AUD,AUD,0.27,374751281,101182856,72144636.75,94242000,12527000,1803875,1286185.346,revenue=provider_ttm|ebitda=provider_ttm|fcf=provider_ttm_fcf_field,0.01914088198,1,0.2487206685,0.3094057699,0.1576930164,117681933.2,2252535.996,2028205.498,1446135.785,2813547.155,11605703.76,63351767.13,63351767.13,63351761.43,calculated,0.02282707887,0.2611433834,0.4093511952,,0.6753506774,0.7369835132,,0.7061670953,205,39,,,4,2026-06-30,true,,revenue_ttm_from_provider|ebitda_ttm_from_provider|fcf_ttm_from_provider_fcf_field|preferred_stock_assumed_zero
AHE.AX,AHE,Adheris Health Limited,Healthcare,Health Information Services,AU,AUD,AUD,0.013,637981044,8293754,5913549.916,,,,,,,0,,,,,,,,,,,,,,,,,,,,,,,,,,0,,false,below_min_market_cap:5913550,
AHF.AX,AHF,Australian Dairy Nutritionals Limited,Consumer Defensive,Packaged Foods,AU,AUD,AUD,0.016,787431258,12598900,8983172.643,,,,,,,0,,,,,,,,,,,,,,,,,,,,,,,,,,0,,false,below_min_market_cap:8983173,
AHK.AX,AHK,Ark Mines Limited,Basic Materials,Gold,AU,AUD,AUD,0.32,72338268,23148246,16504987.75,,,,,,,0,,,,,,,,,,,,,,,,,,,,,,,,,,0,,false,below_min_market_cap:16504988,
AHL.AX,AHL,Adrad Holdings Limited,Industrials,Specialty Industrial Machinery,AU,AUD,AUD,1.505,81321356,122388648,87264630.61,156563120,13056611,13281128,9469609.706,revenue=provider_ttm|ebitda=provider_ttm|fcf=provider_ttm_fcf_field,0.08482922415,1,0.02627817661,0.03316797353,0.01594348123,160677313.3,13630131.83,13455629.91,9594031.744,30396343.5,17991097.51,191458117.8,191458117.8,100204626,calculated,0.05011034192,0.03635733291,-0.03140280121,,-0.4140227105,-0.5008930502,,-0.4574578804,122,205,,,4,2026-06-30,true,,revenue_ttm_from_provider|ebitda_ttm_from_provider|fcf_ttm_from_provider_fcf_field|preferred_stock_assumed_zero
AHN.AX,AHN,Athena Resources Limited,Basic Materials,Other Industrial Metals & Mining,AU,AUD,AUD,0.06,157048019,9422881,6718631.533,,,,,,,0,,,,,,,,,,,,,,,,,,,,,,,,,,0,,false,below_min_market_cap:6718632,
AI1.AX,AI1,Adisyn Ltd,Technology,Information Technology Services,AU,AUD,AUD,0.12,1177381234,141285744,100738495.5,4271113,-7287090,-2780435,-1982484.791,revenue=provider_ttm|ebitda=provider_ttm|fcf=provider_ttm_fcf_field,,0,,,,,,,,,,,,,,,,,,,,,,,,,,3,2025-06-30,false,ttm_ebitda_not_positive,annual_history_below_preferred:3|revenue_ttm_from_provider|ebitda_ttm_from_provider|fcf_ttm_from_provider_fcf_field
AIA.AX,AIA,Auckland International Airport Limited,Industrials,Airports & Air Services,AU,AUD,NZD,6.67,1699968803,1.133879194e+10,8084699896,995299968,709000000,-581675008,-334911932.7,revenue=provider_ttm|ebitda=provider_ttm|fcf=provider_ttm_fcf_field,-0.5844218092,1,0.1222100932,0.1775706438,0.03916926719,1116935670,-652761564.9,-617218286.5,,,,,,,,,,,,,,,,,,,,4,2026-06-30,false,expected_fcf_not_positive,reporting_currency_differs:NZD_vs_AUD|revenue_ttm_from_provider|ebitda_ttm_from_provider|fcf_ttm_from_provider_fcf_field
AIH.AX,AIH,Advanced Innergy Holdings Limited,Industrials,Specialty Industrial Machinery,AU,AUD,GBP,0.49,422320612,206937104,147548732.9,148699312,20198458,6100173,8218599.057,revenue=provider_ttm|ebitda=provider_ttm|fcf=provider_ttm_fcf_field,0.04102354556,1,0.3,0.5090515996,0.3215587681,193309105.6,7930224.9,7015198.95,9451388.916,,,171294922.6,,171294922.6,provider,0.05517611831,0.3831418056,0.3616517622,,1.266587697,0.6030176034,,0.93480265,109,29,,,3,2024-09-30,true,,reporting_currency_differs:GBP_vs_AUD|stale_statements:715d|annual_history_below_preferred:3|revenue_ttm_from_provider|ebitda_ttm_from_provider|fcf_ttm_from_provider_fcf_field|growth_clamped_high|total_debt_unavailable|cash_unavailable|ev_from_provider_fallback
AIM.AX,AIM,Ai-Media Technologies Limited,Communication Services,Entertainment,AU,AUD,AUD,0.23,210986965,48527000,34600355.5,,,,,,,0,,,,,,,,,,,,,,,,,,,,,,,,,,0,,false,below_min_market_cap:34600355,
AIS.AX,AIS,Aeris Resources Limited,Basic Materials,Other Industrial Metals & Mining,AU,AUD,AUD,0.46,1500722109,690332160,492215429.5,702769024,287593984,38969500,27785738.94,revenue=provider_ttm|ebitda=provider_ttm|fcf=provider_ttm_fcf_field,0.05545136264,1,0.06181280583,0.1819015424,-0.1183202991,746209149.2,41378314.14,40173907.07,28644496.18,43971478.22,17654901.45,712320235.9,712320235.9,283629670.1,calculated,0.04021294741,0.1495354094,-0.05754410002,,0.1344685518,-0.5743120127,,-0.2199217304,151,156,,,3,2025-06-30,true,,annual_history_below_preferred:3|revenue_ttm_from_provider|ebitda_ttm_from_provider|fcf_ttm_from_provider_fcf_field|preferred_stock_assumed_zero
AIV.AX,AIV,ActivEX Limited,Basic Materials,Other Industrial Metals & Mining,AU,AUD,AUD,0.025,312515461,7812886,5570685.042,,,,,,,0,,,,,,,,,,,,,,,,,,,,,,,,,,0,,false,below_min_market_cap:5570685,
AIZ.AX,AIZ,Air New Zealand Limited,Industrials,Airlines,AU,AUD,NZD,0.3,3233562033,970068672,691671047.2,7016000000,184000000,-375249984,-216058272.5,revenue=provider_ttm|ebitda=provider_ttm|fcf=provider_ttm_fcf_field,-0.0534848894,1,0.03639079062,0.03489262044,0.03863804589,7271317787,-388905627.6,-382077805.8,,,,,,,,,,,,,,,,,,,,4,2026-06-30,false,expected_fcf_not_positive,reporting_currency_differs:NZD_vs_AUD|revenue_ttm_from_provider|ebitda_ttm_from_provider|fcf_ttm_from_provider_fcf_field
AJL.AX,AJL,AJ Lucas Group Limited,Basic Materials,Coking Coal,AU,AUD,AUD,0.006,1375729630,8254378,5885474.338,,,,,,,0,,,,,,,,,,,,,,,,,,,,,,,,,,0,,false,below_min_market_cap:5885474,
AJX.AX,AJX,Alexium International Group Limited,Basic Materials,Specialty Chemicals,AU,AUD,USD,0.007,3127784951,21894496,15611048.39,,,,,,,0,,,,,,,,,,,,,,,,,,,,,,,,,,0,,false,below_min_market_cap:15611048,
AKA.AX,AKA,Aureka Limited,Basic Materials,Gold,AU,AUD,AUD,0.115,195610268,22495182,16039344.99,,,,,,,0,,,,,,,,,,,,,,,,,,,,,,,,,,0,,false,below_min_market_cap:16039345,
AKG.AX,AKG,Academies Australasia Group Limited,Consumer Defensive,Education & Training Services,AU,AUD,AUD,0.06,127614467,7656867,5459441.552,,,,,,,0,,,,,,,,,,,,,,,,,,,,,,,,,,0,,false,below_min_market_cap:5459442,
AKM.AX,AKM,Aspire Mining Limited,Basic Materials,Coking Coal,AU,AUD,USD,0.23,507636985,116756512,83248847.48,,,,,,,0,,,,,,,,,,,,,,,,,,,,,,,,,,0,2025-12-31,false,insufficient_annual_history:0,reporting_currency_differs:USD_vs_AUD
AKN.AX,AKN,AuKing Mining Limited,Basic Materials,Other Industrial Metals & Mining,AU,AUD,AUD,0.019,2375066986,45126268,32175591.22,,,,,,,0,,,,,,,,,,,,,,,,,,,,,,,,,,0,,false,below_min_market_cap:32175591,
AKO.AX,AKO,AKORA Resources Limited,Basic Materials,Other Industrial Metals & Mining,AU,AUD,AUD,0.083,217394941,18043780,12865439.91,,,,,,,0,,,,,,,,,,,,,,,,,,,,,,,,,,0,,false,below_min_market_cap:12865440,
AL3.AX,AL3,AML3D Limited,Industrials,Metal Fabrication,AU,AUD,AUD,0.14,567445783,79442408,56643426.51,12473338,-4943759,-6382406,-4550734.983,revenue=provider_ttm|ebitda=provider_ttm|fcf=provider_ttm_fcf_field,,0,,,,,,,,,,,,,,,,,,,,,,,,,,4,2026-06-30,false,ttm_ebitda_not_positive,revenue_ttm_from_provider|ebitda_ttm_from_provider|fcf_ttm_from_provider_fcf_field
ALA.AX,ALA,Arovella Therapeutics Limited,Healthcare,Biotechnology,AU,AUD,AUD,0.059,1208851853,71322256,50853656.98,3498111,-7598775,-4929771,-3514988.133,revenue=provider_ttm|ebitda=provider_ttm|fcf=provider_ttm_fcf_field,,0,,,,,,,,,,,,,,,,,,,,,,,,,,4,2026-06-30,false,ttm_ebitda_not_positive,revenue_ttm_from_provider|ebitda_ttm_from_provider|fcf_ttm_from_provider_fcf_field
ALB.AX,ALB,Albion Resources Limited,Basic Materials,Other Industrial Metals & Mining,AU,AUD,AUD,0.049,145183333,7113983,5072358.497,,,,,,,0,,,,,,,,,,,,,,,,,,,,,,,,,,0,,false,below_min_market_cap:5072358,
ALC.AX,ALC,Alcidion Group Limited,Healthcare,Health Information Services,AU,AUD,AUD,0.1,1349805153,134980528,96242797.9,51641000,5336000,7197375,5131818.032,revenue=provider_ttm|ebitda=provider_ttm|fcf=provider_ttm_fcf_field,0.1393732693,1,0.09183286228,0.06761882045,0.128153925,56383340.84,7858330.547,7527852.774,5367452.801,580392.1399,14718003.14,146895915.9,146895915.9,81659799.4,calculated,0.03653915611,0.04949940762,0.599596658,,-0.3503326977,1.271296081,,0.4604816919,164,56,,,4,2026-06-30,true,,revenue_ttm_from_provider|ebitda_ttm_from_provider|fcf_ttm_from_provider_fcf_field|preferred_stock_assumed_zero
ALD.AX,ALD,Ampol Limited,Energy,Oil & Gas Refining & Marketing,AU,AUD,AUD,42.21,238302099,1.005873152e+10,7172000874,3.647750144e+10,2807899904,-136337504,-97210338.69,revenue=provider_ttm|ebitda=provider_ttm|fcf=provider_ttm_fcf_field,-0.003737577921,1,-0.0467737687,-0.03967849155,-0.05741668442,3.477131123e+10,-129960485.1,-133148994.6,,,,,,,,,,,,,,,,,,,,4,2025-12-31,false,expected_fcf_not_positive,revenue_ttm_from_provider|ebitda_ttm_from_provider|fcf_ttm_from_provider_fcf_field
ALK.AX,ALK,Alkane Resources Ltd,Basic Materials,Gold,AU,AUD,AUD,1.83,,,,,,,,,,0,,,,,,,,,,,,,,,,,,,,,,,,,,0,,false,market_cap_unavailable,
ALL.AX,ALL,Aristocrat Leisure Limited,Consumer Cyclical,Gambling,AU,AUD,AUD,61.5,597035578,3.671768678e+10,2.618016807e+10,6290699776,2306700032,913612480,651417079,revenue=provider_ttm|ebitda=provider_ttm|fcf=provider_ttm_fcf_field,0.1452322496,1,0.006334202176,0.04150981724,-0.04642922043,6330546340,919399486.2,916505983.1,653480182.8,1447557890,913939367.2,3.138915187e+10,3.138915187e+10,2.733661267e+10,calculated,0.02081866326,0.04001291885,0.09316914991,,-0.3963067623,-0.1510273655,,-0.2736670639,214,167,,,4,2025-09-30,true,,revenue_ttm_from_provider|ebitda_ttm_from_provider|fcf_ttm_from_provider_fcf_field|preferred_stock_assumed_zero
ALM.AX,ALM,Alma Metals Limited,Basic Materials,Copper,AU,AUD,AUD,0.01,2634831389,26348314,18786676.1,,,,,,,0,,,,,,,,,,,,,,,,,,,,,,,,,,0,,false,below_min_market_cap:18786676,
ALQ.AX,ALQ,ALS Limited,Industrials,Consulting Services,AU,AUD,AUD,20.86,507542553,1.058733773e+10,7548903685,3320100096,707900032,324887488,231648826,revenue=provider_ttm|ebitda=provider_ttm|fcf=provider_ttm_fcf_field,0.09785472685,1,0.1229229244,0.1335906178,0.1069213843,3728216509,364823608.1,344855548.1,245886301.6,1120784281,106737964.8,8566657666,8566657666,8566657438,calculated,0.02870271128,0.1323833892,0.1464486373,,0.05134526965,-0.001389632574,,0.02497781854,184,106,,,4,2026-03-31,true,,revenue_ttm_from_provider|ebitda_ttm_from_provider|fcf_ttm_from_provider_fcf_field|preferred_stock_assumed_zero
ALR.AX,ALR,Altair Minerals Limited,Basic Materials,Other Industrial Metals & Mining,AU,AUD,AUD,0.047,6628932966,311559840,222146047,,,,,,,0,,,,,,,,,,,,,,,,,,,,,,,,,,0,2025-06-30,false,insufficient_annual_history:0,
ALU.AX,ALU,Alurion Resources Limited,Basic Materials,Other Industrial Metals & Mining,AU,AUD,,0.535,,,,,,,,,,0,,,,,,,,,,,,,,,,,,,,,,,,,,0,,false,market_cap_unavailable,
ALV.AX,ALV,Alvo Minerals Limited,Basic Materials,Other Precious Metals & Mining,AU,AUD,AUD,0.02,286985843,5739717,4092489.72,,,,,,,0,,,,,,,,,,,,,,,,,,,,,,,,,,0,,false,below_min_market_cap:4092490,
ALX.AX,ALX,Atlas Arteria Limited,Industrials,Infrastructure Operations,AU,AUD,AUD,4.38,1453493469,6366301696,4539252414,156800000,30100000,169175008,120623888.1,revenue=provider_ttm|ebitda=provider_ttm|fcf=provider_ttm_fcf_field,1.078922245,1,0.1033130137,0.1082803102,0.09586206897,172999480.5,186652987.9,177913998,126854896.8,1239500855,195650618.2,7505669439,7505669439,5534688078,calculated,0.01690121019,0.09989816333,-0.0265524888,,-0.1060868331,-0.4872707391,,-0.2966787861,229,171,,,4,2025-12-31,true,,revenue_ttm_from_provider|ebitda_ttm_from_provider|fcf_ttm_from_provider_fcf_field|preferred_stock_assumed_zero
ALY.AX,ALY,Alchemy Resources Limited,Basic Materials,Gold,AU,AUD,AUD,0.008,1188076256,9504611,6776906.041,,,,,,,0,,,,,,,,,,,,,,,,,,,,,,,,,,0,,false,below_min_market_cap:6776906,
AM3.AX,AM3,Amara Minerals Limited,Basic Materials,Gold,AU,AUD,AUD,0.0045,3113927270,14012672,9991209.69,,,,,,,0,,,,,,,,,,,,,,,,,,,,,,,,,,0,,false,below_min_market_cap:9991210,
AM5.AX,AM5,Antares Metals Limited,Basic Materials,Other Industrial Metals & Mining,AU,AUD,AUD,0.005,856102899,4280514,3052059.804,,,,,,,0,,,,,,,,,,,,,,,,,,,,,,,,,,0,,false,below_min_market_cap:3052060,
AM7.AX,AM7,Arcadia Minerals Limited,Basic Materials,Other Industrial Metals & Mining,AU,AUD,AUD,0.05,132383433,6619171,4719551.377,,,,,,,0,,,,,,,,,,,,,,,,,,,,,,,,,,0,,false,below_min_market_cap:4719551,
AMA.AX,AMA,AMA Group Limited,Consumer Cyclical,Auto & Truck Dealerships,AU,AUD,AUD,0.53,482024735,255473104,182155505.6,1039067008,76168000,50823624,36237877.02,revenue=provider_ttm|ebitda=provider_ttm|fcf=provider_ttm_fcf_field,0.04891274923,1,0.04762056693,0.06216305068,0.02580684129,1088547968,53243873.79,52033748.89,37100711.14,304570401.1,29671300.38,464605408.2,464605408.2,463258864.2,calculated,0.07985423865,0.06669864115,0.6185745654,,-0.2669806068,1.324596351,,0.5288078721,65,51,,,4,2026-06-30,true,,revenue_ttm_from_provider|ebitda_ttm_from_provider|fcf_ttm_from_provider_fcf_field|preferred_stock_assumed_zero
AMC.AX,AMC,Amcor plc,Consumer Cyclical,Packaging & Containers,AU,AUD,USD,59.37,462345690,2.744946278e+10,1.95718089e+10,2.3506e+10,3437000000,1229000000,1229000000,revenue=quarterly_sum|ebitda=quarterly_sum|fcf=quarterly_sum,0.05312607126,4,0.3,0.1695341263,0.5661269905,3.05578e+10,1623415860,1426207930,1426207930,1.4864e+10,1115000000,3.33318089e+10,3.33318089e+10,2.956271924e+10,calculated,0.04278819474,0.1663749645,0.1676323241,0.005528541526,0.2160775446,0.05810566328,-0.449301422,-0.05837273804,141,118,,,4,2026-06-30,true,,reporting_currency_differs:USD_vs_AUD|growth_clamped_high|preferred_stock_assumed_zero
AMD.AX,AMD,Arrow Minerals Limited,Basic Materials,Other Industrial Metals & Mining,AU,AUD,AUD,0.016,1698205533,27171290,19373468.24,,,,,,,0,,,,,,,,,,,,,,,,,,,,,,,,,,0,,false,below_min_market_cap:19373468,
AMI.AX,AMI,Aurelia Metals Limited,Basic Materials,Other Industrial Metals & Mining,AU,AUD,AUD,0.42,1720484176,722603328,515225174.3,480240992,185720000,-6931375,-4942156.718,revenue=provider_ttm|ebitda=provider_ttm|fcf=provider_ttm_fcf_field,-0.0144331182,1,-0.15,-0.1596431405,-0.1606464754,408204843.2,-5891668.75,-6411521.875,,,,,,,,,,,,,,,,,,,,3,2024-06-30,false,expected_fcf_not_positive,stale_statements:807d|annual_history_below_preferred:3|revenue_ttm_from_provider|ebitda_ttm_from_provider|fcf_ttm_from_provider_fcf_field|growth_clamped_low
AMK.AX,AMK,Almasar Minerals Limited,Basic Materials,Gold,AU,AUD,AUD,0.21,135000001,28350000,20213903.15,,,,,,,0,,,,,,,,,,,,,,,,,,,,,,,,,,0,,false,below_min_market_cap:20213903,
AMN.AX,AMN,Agrimin Limited,Basic Materials,Other Industrial Metals & Mining,AU,AUD,AUD,0.054,384929442,20786190,14820812.4,,,,,,,0,,,,,,,,,,,,,,,,,,,,,,,,,,0,,false,below_min_market_cap:14820812,
AMO.AX,AMO,Ambertech Limited,Technology,Electronics & Computer Distribution,AU,AUD,AUD,0.069,95404783,6582930,4693711.093,,,,,,,0,,,,,,,,,,,,,,,,,,,,,,,,,,0,,false,below_min_market_cap:4693711,
AMP.AX,AMP,AMP Limited,Financial Services,Financial Conglomerates,AU,,AUD,,,,,,,,,,,0,,,,,,,,,,,,,,,,,,,,,,,,,,0,,false,excluded_sector:Financial Services,
AMS.AX,AMS,Atomos Limited,Technology,Consumer Electronics,AU,AUD,AUD,0.015,1489164944,22337474,15926897.22,,,,,,,0,,,,,,,,,,,,,,,,,,,,,,,,,,0,,false,below_min_market_cap:15926897,
AMU.AX,AMU,American Uranium Limited,Energy,Uranium,AU,AUD,AUD,0.068,130268297,8858245,6316039.031,,,,,,,0,,,,,,,,,,,,,,,,,,,,,,,,,,0,,false,below_min_market_cap:6316039,
AMX.AX,AMX,Aerometrex Limited,Technology,Software - Application,AU,AUD,AUD,0.25,94990639,23747660,16932377.4,,,,,,,0,,,,,,,,,,,,,,,,,,,,,,,,,,0,,false,below_min_market_cap:16932377,
AN1.AX,AN1,Anagenics Limited,Consumer Defensive,Household & Personal Products,AU,AUD,AUD,0.006,985450795,5912705,4215832.319,,,,,,,0,,,,,,,,,,,,,,,,,,,,,,,,,,0,,false,below_min_market_cap:4215832,
ANG.AX,ANG,Austin Engineering Limited,Industrials,Farm & Heavy Construction Machinery,AU,AUD,AUD,0.165,623110874,102813296,73307160.78,328959008,15315000,24490250,17461853.32,revenue=provider_ttm|ebitda=provider_ttm|fcf=provider_ttm_fcf_field,0.07444772572,1,0.0007303130139,0.08594277888,-0.1270883858,329199251,24508135.55,24499192.77,17468229.63,27098038.42,12173261.68,183521774.3,183521774.3,88231937.53,calculated,0.09518341732,0.08839822643,-0.02802867661,,-0.1618186064,-0.4914166761,,-0.3266176413,45,176,24.69700315,0.0203949619,4,2026-06-30,true,,revenue_ttm_from_provider|ebitda_ttm_from_provider|fcf_ttm_from_provider_fcf_field|preferred_stock_assumed_zero
ANN.AX,ANN,Ansell Limited,Healthcare,Medical Instruments & Supplies,AU,AUD,USD,41.5,140758914,5841495040,4165058730,2140199936,372800000,207050000,207050000,revenue=provider_ttm|ebitda=provider_ttm|fcf=provider_ttm_fcf_field,0.09674329791,1,0.08100901717,0.08945686626,0.06833724355,2313575429,223822917,215436458.5,215436458.5,756600000,249500000,4703058730,4703058730,4506670596,calculated,0.04580773298,0.09918170911,0.1511611541,,-0.1095589621,0.01184567363,,-0.04885664423,133,117,,,4,2026-06-30,true,,reporting_currency_differs:USD_vs_AUD|revenue_ttm_from_provider|ebitda_ttm_from_provider|fcf_ttm_from_provider_fcf_field|preferred_stock_assumed_zero
ANO.AX,ANO,Advance ZincTek Limited,Basic Materials,Chemicals,AU,AUD,AUD,0.7,52028000,36419600,25967628.48,,,,,,,0,,,,,,,,,,,,,,,,,,,,,,,,,,0,,false,below_min_market_cap:25967628,
ANR.AX,ANR,Anatara Lifesciences Ltd,Healthcare,Biotechnology,AU,AUD,AUD,0.009,316310405,2846793,2029798.871,,,,,,,0,,,,,,,,,,,,,,,,,,,,,,,,,,0,,false,below_min_market_cap:2029799,
ANX.AX,ANX,Anax Metals Limited,Basic Materials,Other Industrial Metals & Mining,AU,AUD,AUD,0.034,1743585308,59281904,42268736.02,,,,,,,0,,,,,,,,,,,,,,,,,,,,,,,,,,0,,false,below_min_market_cap:42268736,
ANZ.AX,ANZ,ANZ Group Holdings Limited,Financial Services,Banks - Diversified,AU,,AUD,,,,,,,,,,,0,,,,,,,,,,,,,,,,,,,,,,,,,,0,,false,excluded_sector:Financial Services,
AOA.AX,AOA,Ausmon Resources Limited,Basic Materials,Other Industrial Metals & Mining,AU,AUD,AUD,0.001,1426513424,1426513,1017121.539,,,,,,,0,,,,,,,,,,,,,,,,,,,,,,,,,,0,,false,below_min_market_cap:1017122,
AOK.AX,AOK,Australian Oil Company Limited,Energy,Oil & Gas E&P,AU,AUD,AUD,0.003,2327610801,6982832,4978846.2,,,,,,,0,,,,,,,,,,,,,,,,,,,,,,,,,,0,,false,below_min_market_cap:4978846,
AON.AX,AON,Apollo Minerals Limited,Basic Materials,Other Industrial Metals & Mining,AU,AUD,AUD,0.07,1259952824,88196696,62885342.9,,,,,,,0,,,,,,,,,,,,,,,,,,,,,,,,,,0,2025-06-30,false,insufficient_annual_history:0,
AOV.AX,AOV,Amotiv Limited,Consumer Cyclical,Auto Parts,AU,AUD,AUD,5.97,133849962,799084224,569757005.8,1023900032,206900000,95475000,68074864.32,revenue=provider_ttm|ebitda=provider_ttm|fcf=provider_ttm_fcf_field,0.09324640787,1,0.008109604992,-0.004196711419,0.02656907961,1032203457,96249264.54,95862132.27,68350894.45,385811040.4,34795007.9,1431860367,1431860367,920773106.8,calculated,0.0477357262,-0.00284512631,-0.1784479688,,-0.6040083245,-0.9138757304,,-0.7589420274,126,239,,,4,2026-06-30,true,,revenue_ttm_from_provider|ebitda_ttm_from_provider|fcf_ttm_from_provider_fcf_field|preferred_stock_assumed_zero
APA.AX,APA,APA Group,Utilities,Utilities - Regulated Gas,AU,AUD,AUD,10.81,1323751413,1.430975386e+10,1.020303275e+10,3003000064,2062000000,135750000,96791441.02,revenue=provider_ttm|ebitda=provider_ttm|fcf=provider_ttm_fcf_field,0.04520479424,1,-0.008792411477,0.02012494588,-0.05216844752,2976596452,134556430.1,135153215.1,96365925.93,1.00912653e+10,1166488379,1.95812856e+10,1.95812856e+10,1.914563362e+10,calculated,0.004921327838,0.02243765018,0.0275384799,,-0.4814812201,-0.3353539261,,-0.4084175731,263,190,,,4,2026-06-30,true,,revenue_ttm_from_provider|ebitda_ttm_from_provider|fcf_ttm_from_provider_fcf_field|preferred_stock_assumed_zero
APC.AX,APC,APC Minerals Limited,Basic Materials,Other Industrial Metals & Mining,AU,AUD,AUD,0.009,734125882,6607132,4710967.42,,,,,,,0,,,,,,,,,,,,,,,,,,,,,,,,,,0,,false,below_min_market_cap:4710967,
APE.AX,APE,Eagers Automotive Limited,Consumer Cyclical,Auto & Truck Dealerships,AU,AUD,AUD,19.78,282311838,5584128512,3981553190,1.460504166e+10,710390016,98315376,70100087.79,revenue=provider_ttm|ebitda=provider_ttm|fcf=provider_ttm_fcf_field,0.006731605309,1,0.157126046,0.1516098937,0.1654002745,1.689987411e+10,113763282.3,106039329.1,75607362.6,2178863394,325634215.1,5924199123,5924199123,7759765175,calculated,0.0127624614,0.139360902,0.04384528431,,0.08516016467,-0.2895555643,,-0.1021976998,237,127,,,4,2025-12-31,true,,revenue_ttm_from_provider|ebitda_ttm_from_provider|fcf_ttm_from_provider_fcf_field|preferred_stock_assumed_zero
APL.AX,APL,Associate Global Partners Limited,Financial Services,Asset Management,AU,,AUD,,,,,,,,,,,0,,,,,,,,,,,,,,,,,,,,,,,,,,0,,false,excluded_sector:Financial Services,
APX.AX,APX,Appen Limited,Technology,Information Technology Services,AU,AUD,USD,1.035,268523648,277921952,198161813.8,250376992,-1819000,-5408250,-5408250,revenue=provider_ttm|ebitda=provider_ttm|fcf=provider_ttm_fcf_field,,0,,,,,,,,,,,,,,,,,,,,,,,,,,4,2025-12-31,false,ttm_ebitda_not_positive,reporting_currency_differs:USD_vs_AUD|revenue_ttm_from_provider|ebitda_ttm_from_provider|fcf_ttm_from_provider_fcf_field
APZ.AX,APZ,Aspen Group,Real Estate,Real Estate - Diversified,AU,AUD,AUD,4.65,229234220,1065939136,760027882.3,141210000,49273000,-3291875,-2347147.882,revenue=provider_ttm|ebitda=provider_ttm|fcf=provider_ttm_fcf_field,-0.02331191134,1,0.3,0.4071128379,0.3876469513,183573000,-4279437.5,-3785656.25,,,,,,,,,,,,,,,,,,,,3,2024-06-30,false,expected_fcf_not_positive,stale_statements:807d|annual_history_below_preferred:3|revenue_ttm_from_provider|ebitda_ttm_from_provider|fcf_ttm_from_provider_fcf_field|growth_clamped_high
AQC.AX,AQC,Australian Pacific Coal Limited,Energy,Thermal Coal,AU,AUD,AUD,0.006,700467591,4202805,2996652.319,,,,,,,0,,,,,,,,,,,,,,,,,,,,,,,,,,0,,false,below_min_market_cap:2996652,
AQD.AX,AQD,AusQuest Limited,Basic Materials,Other Industrial Metals & Mining,AU,AUD,AUD,0.041,1642203992,67330368,48007391.11,,,,,,,0,,,,,,,,,,,,,,,,,,,,,,,,,,0,,false,below_min_market_cap:48007391,
AQN.AX,AQN,Aquirian Limited,Industrials,Rental & Leasing Services,AU,AUD,AUD,0.4,125928422,50371372,35915415.71,,,,,,,0,,,,,,,,,,,,,,,,,,,,,,,,,,0,,false,below_min_market_cap:35915416,
AQX.AX,AQX,Alice Queen Limited,Basic Materials,Other Industrial Metals & Mining,AU,AUD,AUD,0.007,2320585240,16244097,11582243.51,,,,,,,0,,,,,,,,,,,,,,,,,,,,,,,,,,0,,false,below_min_market_cap:11582244,
AQZ.AX,AQZ,Alliance Aviation Services Limited,Industrials,Airports & Air Services,AU,AUD,AUD,0.565,206115941,116455504,83034225.03,707412992,154278000,268903264,191731376.9,revenue=provider_ttm|ebitda=provider_ttm|fcf=provider_ttm_fcf_field,0.380122032,1,0.02975170471,0.1089522703,-0.08904914361,728459734.4,276903594.5,272903429.3,194583544.6,363962199.7,20810694.58,692212103.8,692212103.8,408035193.8,calculated,0.2811039326,0.1043796727,-0.2412361523,,-0.08436823886,-1.090219045,,-0.5872936422,3,223,,,4,2026-06-30,true,,revenue_ttm_from_provider|ebitda_ttm_from_provider|fcf_ttm_from_provider_fcf_field|preferred_stock_assumed_zero
AR1.AX,AR1,Austral Resources Australia Ltd,Basic Materials,Copper,AU,AUD,AUD,0.07,2654856580,185839968,132506212.2,8508000,24710000,23167750,16518894.35,revenue=provider_ttm|ebitda=provider_ttm|fcf=provider_ttm_fcf_field,2.723054772,1,0.07845991966,0.3011993704,-0.2556492564,9175536.996,24985489.8,24076619.9,17166929.91,16199643.02,13763992.47,160832058,160832058,72982403.57,calculated,0.1067382344,0.26708337,0.2895060664,,0.7041374425,0.4003933123,,0.5522653774,35,49,27.5349458,0.02273855525,4,2025-12-31,true,,revenue_ttm_from_provider|ebitda_ttm_from_provider|fcf_ttm_from_provider_fcf_field|preferred_stock_assumed_zero
AR3.AX,AR3,Australian Rare Earths Limited,Basic Materials,Other Industrial Metals & Mining,AU,AUD,AUD,0.115,256879776,29541174,21063225.05,,,,,,,0,,,,,,,,,,,,,,,,,,,,,,,,,,0,,false,below_min_market_cap:21063225,
AR9.AX,AR9,archTIS Limited,Technology,Software - Infrastructure,AU,AUD,AUD,0.061,492441942,30038960,21418152.67,,,,,,,0,,,,,,,,,,,,,,,,,,,,,,,,,,0,,false,below_min_market_cap:21418153,
ARA.AX,ARA,Ariadne Australia Limited,Financial Services,Asset Management,AU,,AUD,,,,,,,,,,,0,,,,,,,,,,,,,,,,,,,,,,,,,,0,,false,excluded_sector:Financial Services,
ARB.AX,ARB,ARB Corporation Limited,Consumer Cyclical,Auto Parts,AU,AUD,AUD,18.26,83660077,1527633024,1089221376,706619008,139768992,64307376,45851960.16,revenue=provider_ttm|ebitda=provider_ttm|fcf=provider_ttm_fcf_field,0.09100714143,1,-0.006274446201,0.01505487431,-0.03826842697,702185365,63903882.83,64105629.41,45708112.33,35351870.63,34149731.62,1619398900,1619398900,1090403539,calculated,0.02822535715,0.01846973814,0.01962207652,,-0.5007107843,-0.3575874856,,-0.4291491349,187,197,,,4,2026-06-30,true,,revenue_ttm_from_provider|ebitda_ttm_from_provider|fcf_ttm_from_provider_fcf_field|preferred_stock_assumed_zero
ARC.AX,ARC,ARC Funds Limited,Financial Services,Asset Management,AU,,AUD,,,,,,,,,,,0,,,,,,,,,,,,,,,,,,,,,,,,,,0,,false,excluded_sector:Financial Services,
ARD.AX,ARD,Argent Minerals Limited,Basic Materials,Other Precious Metals & Mining,AU,AUD,AUD,0.023,1702573194,39159184,27920985.99,,,,,,,0,,,,,,,,,,,,,,,,,,,,,,,,,,0,,false,below_min_market_cap:27920986,
ARI.AX,ARI,Arika Resources Limited,Basic Materials,Gold,AU,AUD,AUD,0.033,1541544830,50870980,36271642.43,,,,,,,0,,,,,,,,,,,,,,,,,,,,,,,,,,0,,false,below_min_market_cap:36271642,
ARL.AX,ARL,Ardea Resources Limited,Basic Materials,Other Industrial Metals & Mining,AU,AUD,AUD,0.425,219714106,93378504,66580036.56,,,,,,,0,,,,,,,,,,,,,,,,,,,,,,,,,,0,2025-06-30,false,insufficient_annual_history:0,
ARN.AX,ARN,Aldoro Resources Limited,Basic Materials,Other Industrial Metals & Mining,AU,AUD,AUD,0.24,237552715,57012652,40650731.08,,,,,,,0,,,,,,,,,,,,,,,,,,,,,,,,,,0,,false,below_min_market_cap:40650731,
ARO.AX,ARO,Altoro Metals Limited,Basic Materials,Other Industrial Metals & Mining,AU,AUD,AUD,0.004,2514806384,10059226,7172353.445,,,,,,,0,,,,,,,,,,,,,,,,,,,,,,,,,,0,,false,below_min_market_cap:7172353,
ARR.AX,ARR,American Rare Earths Limited,Basic Materials,Other Industrial Metals & Mining,AU,AUD,AUD,0.345,582607799,200999696,143315287.1,,,,,,,0,,,,,,,,,,,,,,,,,,,,,,,,,,0,2025-06-30,false,insufficient_annual_history:0,
ART.AX,ART,Airtasker Limited,Communication Services,Internet Content & Information,AU,AUD,AUD,0.205,489492507,100345968,71547925.18,57831000,-38890000,-13609000,-9703386.526,revenue=provider_ttm|ebitda=provider_ttm|fcf=provider_ttm_fcf_field,,0,,,,,,,,,,,,,,,,,,,,,,,,,,3,2025-06-30,false,ttm_ebitda_not_positive,annual_history_below_preferred:3|revenue_ttm_from_provider|ebitda_ttm_from_provider|fcf_ttm_from_provider_fcf_field
ARU.AX,ARU,Arafura Rare Earths Limited,Basic Materials,Other Industrial Metals & Mining,AU,AUD,AUD,0.17,6072493037,1032323840,736059757.5,,,,,,,0,,,,,,,,,,,,,,,,,,,,,,,,,,0,2026-06-30,false,insufficient_annual_history:0,
ARV.AX,ARV,Artemis Resources Limited,Basic Materials,Other Industrial Metals & Mining,AU,AUD,AUD,0.003,5802065022,17406194,12410833.15,,,,,,,0,,,,,,,,,,,,,,,,,,,,,,,,,,0,,false,below_min_market_cap:12410833,
ARX.AX,ARX,Aroa Biosurgery Limited,Healthcare,Medical Devices,AU,AUD,NZD,0.56,350662504,196370992,140014963.5,103854000,8837000,6573375,3784762.445,revenue=provider_ttm|ebitda=provider_ttm|fcf=provider_ttm_fcf_field,0.06329438442,1,0.1307618714,0.1344966629,0.1251596841,117434143.4,7432921.816,7003148.408,4032213.755,3061307.148,10112012.21,180659865.5,180659865.5,123142008.5,calculated,0.02231936653,0.1334445041,0.5365016924,,0.05648771648,1.094091156,,0.5752894361,207,46,,,4,2026-03-31,true,,reporting_currency_differs:NZD_vs_AUD|revenue_ttm_from_provider|ebitda_ttm_from_provider|fcf_ttm_from_provider_fcf_field|preferred_stock_assumed_zero
AS1.AX,AS1,Asara Resources Limited,Basic Materials,Gold,AU,AUD,AUD,0.1275,2088351479,266264816,189850130.6,,,,,,,0,,,,,,,,,,,,,,,,,,,,,,,,,,0,2024-06-30,false,insufficient_annual_history:0,stale_statements:807d
AS2.AX,AS2,Askari Metals Limited,Basic Materials,Other Precious Metals & Mining,AU,AUD,AUD,0.008,865845415,6926764,4938869.018,,,,,,,0,,,,,,,,,,,,,,,,,,,,,,,,,,0,,false,below_min_market_cap:4938869,
ASB.AX,ASB,Austal Limited,Industrials,Aerospace & Defense,AU,AUD,AUD,4.17,422074212,1760049536,1254937244,2028961024,-91874000,-241110624,-171914878.4,revenue=provider_ttm|ebitda=provider_ttm|fcf=provider_ttm_fcf_field,,0,,,,,,,,,,,,,,,,,,,,,,,,,,4,2026-06-30,false,ttm_ebitda_not_positive,revenue_ttm_from_provider|ebitda_ttm_from_provider|fcf_ttm_from_provider_fcf_field
ASG.AX,ASG,Autosports Group Limited,Consumer Cyclical,Auto & Truck Dealerships,AU,AUD,AUD,1.325,213422704,282785088,201629290.4,3186456064,190076000,-188440752,-134360603.6,revenue=provider_ttm|ebitda=provider_ttm|fcf=provider_ttm_fcf_field,-0.05913803555,1,0.1061702005,0.1034134715,0.110305294,3524762743,-208447544.4,-198444148.2,,,,,,,,,,,,,,,,,,,,4,2026-06-30,false,expected_fcf_not_positive,revenue_ttm_from_provider|ebitda_ttm_from_provider|fcf_ttm_from_provider_fcf_field
ASH.AX,ASH,Ashley Services Group Limited,Industrials,Staffing & Employment Services,AU,AUD,AUD,0.295,148575904,43829888,31251256.13,,,,,,,0,,,,,,,,,,,,,,,,,,,,,,,,,,0,,false,below_min_market_cap:31251256,
ASL.AX,ASL,Andean Silver Limited,Basic Materials,Gold,AU,AUD,AUD,2.07,230477050,477087488,340169322,,,,,,,0,,,,,,,,,,,,,,,,,,,,,,,,,,0,2024-06-30,false,insufficient_annual_history:0,stale_statements:807d
ASN.AX,ASN,Anson Resources Limited,Basic Materials,Other Industrial Metals & Mining,AU,AUD,AUD,0.045,1623621345,73062968,52094806.32,,,,,,,0,,,,,,,,,,,,,,,,,,,,,,,,,,0,2025-06-30,false,insufficient_annual_history:0,
ASP.AX,ASP,Aspermont Limited,Communication Services,Publishing,AU,AUD,AUD,1.27,11756686,14930991,10645982.58,,,,,,,0,,,,,,,,,,,,,,,,,,,,,,,,,,0,,false,below_min_market_cap:10645983,
ASQ.AX,ASQ,Australian Silica Quartz Group Ltd.,Basic Materials,Other Industrial Metals & Mining,AU,AUD,AUD,0.017,419360377,7129127,5083156.358,,,,,,,0,,,,,,,,,,,,,,,,,,,,,,,,,,0,,false,below_min_market_cap:5083156,
ASV.AX,ASV,Asset Vision Co Limited,Technology,Information Technology Services,AU,AUD,AUD,0.045,751111565,33800020,24099835.3,,,,,,,0,,,,,,,,,,,,,,,,,,,,,,,,,,0,,false,below_min_market_cap:24099835,
ASX.AX,ASX,ASX Limited,Financial Services,Financial Data & Stock Exchanges,AU,,AUD,,,,,,,,,,,0,,,,,,,,,,,,,,,,,,,,,,,,,,0,,false,excluded_sector:Financial Services,
AT1.AX,AT1,Atomo Diagnostics Limited,Healthcare,Medical Devices,AU,AUD,AUD,0.017,,,,,,,,,,0,,,,,,,,,,,,,,,,,,,,,,,,,,0,,false,market_cap_unavailable,
AT4.AX,AT4,American Tungsten and Antimony Ltd,Basic Materials,Other Industrial Metals & Mining,AU,AUD,AUD,0.053,1823664739,96654232,68915671.43,,,,,,,0,,,,,,,,,,,,,,,,,,,,,,,,,,0,2025-06-30,false,insufficient_annual_history:0,
ATA.AX,ATA,Atturra Limited,Technology,Information Technology Services,AU,AUD,AUD,0.4,368090382,147236144,104981204.8,351808992,14885000,8102250,5777005.179,revenue=provider_ttm|ebitda=provider_ttm|fcf=provider_ttm_fcf_field,0.02303025273,1,0.2843770927,0.3058797457,0.2521231131,451855410.3,10406344.3,9254297.149,6598429.147,25978608.87,65294828.75,228298135.2,228298135.2,92530883.57,calculated,0.02890268526,0.2681010122,0.1979412325,,0.7090692091,0.1432295365,,0.4261493728,183,62,,,4,2025-06-30,true,,revenue_ttm_from_provider|ebitda_ttm_from_provider|fcf_ttm_from_provider_fcf_field|preferred_stock_assumed_zero
ATC.AX,ATC,Altech Batteries Limited,Basic Materials,Specialty Chemicals,AU,AUD,AUD,0.0015,2669056318,4003584,2854605.264,,,,,,,0,,,,,,,,,,,,,,,,,,,,,,,,,,0,,false,below_min_market_cap:2854605,
ATG.AX,ATG,Articore Group Limited,Consumer Cyclical,Internet Retail,AU,AUD,AUD,0.4,306483269,122593304,87410552.88,408550016,10328000,11816250,8425133.444,revenue=provider_ttm|ebitda=provider_ttm|fcf=provider_ttm_fcf_field,0.02892240739,1,-0.08572861069,-0.09714309215,-0.0686068885,373525590.7,10803259.3,11309754.65,8063995.951,3075935.739,28847770.99,100277575.7,100277575.7,57165591.2,calculated,0.08041674219,-0.104270656,0.9981399843,,-1.095543598,2.390622162,,0.6475392816,63,44,,,4,2026-06-30,true,,revenue_ttm_from_provider|ebitda_ttm_from_provider|fcf_ttm_from_provider_fcf_field|preferred_stock_assumed_zero
ATH.AX,ATH,Alterity Therapeutics Limited,Healthcare,Biotechnology,AU,AUD,AUD,0.425,218500420,92862680,66212247.62,3610016,-25090684,-14740514,-10510170.1,revenue=provider_ttm|ebitda=provider_ttm|fcf=provider_ttm_fcf_field,,0,,,,,,,,,,,,,,,,,,,,,,,,,,4,2026-06-30,false,ttm_ebitda_not_positive,revenue_ttm_from_provider|ebitda_ttm_from_provider|fcf_ttm_from_provider_fcf_field
ATM.AX,ATM,PT Antam (Persero) Tbk,Basic Materials,Gold,AU,AUD,IDR,0.98,4806152945,4710029824,3358309937,,,,,,,0,,,,,,,,,,,,,,,,,,,,,,,,,,4,2025-12-31,false,fx_rate_unavailable:IDR,reporting_currency_differs:IDR_vs_AUD
ATP.AX,ATP,Atlas Pearls Limited,Consumer Cyclical,Luxury Goods,AU,AUD,AUD,0.079,439042581,34684368,24730386.44,,,,,,,0,,,,,,,,,,,,,,,,,,,,,,,,,,0,,false,below_min_market_cap:24730386,
ATR.AX,ATR,Astron Corporation Limited,Basic Materials,Other Industrial Metals & Mining,AU,AUD,AUD,0.49,429946395,210673744,150213003.8,13318632,-10702987,-9428271,-6722474.67,revenue=provider_ttm|ebitda=provider_ttm|fcf=provider_ttm_fcf_field,,0,,,,,,,,,,,,,,,,,,,,,,,,,,4,2025-06-30,false,ttm_ebitda_not_positive,revenue_ttm_from_provider|ebitda_ttm_from_provider|fcf_ttm_from_provider_fcf_field
ATS.AX,ATS,Australis Oil & Gas Limited,Energy,Oil & Gas E&P,AU,AUD,USD,0.031,1396673332,43296872,30871209.08,,,,,,,0,,,,,,,,,,,,,,,,,,,,,,,,,,0,,false,below_min_market_cap:30871209,
ATT.AX,ATT,Altitude Minerals Ltd,Basic Materials,Other Precious Metals & Mining,AU,AUD,AUD,0.008,446117078,3568936,2544695.826,,,,,,,0,,,,,,,,,,,,,,,,,,,,,,,,,,0,,false,below_min_market_cap:2544696,
ATV.AX,ATV,ActivePort Group Ltd,Technology,Information Technology Services,AU,AUD,AUD,0.012,1310881525,15730579,11216098.78,,,,,,,0,,,,,,,,,,,,,,,,,,,,,,,,,,0,,false,below_min_market_cap:11216099,
ATX.AX,ATX,Amplia Therapeutics Limited,Healthcare,Biotechnology,AU,AUD,AUD,0.12,513312014,61597440,43919742.03,,,,,,,0,,,,,,,,,,,,,,,,,,,,,,,,,,0,,false,below_min_market_cap:43919742,
AU1.AX,AU1,The Agency Group Australia Limited,Real Estate,Real Estate Services,AU,AUD,AUD,0.03,439575921,13187278,9402693.487,,,,,,,0,,,,,,,,,,,,,,,,,,,,,,,,,,0,,false,below_min_market_cap:9402693,
AUA.AX,AUA,Audeara Limited,Technology,Consumer Electronics,AU,AUD,AUD,0.024,203855345,4892528,3488433.41,,,,,,,0,,,,,,,,,,,,,,,,,,,,,,,,,,0,,false,below_min_market_cap:3488433,
AUB.AX,AUB,AUB Group Limited,Financial Services,Insurance Brokers,AU,,AUD,,,,,,,,,,,0,,,,,,,,,,,,,,,,,,,,,,,,,,0,,false,excluded_sector:Financial Services,
AUC.AX,AUC,Ausgold Limited,Basic Materials,Gold,AU,AUD,AUD,1.355,549838466,745031104,531216457.9,,,,,,,0,,,,,,,,,,,,,,,,,,,,,,,,,,0,2026-06-30,false,insufficient_annual_history:0,
AUE.AX,AUE,Aurum Resources Limited,Basic Materials,Other Industrial Metals & Mining,AU,AUD,AUD,0.535,415629383,222361728,158546682,,,,,,,0,,,,,,,,,,,,,,,,,,,,,,,,,,0,2025-06-30,false,insufficient_annual_history:0,
AUG.AX,AUG,Augustus Minerals Ltd,Basic Materials,Other Industrial Metals & Mining,AU,AUD,AUD,0.036,268859473,9678941,6901205.503,,,,,,,0,,,,,,,,,,,,,,,,,,,,,,,,,,0,,false,below_min_market_cap:6901206,
AUQ.AX,AUQ,Alara Resources Limited,Basic Materials,Other Industrial Metals & Mining,AU,AUD,AUD,0.064,923549989,59107204,42144172.74,,,,,,,0,,,,,,,,,,,,,,,,,,,,,,,,,,0,,false,below_min_market_cap:42144173,
AUR.AX,AUR,Auris Minerals Limited,Basic Materials,Other Industrial Metals & Mining,AU,AUD,AUD,0.017,1286625957,21872642,15595466.21,,,,,,,0,,,,,,,,,,,,,,,,,,,,,,,,,,0,,false,below_min_market_cap:15595466,
AUV.AX,AUV,Auravelle Metals Limited,Basic Materials,Gold,AU,AUD,AUD,0.008,898255901,7186047,5123741.027,,,,,,,0,,,,,,,,,,,,,,,,,,,,,,,,,,0,,false,below_min_market_cap:5123741,
AUZ.AX,AUZ,Australian Mines Limited,Basic Materials,Other Industrial Metals & Mining,AU,AUD,AUD,0.028,2188977854,61291384,43701520.29,,,,,,,0,,,,,,,,,,,,,,,,,,,,,,,,,,0,,false,below_min_market_cap:43701520,
AV1.AX,AV1,Adveritas Limited,Technology,Software - Infrastructure,AU,AUD,AUD,0.067,926658640,62086128,44268182.66,,,,,,,0,,,,,,,,,,,,,,,,,,,,,,,,,,0,,false,below_min_market_cap:44268183,
AVA.AX,AVA,AVA Risk Group Limited,Industrials,Security & Protection Services,AU,AUD,AUD,0.04,291099082,11643963,8302290.667,,,,,,,0,,,,,,,,,,,,,,,,,,,,,,,,,,0,,false,below_min_market_cap:8302291,
AVD.AX,AVD,AVADA Group Limited,Industrials,Infrastructure Operations,AU,AUD,AUD,0.09,84935025,7644152,5450375.598,,,,,,,0,,,,,,,,,,,,,,,,,,,,,,,,,,0,,false,below_min_market_cap:5450376,
AVE.AX,AVE,Avecho Biotechnology Limited,Healthcare,Biotechnology,AU,AUD,AUD,0.02,3863725873,77274512,55097689.66,737295,-3098841,-2265601,-1615401.735,revenue=provider_ttm|ebitda=provider_ttm|fcf=provider_ttm_fcf_field,,0,,,,,,,,,,,,,,,,,,,,,,,,,,4,2025-12-31,false,ttm_ebitda_not_positive,revenue_ttm_from_provider|ebitda_ttm_from_provider|fcf_ttm_from_provider_fcf_field
AVG.AX,AVG,Australian Vintage Ltd,Consumer Defensive,Beverages - Wineries & Distilleries,AU,AUD,AUD,0.081,329462923,26686496,19027804.08,,,,,,,0,,,,,,,,,,,,,,,,,,,,,,,,,,0,,false,below_min_market_cap:19027804,
AVH.AX,AVH,"AVITA Medical, Inc.",Healthcare,Medical Devices,AU,AUD,USD,2.8,154634235,432975872,308717190.3,75630000,-35151000,-25339000,-25339000,revenue=quarterly_sum|ebitda=quarterly_sum|fcf=quarterly_sum,,0,,,,,,,,,,,,,,,,,,,,,,,,,,4,2025-12-31,false,ttm_ebitda_not_positive,reporting_currency_differs:USD_vs_AUD
AVL.AX,AVL,Australian Vanadium Limited,Basic Materials,Other Industrial Metals & Mining,AU,AUD,AUD,0.235,375912124,88339352,62987058.41,,,,,,,0,,,,,,,,,,,,,,,,,,,,,,,,,,2,2025-06-30,false,insufficient_annual_history:2,
AVM.AX,AVM,Advance Metals Limited,Basic Materials,Coking Coal,AU,AUD,AUD,0.056,478809370,26813326,19118235.45,,,,,,,0,,,,,,,,,,,,,,,,,,,,,,,,,,0,,false,below_min_market_cap:19118235,
AVR.AX,AVR,Anteris Technologies Global Corp.,Healthcare,Medical Devices,AU,AUD,USD,12,97342203,1168106368,832874391.4,2242000,-100195000,-88255000,-88255000,revenue=quarterly_sum|ebitda=quarterly_sum|fcf=quarterly_sum,,0,,,,,,,,,,,,,,,,,,,,,,,,,,4,2025-12-31,false,ttm_ebitda_not_positive,reporting_currency_differs:USD_vs_AUD
AVW.AX,AVW,Avira Resources Limited,Basic Materials,Other Precious Metals & Mining,AU,AUD,AUD,0.006,575000000,3450000,2459892.976,,,,,,,0,,,,,,,,,,,,,,,,,,,,,,,,,,0,,false,below_min_market_cap:2459893,
AW1.AX,AW1,American West Metals Limited,Basic Materials,Other Industrial Metals & Mining,AU,AUD,AUD,0.039,1229570064,47953232,34191251.76,,,,,,,0,,,,,,,,,,,,,,,,,,,,,,,,,,0,,false,below_min_market_cap:34191252,
AWJ.AX,AWJ,Auric Mining Limited,Basic Materials,Gold,AU,AUD,AUD,0.23,187393602,43100528,30731213.36,,,,,,,0,,,,,,,,,,,,,,,,,,,,,,,,,,0,,false,below_min_market_cap:30731213,
AX1.AX,AX1,Accent Group Limited,Consumer Cyclical,Apparel Retail,AU,AUD,AUD,0.68,601185674,408806240,291483941.6,1539220992,130411000,162717744,116019778.4,revenue=provider_ttm|ebitda=provider_ttm|fcf=provider_ttm_fcf_field,0.1057143483,1,0.03359206875,0.02755506204,0.04264757882,1590926609,168183769.6,165450756.8,117968450.6,441635637.7,51719784.59,994512798,994512798,681399789,calculated,0.1186193389,0.02607845751,-0.08318046464,,-0.4638368929,-0.6463128458,,-0.5550748694,26,219,58.17603579,0.03,4,2026-06-30,true,,revenue_ttm_from_provider|ebitda_ttm_from_provider|fcf_ttm_from_provider_fcf_field|preferred_stock_assumed_zero
AX8.AX,AX8,Accelerate Resources Limited,Basic Materials,Other Industrial Metals & Mining,AU,AUD,AUD,0.006,1251188712,7507132,5352678.632,,,,,,,0,,,,,,,,,,,,,,,,,,,,,,,,,,0,,false,below_min_market_cap:5352679,
AXE.AX,AXE,Archer Materials Limited,Technology,Semiconductors,AU,AUD,AUD,0.19,283785249,53919196,38445058.41,,,,,,,0,,,,,,,,,,,,,,,,,,,,,,,,,,0,,false,below_min_market_cap:38445058,
AXI.AX,AXI,Axtec Limited,Industrials,Specialty Industrial Machinery,AU,AUD,AUD,0.01,545613658,5456136,3890292.935,,,,,,,0,,,,,,,,,,,,,,,,,,,,,,,,,,0,,false,below_min_market_cap:3890293,
AXL.AX,AXL,Axel REE Limited,Basic Materials,Other Industrial Metals & Mining,AU,AUD,AUD,0.074,175954487,13020633,9283873.526,,,,,,,0,,,,,,,,,,,,,,,,,,,,,,,,,,0,,false,below_min_market_cap:9283874,
AXN.AX,AXN,Alliance Nickel Limited,Basic Materials,Other Industrial Metals & Mining,AU,AUD,AUD,0.035,830144011,29055040,20716605.46,,,,,,,0,,,,,,,,,,,,,,,,,,,,,,,,,,0,,false,below_min_market_cap:20716605,
AXP.AX,AXP,AXP Energy Limited,,Energy,AU,AUD,USD,0.005,334234033,1671170,1191565.028,,,,,,,0,,,,,,,,,,,,,,,,,,,,,,,,,,0,,false,below_min_market_cap:1191565,
AXQ.AX,AXQ,"Aura Consolidated Group, Inc.",Technology,Software - Infrastructure,AU,AUD,USD,3.7,241112100,892114752,636088931.2,,,,,,,0,,,,,,,,,,,,,,,,,,,,,,,,,,2,2025-12-31,false,insufficient_annual_history:2,reporting_currency_differs:USD_vs_AUD
AXR.AX,AXR,Axiant Resources Limited,Basic Materials,Gold,AU,AUD,,0.185,,,,,,,,,,0,,,,,,,,,,,,,,,,,,,,,,,,,,0,,false,market_cap_unavailable,
AYA.AX,AYA,Artrya Limited,Healthcare,Health Information Services,AU,AUD,AUD,3.26,163821117,534056864,380789196.7,,,,,,,0,,,,,,,,,,,,,,,,,,,,,,,,,,2,2026-06-30,false,insufficient_annual_history:2,
AYM.AX,AYM,Australia United Mining Limited,Basic Materials,Gold,AU,AUD,AUD,0.002,1842577485,3685155,2627561.421,,,,,,,0,,,,,,,,,,,,,,,,,,,,,,,,,,0,,false,below_min_market_cap:2627561,
AYT.AX,AYT,Austin Metals Limited,Basic Materials,Other Industrial Metals & Mining,AU,AUD,AUD,0.002,2192191349,4384382,3126118.982,,,,,,,0,,,,,,,,,,,,,,,,,,,,,,,,,,0,,false,below_min_market_cap:3126119,
AZ9.AX,AZ9,Azzuro Resources PLC,Basic Materials,Other Industrial Metals & Mining,AU,AUD,AUD,0.014,820670388,11489386,8192075.34,,,,,,,0,,,,,,,,,,,,,,,,,,,,,,,,,,0,,false,below_min_market_cap:8192075,
AZI.AX,AZI,Altamin Limited,Basic Materials,Other Industrial Metals & Mining,AU,AUD,AUD,0.026,795206754,20675376,14741800.64,,,,,,,0,,,,,,,,,,,,,,,,,,,,,,,,,,0,,false,below_min_market_cap:14741801,
AZJ.AX,AZJ,Aurizon Holdings Limited,Industrials,Railroads,AU,AUD,AUD,3.72,1683307283,6261902848,4464814734,4167000064,1619000064,286624992,204367189.8,revenue=provider_ttm|ebitda=provider_ttm|fcf=provider_ttm_fcf_field,0.06878449426,1,0.07037521346,0.06611600795,0.07676402171,4460253583,306796287,296710639.5,211558382.1,4013547120,91265594.48,1.119565233e+10,1.119565233e+10,8529699253,calculated,0.01889647658,0.06033226082,0.03985672419,,-0.2978337906,-0.300757607,,-0.2992956988,218,172,,,4,2026-06-30,true,,revenue_ttm_from_provider|ebitda_ttm_from_provider|fcf_ttm_from_provider_fcf_field|preferred_stock_assumed_zero
AZY.AX,AZY,Antipa Minerals Limited,Basic Materials,Other Precious Metals & Mining,AU,AUD,AUD,0.585,669044286,391390880,279066573,,,,,,,0,,,,,,,,,,,,,,,,,,,,,,,,,,0,2025-06-30,false,insufficient_annual_history:0,
B4P.AX,B4P,Beforepay Group Limited,Technology,Software - Infrastructure,AU,AUD,AUD,1.615,50001681,80752712,57577689.58,50628552,11401797,-14519889,-10352861.73,revenue=provider_ttm|ebitda=provider_ttm|fcf=provider_ttm_fcf_field,-0.2867925,1,0.2127079757,0.1811815426,0.2599976253,61397648.81,-17608385.2,-16064137.1,,,,,,,,,,,,,,,,,,,,4,2026-06-30,false,expected_fcf_not_positive,revenue_ttm_from_provider|ebitda_ttm_from_provider|fcf_ttm_from_provider_fcf_field
BAK.AX,BAK,Barkly Rare Earths Limited,Basic Materials,Other Industrial Metals & Mining,AU,AUD,AUD,0.215,81250000,17468750,12455436.36,,,,,,,0,,,,,,,,,,,,,,,,,,,,,,,,,,0,,false,below_min_market_cap:12455436,
BAP.AX,BAP,Bapcor Limited,Consumer Cyclical,Specialty Retail,AU,AUD,AUD,0.785,672753078,528111200,376549864.2,1924144000,62538000,129040000,92007127.44,revenue=provider_ttm|ebitda=provider_ttm|fcf=provider_ttm_fcf_field,0.06706358776,1,0.002184269066,0.02366102181,-0.03003086005,1928346848,129321858.1,129180929,92107611.6,457905156,41770408.76,793947356.5,793947356.5,638236821.3,calculated,0.1160122404,0.02119870565,-0.3546259299,,-0.487485477,-1.408679115,,-0.9480822959,28,246,,,4,2026-06-30,true,,revenue_ttm_from_provider|ebitda_ttm_from_provider|fcf_ttm_from_provider_fcf_field|preferred_stock_assumed_zero
BAS.AX,BAS,Bass Oil Limited,Energy,Oil & Gas E&P,AU,AUD,AUD,0.069,367005947,25323410,18055906.78,,,,,,,0,,,,,,,,,,,,,,,,,,,,,,,,,,0,,false,below_min_market_cap:18055907,
BB1.AX,BB1,BlinkLab Limited,Healthcare,Health Information Services,AU,AUD,AUD,0.66,176325374,116374752,82976647.84,,,,,,,0,,,,,,,,,,,,,,,,,,,,,,,,,,0,2026-06-30,false,insufficient_annual_history:0,
BBC.AX,BBC,BNK Banking Corporation Limited,Financial Services,Banks - Regional,AU,,AUD,,,,,,,,,,,0,,,,,,,,,,,,,,,,,,,,,,,,,,0,,false,excluded_sector:Financial Services,
BBL.AX,BBL,Brisbane Broncos Limited,Communication Services,Entertainment,AU,AUD,AUD,1.61,98040631,157845424,112545753.6,84942104,14248422,6459889,4605981.327,revenue=provider_ttm|ebitda=provider_ttm|fcf=provider_ttm_fcf_field,0.07605049435,1,0.2191339198,0.2008313922,0.2465877112,103555800.2,7875469.798,7167679.399,5110644.699,85501.60178,25648326.52,125199420.2,125199420.2,88043354.29,calculated,0.04082003486,0.1727533119,-0.0171952209,,0.2469887241,-0.4609904496,,-0.1070008628,150,128,,,4,2025-12-31,true,,revenue_ttm_from_provider|ebitda_ttm_from_provider|fcf_ttm_from_provider_fcf_field|preferred_stock_assumed_zero
BBN.AX,BBN,Baby Bunting Group Limited,Consumer Cyclical,Specialty Retail,AU,AUD,AUD,1.095,136843899,149844080,106840695.6,556049024,35726000,21631124,15423260.87,revenue=provider_ttm|ebitda=provider_ttm|fcf=provider_ttm_fcf_field,0.03890146923,1,0.03802609361,0.01980306988,0.0653606292,577193396.2,22453671.15,22042397.57,15716504.05,129375397.3,9255614.703,319536589.6,319536589.6,225833724.6,calculated,0.04918530322,0.02263144966,0.07578009743,,-0.4805420159,-0.1998652676,,-0.3402036417,125,178,,,4,2026-06-30,true,,revenue_ttm_from_provider|ebitda_ttm_from_provider|fcf_ttm_from_provider_fcf_field|preferred_stock_assumed_zero
BBT.AX,BBT,Betr Entertainment Limited,Consumer Cyclical,Gambling,AU,AUD,AUD,0.185,1049419770,194142656,138426132.1,143756000,-26177000,-13994625,-9978341.955,revenue=provider_ttm|ebitda=provider_ttm|fcf=provider_ttm_fcf_field,,0,,,,,,,,,,,,,,,,,,,,,,,,,,4,2026-06-30,false,ttm_ebitda_not_positive,revenue_ttm_from_provider|ebitda_ttm_from_provider|fcf_ttm_from_provider_fcf_field
BC8.AX,BC8,Black Cat Syndicate Limited,Basic Materials,Gold,AU,AUD,AUD,0.965,728927974,703415488,501544005.3,374288992,176248992,-6382375,-4550712.88,revenue=provider_ttm|ebitda=provider_ttm|fcf=provider_ttm_fcf_field,-0.01705199762,1,0.3,72.65105743,9.029986333,486575689.6,-8297087.5,-7339731.25,,,,,,,,,,,,,,,,,,,,3,2026-06-30,false,expected_fcf_not_positive,annual_history_below_preferred:3|revenue_ttm_from_provider|ebitda_ttm_from_provider|fcf_ttm_from_provider_fcf_field|growth_clamped_high
BCA.AX,BCA,Black Canyon Limited,Basic Materials,Other Industrial Metals & Mining,AU,AUD,AUD,0.315,165449594,52116624,37159802.12,,,,,,,0,,,,,,,,,,,,,,,,,,,,,,,,,,0,,false,below_min_market_cap:37159802,
BCC.AX,BCC,Beam Communications Holdings Limited,Technology,Communication Equipment,AU,AUD,AUD,0.04,86421921,3456876,2464795.65,,,,,,,0,,,,,,,,,,,,,,,,,,,,,,,,,,0,,false,below_min_market_cap:2464796,
BCI.AX,BCI,BCI Minerals Limited,Basic Materials,Steel,AU,AUD,AUD,0.535,2937579809,1571605248,1120574119,,,,,,,0,,,,,,,,,,,,,,,,,,,,,,,,,,2,2026-06-30,false,insufficient_annual_history:2,
BCK.AX,BCK,Brockman Mining Limited,Basic Materials,Steel,AU,AUD,HKD,0.012,9280232131,111362792,79403057.93,0,-23939000,-25996624,-3314162.749,revenue=latest_fiscal_year|ebitda=provider_ttm|fcf=provider_ttm_fcf_field,,0,,,,,,,,,,,,,,,,,,,,,,,,,,4,2025-06-30,false,ttm_ebitda_not_positive,reporting_currency_differs:HKD_vs_AUD|revenue_ttm_from_latest_fy|ebitda_ttm_from_provider|fcf_ttm_from_provider_fcf_field
BCM.AX,BCM,Brazilian Critical Minerals Limited,Basic Materials,Gold,AU,AUD,AUD,0.069,2182581333,150598096,107378318.4,,,,,,,0,,,,,,,,,,,,,,,,,,,,,,,,,,0,2025-06-30,false,insufficient_annual_history:0,
BCN.AX,BCN,Beacon Minerals Limited,Basic Materials,Gold,AU,AUD,AUD,3.29,116352272,382798976,272940438.4,126585312,61579332,-741894,-528979.6637,revenue=provider_ttm|ebitda=provider_ttm|fcf=provider_ttm_fcf_field,-0.005860822147,1,0.1062191318,0.0792785522,0.1466300011,140031093.9,-820697.3365,-781295.6683,,,,,,,,,,,,,,,,,,,,3,2024-06-30,false,expected_fcf_not_positive,stale_statements:807d|annual_history_below_preferred:3|revenue_ttm_from_provider|ebitda_ttm_from_provider|fcf_ttm_from_provider_fcf_field
BDM.AX,BDM,Burgundy Diamond Mines Limited,Basic Materials,Other Precious Metals & Mining,AU,AUD,USD,0.017,1421701987,24168936,17232752.44,,,,,,,0,,,,,,,,,,,,,,,,,,,,,,,,,,0,,false,below_min_market_cap:17232752,
BDX.AX,BDX,BCAL Diagnostics Limited,Healthcare,Diagnostics & Research,AU,AUD,AUD,0.071,368683291,26176514,18664180.56,,,,,,,0,,,,,,,,,,,,,,,,,,,,,,,,,,0,,false,below_min_market_cap:18664181,
BEN.AX,BEN,Bendigo and Adelaide Bank Limited,Financial Services,Banks - Regional,AU,,AUD,,,,,,,,,,,0,,,,,,,,,,,,,,,,,,,,,,,,,,0,,false,excluded_sector:Financial Services,
BEO.AX,BEO,Beonic Limited,Technology,Software - Infrastructure,AU,AUD,AUD,0.12,105474546,12656945,9024559.451,,,,,,,0,,,,,,,,,,,,,,,,,,,,,,,,,,0,,false,below_min_market_cap:9024559,
BET.AX,BET,Betmakers Technology Group Ltd,Consumer Cyclical,Gambling,AU,AUD,AUD,0.205,1120282275,229657856,163748912.2,92600000,214000,13550375,9661586.171,revenue=provider_ttm|ebitda=provider_ttm|fcf=provider_ttm_fcf_field,0.1463323434,1,0.02999312766,-0.008586893575,0.0878631595,95377363.62,13956793.13,13753584.06,9806476.764,3001069.431,27002494.76,205880818.2,205880818.2,139747498.2,calculated,0.04763181363,-0.01887533938,1.105545093,,-0.6816950291,2.692274031,,1.005289501,127,26,,,4,2026-06-30,true,,revenue_ttm_from_provider|ebitda_ttm_from_provider|fcf_ttm_from_provider_fcf_field|preferred_stock_assumed_zero
BEZ.AX,BEZ,Besra Gold Inc.,Basic Materials,Gold,AU,AUD,USD,0.064,418100906,26758458,19079113.88,,,,,,,0,,,,,,,,,,,,,,,,,,,,,,,,,,0,,false,below_min_market_cap:19079114,
BFG.AX,BFG,Bell Financial Group Limited,Financial Services,Capital Markets,AU,,AUD,,,,,,,,,,,0,,,,,,,,,,,,,,,,,,,,,,,,,,0,,false,excluded_sector:Financial Services,
BFL.AX,BFL,BSP Financial Group Limited,Financial Services,Banks - Regional,AU,,PGK,,,,,,,,,,,0,,,,,,,,,,,,,,,,,,,,,,,,,,0,,false,excluded_sector:Financial Services,
BGA.AX,BGA,Bega Cheese Limited,Consumer Defensive,Packaged Foods,AU,AUD,AUD,5.97,305573000,1824270720,1300727748,3774599936,178000000,31775000,22655970.82,revenue=provider_ttm|ebitda=provider_ttm|fcf=provider_ttm_fcf_field,0.008418110671,1,0.04917519593,0.03775333233,0.06630799132,3960216627,33337541.85,32556270.93,23213026.72,336114072.2,95115861.75,2252456776,2252456776,1538945278,calculated,0.01030564802,0.03400112233,0.6389911384,,-0.4254415379,1.381937175,,0.4782478184,246,55,,,4,2026-06-30,true,,revenue_ttm_from_provider|ebitda_ttm_from_provider|fcf_ttm_from_provider_fcf_field|preferred_stock_assumed_zero
BGD.AX,BGD,Barton Gold Holdings Limited,Basic Materials,Gold,AU,AUD,AUD,1.015,271036269,275101792,196151004.6,,,,,,,0,,,,,,,,,,,,,,,,,,,,,,,,,,0,2024-06-30,false,insufficient_annual_history:0,stale_statements:807d
BGE.AX,BGE,Bridge SaaS Limited,Technology,Software - Application,AU,AUD,AUD,0.01,199859200,1998592,1425020.992,,,,,,,0,,,,,,,,,,,,,,,,,,,,,,,,,,0,,false,below_min_market_cap:1425021,
BGL.AX,BGL,Bellevue Gold Limited,Basic Materials,Gold,AU,AUD,AUD,1.515,1491502384,2259625984,1611141475,,,,,,,0,,,,,,,,,,,,,,,,,,,,,,,,,,2,2025-06-30,false,insufficient_annual_history:2,
BGP.AX,BGP,Briscoe Group Limited,Consumer Cyclical,Department Stores,AU,AUD,NZD,3.69,222790012,822095168,586164095.5,798830976,107670000,46577624,26818071.71,revenue=provider_ttm|ebitda=provider_ttm|fcf=provider_ttm_fcf_field,0.05830723319,1,0.007005311265,0.005474391505,0.009301690906,804427035.6,46903914.75,46740769.38,26912006.18,158848467,75037429.89,846039745.3,846039745.3,689952333.5,calculated,0.03180938759,0.004854255238,-0.08608469402,,-0.56669506,-0.654469499,,-0.6105822795,177,224,,,4,2026-01-31,true,,reporting_currency_differs:NZD_vs_AUD|revenue_ttm_from_provider|ebitda_ttm_from_provider|fcf_ttm_from_provider_fcf_field|preferred_stock_assumed_zero
BGT.AX,BGT,Bio-Gene Technology Limited,Healthcare,Biotechnology,AU,AUD,AUD,0.017,438061108,7447039,5309831.574,,,,,,,0,,,,,,,,,,,,,,,,,,,,,,,,,,0,,false,below_min_market_cap:5309832,
BH6.AX,BH6,Broken Hill Gold Ltd.,Basic Materials,Gold,AU,AUD,AUD,0.155,535825314,83052920,59217766.54,,,,,,,0,,,,,,,,,,,,,,,,,,,,,,,,,,0,2025-06-30,false,insufficient_annual_history:0,
BHL.AX,BHL,Black Horse Mining Limited,Basic Materials,Gold,AU,AUD,AUD,0.21,64649020,13576294,9680066.74,,,,,,,0,,,,,,,,,,,,,,,,,,,,,,,,,,0,,false,below_min_market_cap:9680067,
BHM.AX,BHM,Broken Hill Mines Limited,Basic Materials,Other Precious Metals & Mining,AU,AUD,AUD,0.645,396186017,255539968,182203180.4,,,,,,,0,,,,,,,,,,,,,,,,,,,,,,,,,,1,2026-06-30,false,insufficient_annual_history:1,
BHP.AX,BHP,BHP Group Limited,Basic Materials,Other Industrial Metals & Mining,AU,AUD,USD,59.25,5082953802,3.011650191e+11,2.147344102e+11,5.875999949e+10,2.990299955e+10,9592375296,9592375296,revenue=provider_ttm|ebitda=provider_ttm|fcf=provider_ttm_fcf_field,0.1921580715,4,0.07634158025,0.02972383985,0.1462681909,6.32458307e+10,1.215319686e+10,1.087278608e+10,1.087278608e+10,2.7121e+10,1.8445e+10,2.303114102e+11,2.303114102e+11,2.254999304e+11,calculated,0.04720906388,0.01901256054,0.03158728113,-0.0248446687,-0.4980801216,-0.3239826936,-0.5084948536,-0.4435192229,131,198,,,4,2026-06-30,true,,reporting_currency_differs:USD_vs_AUD|revenue_ttm_from_provider|ebitda_ttm_from_provider|fcf_ttm_from_provider_fcf_field|preferred_stock_assumed_zero
BIM.AX,BIM,Bindi Metals Limited,Basic Materials,Other Precious Metals & Mining,AU,AUD,AUD,0.09,92094233,8288481,5909790.202,,,,,,,0,,,,,,,,,,,,,,,,,,,,,,,,,,0,,false,below_min_market_cap:5909790,
BIO.AX,BIO,Biome Australia Limited,Consumer Defensive,Packaged Foods,AU,AUD,AUD,0.37,227998033,84359272,60149211.79,23883240,735151,318449,227058.1039,revenue=provider_ttm|ebitda=provider_ttm|fcf=provider_ttm_fcf_field,0.01333357618,1,0.3,0.7784660602,0.797898892,31048212,413983.7,366216.35,261116.8195,924321.5416,2045294.771,61098490.19,61098490.19,59733382.93,calculated,0.004273703305,0.5478404342,0.557034042,,2.064761349,1.151757143,,1.608259246,265,12,,,3,2025-06-30,true,,annual_history_below_preferred:3|revenue_ttm_from_provider|ebitda_ttm_from_provider|fcf_ttm_from_provider_fcf_field|growth_clamped_high|preferred_stock_assumed_zero
BIS.AX,BIS,Bisalloy Steel Group Limited,Basic Materials,Steel,AU,AUD,AUD,4.12,48310603,199039680,141917771.3,136600992,23607000,15606000,11127272.4,revenue=provider_ttm|ebitda=provider_ttm|fcf=provider_ttm_fcf_field,0.114245144,1,0.05418943197,0.09052506458,-0.0003140169307,144003322.2,16451680.28,16028840.14,11428762.69,1798930.429,4514081.865,142848252.5,142848252.5,143388927,calculated,0.0800063178,0.07260619388,0.09215752728,,-0.2383510246,-0.1538685511,,-0.1961097878,64,150,,,4,2025-06-30,true,,revenue_ttm_from_provider|ebitda_ttm_from_provider|fcf_ttm_from_provider_fcf_field|preferred_stock_assumed_zero
BIT.AX,BIT,Biotron Limited,Healthcare,Biotechnology,AU,AUD,AUD,0.002,2785204977,5570410,3971771.72,,,,,,,0,,,,,,,,,,,,,,,,,,,,,,,,,,0,,false,below_min_market_cap:3971772,
BKB.AX,BKB,Black Bear Minerals Limited,Basic Materials,Other Precious Metals & Mining,AU,AUD,AUD,0.505,174253225,87997880,62743584.62,,,,,,,0,,,,,,,,,,,,,,,,,,,,,,,,,,0,2024-06-30,false,insufficient_annual_history:0,stale_statements:807d
BKT.AX,BKT,Black Rock Mining Limited,Basic Materials,Other Industrial Metals & Mining,AU,AUD,AUD,0.013,2148233974,27927042,19912328.83,,,,,,,0,,,,,,,,,,,,,,,,,,,,,,,,,,0,,false,below_min_market_cap:19912329,
BKY.AX,BKY,Berkeley Energia Limited,Energy,Uranium,AU,AUD,AUD,0.49,446293143,218683648,155924165.1,2113000,-1374000,-4085375,-2912923.266,revenue=provider_ttm|ebitda=latest_fiscal_year|fcf=provider_ttm_fcf_field,,0,,,,,,,,,,,,,,,,,,,,,,,,,,4,2026-06-30,false,ttm_ebitda_not_positive,revenue_ttm_from_provider|ebitda_ttm_from_latest_fy|fcf_ttm_from_provider_fcf_field
BLG.AX,BLG,BluGlass Limited,Technology,Semiconductor Equipment & Materials,AU,AUD,AUD,0.22,191766009,42188524,30080943.15,,,,,,,0,,,,,,,,,,,,,,,,,,,,,,,,,,0,,false,below_min_market_cap:30080943,
BLS.AX,BLS,BLS Pharmaceuticals Limited,Healthcare,Biotechnology,AU,AUD,AUD,1.175,230461859,270792672,193078548.4,73909728,20128254,-1857175,-1324188.91,revenue=provider_ttm|ebitda=provider_ttm|fcf=provider_ttm_fcf_field,-0.02512761243,1,0.3,2.130970257,6.953294685,96082646.4,-2414327.5,-2135751.25,,,,,,,,,,,,,,,,,,,,4,2026-06-30,false,expected_fcf_not_positive,revenue_ttm_from_provider|ebitda_ttm_from_provider|fcf_ttm_from_provider_fcf_field|growth_clamped_high
BLU.AX,BLU,Blue Energy Limited,Energy,Oil & Gas E&P,AU,AUD,AUD,0.005,3011973596,15059868,10737873.48,,,,,,,0,,,,,,,,,,,,,,,,,,,,,,,,,,0,,false,below_min_market_cap:10737873,
BLX.AX,BLX,Beacon Lighting Group Limited,Consumer Cyclical,Specialty Retail,AU,AUD,AUD,1.765,229342146,404788896,288619525.3,340443008,53183000,44288000,31577895.69,revenue=provider_ttm|ebitda=provider_ttm|fcf=provider_ttm_fcf_field,0.1300893217,1,0.03098737475,0.02913545487,0.03376525456,350992443.1,45660368.85,44974184.43,32067153.73,122047055.3,31536540.97,516325757.5,516325757.5,371999909.3,calculated,0.06210643818,0.02762722783,0.005340605122,,-0.4563311373,-0.3976976125,,-0.4270143749,99,195,,,4,2026-06-30,true,,revenue_ttm_from_provider|ebitda_ttm_from_provider|fcf_ttm_from_provider_fcf_field|preferred_stock_assumed_zero
BLZ.AX,BLZ,Blaze Minerals Limited,Basic Materials,Other Industrial Metals & Mining,AU,AUD,AUD,0.001,3306250000,3306250,2357397.436,,,,,,,0,,,,,,,,,,,,,,,,,,,,,,,,,,0,,false,below_min_market_cap:2357397,
BM1.AX,BM1,Ballard Mining Limited,Basic Materials,Gold,AU,AUD,AUD,0.68,454605804,309131936,220414921.2,,,,,,,0,,,,,,,,,,,,,,,,,,,,,,,,,,0,2025-06-30,false,insufficient_annual_history:0,
BM8.AX,BM8,Battery Age Minerals Ltd,Basic Materials,Other Industrial Metals & Mining,AU,AUD,AUD,0.044,221477559,9745012,6948314.949,,,,,,,0,,,,,,,,,,,,,,,,,,,,,,,,,,0,,false,below_min_market_cap:6948315,
BMC.AX,BMC,BMC Minerals Limited,Basic Materials,Other Industrial Metals & Mining,AU,AUD,USD,2.58,274639795,708570688,505219727.1,,,,,,,0,,,,,,,,,,,,,,,,,,,,,,,,,,0,2026-06-30,false,insufficient_annual_history:0,reporting_currency_differs:USD_vs_AUD
BMH.AX,BMH,Baumart Holdings Limited,Basic Materials,Building Materials,AU,AUD,AUD,0.011,187421392,2061635,1469971.437,,,,,,,0,,,,,,,,,,,,,,,,,,,,,,,,,,0,,false,below_min_market_cap:1469971,
BML.AX,BML,Boab Metals Limited,Basic Materials,Other Industrial Metals & Mining,AU,AUD,AUD,0.43,576354210,247832320,176707531.4,790952,-4018938,10244611,7304535.259,revenue=provider_ttm|ebitda=provider_ttm|fcf=provider_ttm_fcf_field,,0,,,,,,,,,,,,,,,,,,,,,,,,,,3,2025-06-30,false,ttm_ebitda_not_positive,annual_history_below_preferred:3|revenue_ttm_from_provider|ebitda_ttm_from_provider|fcf_ttm_from_provider_fcf_field
BMM.AX,BMM,Bayan Mining and Minerals Limited,Basic Materials,Other Industrial Metals & Mining,AU,AUD,AUD,0.054,135840053,7335363,5230205.195,,,,,,,0,,,,,,,,,,,,,,,,,,,,,,,,,,0,,false,below_min_market_cap:5230205,
BMN.AX,BMN,Bannerman Energy Ltd,Energy,Uranium,AU,AUD,AUD,3.82,207811582,793840256,566017991.3,,,,,,,0,,,,,,,,,,,,,,,,,,,,,,,,,,0,2025-06-30,false,insufficient_annual_history:0,
BMR.AX,BMR,Ballymore Resources Limited,Basic Materials,Other Precious Metals & Mining,AU,AUD,AUD,0.13,249706085,32461790,23145660.64,,,,,,,0,,,,,,,,,,,,,,,,,,,,,,,,,,0,,false,below_min_market_cap:23145661,
BMT.AX,BMT,Beamtree Holdings Limited,Healthcare,Health Information Services,AU,AUD,AUD,0.105,295342591,31010972,22111209.34,,,,,,,0,,,,,,,,,,,,,,,,,,,,,,,,,,0,,false,below_min_market_cap:22111209,
BNL.AX,BNL,Blue Star Helium Limited,Energy,Oil & Gas E&P,AU,AUD,AUD,0.005,6152915037,30764574,21935524.49,,,,,,,0,,,,,,,,,,,,,,,,,,,,,,,,,,0,,false,below_min_market_cap:21935524,
BNR.AX,BNR,Bulletin Resources Limited,Basic Materials,Gold,AU,AUD,AUD,0.028,293613323,8221173,5861798.759,,,,,,,0,,,,,,,,,,,,,,,,,,,,,,,,,,0,,false,below_min_market_cap:5861799,
BNZ.AX,BNZ,Benz Mining Corp.,Basic Materials,Other Industrial Metals & Mining,AU,AUD,CAD,4.19,338895063,1419970432,1012456606,0,-64787851,-61095135,-43884510.74,revenue=quarterly_sum|ebitda=quarterly_sum|fcf=quarterly_sum,,0,,,,,,,,,,,,,,,,,,,,,,,,,,4,2026-04-30,false,ttm_ebitda_not_positive,reporting_currency_differs:CAD_vs_AUD
BOA.AX,BOA,BOA Resources Limited,Basic Materials,Other Industrial Metals & Mining,AU,AUD,AUD,0.076,290622246,22087290,15748512.91,,,,,,,0,,,,,,,,,,,,,,,,,,,,,,,,,,0,,false,below_min_market_cap:15748513,
BOC.AX,BOC,Bougainville Copper Limited,Basic Materials,Other Precious Metals & Mining,AU,AUD,PGK,0.16,401062500,64169996,45754006.51,,,,,,,0,,,,,,,,,,,,,,,,,,,,,,,,,,0,,false,below_min_market_cap:45754007,
BOE.AX,BOE,Boss Energy Limited,Energy,Uranium,AU,AUD,AUD,1.49,415175320,618611264,441077537.2,,,,,,,0,,,,,,,,,,,,,,,,,,,,,,,,,,2,2026-06-30,false,insufficient_annual_history:2,
BOL.AX,BOL,Boom Logistics Limited,Industrials,Specialty Business Services,AU,AUD,AUD,2.16,36968491,79851944,56935430.78,271004000,29419000,43126124,30749463.63,revenue=provider_ttm|ebitda=provider_ttm|fcf=provider_ttm_fcf_field,0.1591346401,1,0.06732693753,0.09595521065,0.02438452786,289249869.4,46029673.86,44577898.93,31784597.24,78263099.32,17619250.82,213895854,213895854,117579279.3,calculated,0.1485984728,0.0802342454,0.1130196566,,-0.2013834445,-0.09527636326,,-0.1483299039,16,137,47.07098108,0.03,4,2026-06-30,true,,revenue_ttm_from_provider|ebitda_ttm_from_provider|fcf_ttm_from_provider_fcf_field|preferred_stock_assumed_zero
BOQ.AX,BOQ,Bank of Queensland Limited,Financial Services,Banks - Regional,AU,,AUD,,,,,,,,,,,0,,,,,,,,,,,,,,,,,,,,,,,,,,0,,false,excluded_sector:Financial Services,
BOT.AX,BOT,Botanix Pharmaceuticals Limited,Healthcare,Biotechnology,AU,AUD,AUD,0.019,2736612800,51995644,37073541.88,,,,,,,0,,,,,,,,,,,,,,,,,,,,,,,,,,0,,false,below_min_market_cap:37073542,
BPG.AX,BPG,Black Pearl Group Limited,Technology,Software - Application,AU,AUD,AUD,0.225,97028417,21831394,15566055.87,,,,,,,0,,,,,,,,,,,,,,,,,,,,,,,,,,0,,false,below_min_market_cap:15566056,
BPH.AX,BPH,BPH Energy Limited,Financial Services,Asset Management,AU,,AUD,,,,,,,,,,,0,,,,,,,,,,,,,,,,,,,,,,,,,,0,,false,excluded_sector:Financial Services,
BPM.AX,BPM,BPM Minerals Limited,Basic Materials,Other Precious Metals & Mining,AU,AUD,AUD,0.23,133210475,30638410,21845567.99,,,,,,,0,,,,,,,,,,,,,,,,,,,,,,,,,,0,,false,below_min_market_cap:21845568,
BPP.AX,BPP,Babylon Pump & Power Limited,Industrials,Rental & Leasing Services,AU,AUD,AUD,0.045,304417730,13698798,9767413.618,,,,,,,0,,,,,,,,,,,,,,,,,,,,,,,,,,0,,false,below_min_market_cap:9767414,
BPT.AX,BPT,Beach Energy Limited,Energy,Oil & Gas E&P,AU,AUD,AUD,0.87,,,,,,,,,,0,,,,,,,,,,,,,,,,,,,,,,,,,,0,,false,market_cap_unavailable,
BRE.AX,BRE,Brazilian Rare Earths Limited,Basic Materials,Other Precious Metals & Mining,AU,AUD,AUD,3.38,276153716,933399616,665525553.5,,,,,,,0,,,,,,,,,,,,,,,,,,,,,,,,,,0,2025-12-31,false,insufficient_annual_history:0,
BRG.AX,BRG,Breville Group Limited,Consumer Cyclical,"Furnishings, Fixtures & Appliances",AU,AUD,AUD,30.46,144838561,4411782656,3145655991,1810896000,230232992,122545376,87376379.62,revenue=provider_ttm|ebitda=provider_ttm|fcf=provider_ttm_fcf_field,0.06767112855,1,0.06891258493,0.06992197197,0.06739850438,1935689524,130990294.6,126767835.3,90387045.71,109391084.1,137866662.6,3871765061,3871765061,3117180395,calculated,0.02334517831,0.07142940893,0.0905004298,,-0.2440540395,-0.1585225807,,-0.2012883101,203,151,,,4,2026-06-30,true,,revenue_ttm_from_provider|ebitda_ttm_from_provider|fcf_ttm_from_provider_fcf_field|preferred_stock_assumed_zero
BRI.AX,BRI,Big River Industries Limited,Basic Materials,Lumber & Wood Production,AU,AUD,AUD,1.255,94190636,118209256,84284672.05,426999008,18483000,21882876,15602763.18,revenue=provider_ttm|ebitda=provider_ttm|fcf=provider_ttm_fcf_field,0.05124807222,1,0.01064173778,-0.01737504933,0.05266691846,431543019.5,22115747.83,21999311.91,15685783.44,58889837.85,17468092.18,206706058.8,206706058.8,125502490.5,calculated,0.07588448798,-0.0185538508,-0.2876832619,,-0.6801370094,-1.220667751,,-0.9504023803,70,247,,,4,2026-06-30,true,,revenue_ttm_from_provider|ebitda_ttm_from_provider|fcf_ttm_from_provider_fcf_field|preferred_stock_assumed_zero
BRK.AX,BRK,Brookside Energy Limited,Energy,Oil & Gas E&P,AU,AUD,AUD,0.42,94600000,39732000,28329410.94,,,,,,,0,,,,,,,,,,,,,,,,,,,,,,,,,,0,,false,below_min_market_cap:28329411,
BRL.AX,BRL,Bathurst Resources Limited,Basic Materials,Coking Coal,AU,AUD,NZD,0.46,240052980,110424368,78733949.93,20845000,-4963000,-20164876,-11610362.32,revenue=provider_ttm|ebitda=provider_ttm|fcf=provider_ttm_fcf_field,,0,,,,,,,,,,,,,,,,,,,,,,,,,,3,2025-06-30,false,ttm_ebitda_not_positive,reporting_currency_differs:NZD_vs_AUD|annual_history_below_preferred:3|revenue_ttm_from_provider|ebitda_ttm_from_provider|fcf_ttm_from_provider_fcf_field
BRN.AX,BRN,BrainChip Holdings Ltd,Technology,Semiconductors,AU,AUD,USD,0.125,2415760710,301970080,215308428.6,2086321,-22249476,-8649393,-8649393,revenue=provider_ttm|ebitda=provider_ttm|fcf=provider_ttm_fcf_field,,0,,,,,,,,,,,,,,,,,,,,,,,,,,4,2025-12-31,false,ttm_ebitda_not_positive,reporting_currency_differs:USD_vs_AUD|revenue_ttm_from_provider|ebitda_ttm_from_provider|fcf_ttm_from_provider_fcf_field
BRU.AX,BRU,Buru Energy Limited,Energy,Oil & Gas E&P,AU,AUD,AUD,0.014,1358660440,19021248,13562386.77,,,,,,,0,,,,,,,,,,,,,,,,,,,,,,,,,,0,,false,below_min_market_cap:13562387,
BRY.AX,BRY,Barys Resources Limited,Basic Materials,Other Industrial Metals & Mining,AU,AUD,AUD,0.013,264033878,3432440,2447372.478,,,,,,,0,,,,,,,,,,,,,,,,,,,,,,,,,,0,,false,below_min_market_cap:2447372,
BSA.AX,BSA,BSA Limited,Industrials,Engineering & Construction,AU,AUD,AUD,0.255,75300000,19201500,13690908.69,,,,,,,0,,,,,,,,,,,,,,,,,,,,,,,,,,0,,false,below_min_market_cap:13690909,
BSL.AX,BSL,BlueScope Steel Limited,Basic Materials,Steel,AU,AUD,AUD,29.63,,,,,,,,,,0,,,,,,,,,,,,,,,,,,,,,,,,,,0,,false,market_cap_unavailable,
BSN.AX,BSN,Basin Energy Limited,Energy,Uranium,AU,AUD,AUD,0.033,235309005,7765197,5536682.191,,,,,,,0,,,,,,,,,,,,,,,,,,,,,,,,,,0,,false,below_min_market_cap:5536682,
BSR.AX,BSR,Bison Resources Limited,Basic Materials,Gold,AU,AUD,AUD,0.41,66250000,27162500,19367200.86,,,,,,,0,,,,,,,,,,,,,,,,,,,,,,,,,,0,,false,below_min_market_cap:19367201,
BST.AX,BST,Boresight Ltd,Industrials,Aerospace & Defense,AU,AUD,,0.335,,,,,,,,,,0,,,,,,,,,,,,,,,,,,,,,,,,,,0,,false,market_cap_unavailable,
BSX.AX,BSX,Blackstone Minerals Limited,Basic Materials,Other Industrial Metals & Mining,AU,AUD,AUD,0.044,1721659855,75753032,54012855.46,,,,,,,0,,,,,,,,,,,,,,,,,,,,,,,,,,0,2025-06-30,false,insufficient_annual_history:0,
BTE.AX,BTE,Botala Energy Limited,Utilities,Utilities - Renewable,AU,AUD,AUD,0.068,390186255,26532666,18918121.37,,,,,,,0,,,,,,,,,,,,,,,,,,,,,,,,,,0,,false,below_min_market_cap:18918121,
BTI.AX,BTI,Bailador Technology Investments Limited,Financial Services,Asset Management,AU,,AUD,,,,,,,,,,,0,,,,,,,,,,,,,,,,,,,,,,,,,,0,,false,excluded_sector:Financial Services,
BTL.AX,BTL,Beetaloo Energy Australia Limited,Energy,Oil & Gas E&P,AU,AUD,AUD,0.26,1508030586,392087936,279563582.6,24000,-16209000,-59252624,-42247859.02,revenue=provider_ttm|ebitda=provider_ttm|fcf=provider_ttm_fcf_field,,0,,,,,,,,,,,,,,,,,,,,,,,,,,3,2025-12-31,false,ttm_ebitda_not_positive,annual_history_below_preferred:3|revenue_ttm_from_provider|ebitda_ttm_from_provider|fcf_ttm_from_provider_fcf_field
BTM.AX,BTM,Breakthrough Minerals Limited,Basic Materials,Other Industrial Metals & Mining,AU,AUD,AUD,0.12,194898144,23387776,16675775.63,,,,,,,0,,,,,,,,,,,,,,,,,,,,,,,,,,0,,false,below_min_market_cap:16675776,
BTN.AX,BTN,Butn Limited,Financial Services,Credit Services,AU,,AUD,,,,,,,,,,,0,,,,,,,,,,,,,,,,,,,,,,,,,,0,,false,excluded_sector:Financial Services,
BTR.AX,BTR,Brightstar Resources Limited,Basic Materials,Gold,AU,AUD,AUD,0.565,1103775102,623632960,444658069,,,,,,,0,,,,,,,,,,,,,,,,,,,,,,,,,,2,2026-06-30,false,insufficient_annual_history:2,
BUB.AX,BUB,Bubs Australia Limited,Consumer Defensive,Packaged Foods,AU,AUD,AUD,0.115,894130038,102824960,73315477.36,111857864,-3766538,-16526106,-11783319.44,revenue=provider_ttm|ebitda=provider_ttm|fcf=provider_ttm_fcf_field,,0,,,,,,,,,,,,,,,,,,,,,,,,,,4,2026-06-30,false,ttm_ebitda_not_positive,revenue_ttm_from_provider|ebitda_ttm_from_provider|fcf_ttm_from_provider_fcf_field
BUR.AX,BUR,Burley Minerals Ltd,Basic Materials,Other Industrial Metals & Mining,AU,AUD,AUD,0.023,228250867,5249770,3743151.406,,,,,,,0,,,,,,,,,,,,,,,,,,,,,,,,,,0,,false,below_min_market_cap:3743151,
BUS.AX,BUS,Bubalus Resources Limited,Basic Materials,Other Industrial Metals & Mining,AU,AUD,AUD,0.075,69888008,5241601,3737326.807,,,,,,,0,,,,,,,,,,,,,,,,,,,,,,,,,,0,,false,below_min_market_cap:3737327,
BUX.AX,BUX,Buxton Resources Limited,Basic Materials,Other Industrial Metals & Mining,AU,AUD,AUD,0.038,434068941,16494619,11760868.82,,,,,,,0,,,,,,,,,,,,,,,,,,,,,,,,,,0,,false,below_min_market_cap:11760869,
BUY.AX,BUY,Bounty Oil & Gas NL,Energy,Oil & Gas E&P,AU,AUD,AUD,0.019,984788366,18710978,13341160.39,,,,,,,0,,,,,,,,,,,,,,,,,,,,,,,,,,0,,false,below_min_market_cap:13341160,
BVR.AX,BVR,Bellavista Resources Limited,Basic Materials,Other Industrial Metals & Mining,AU,AUD,AUD,0.38,215974222,82070208,58517080.64,,,,,,,0,,,,,,,,,,,,,,,,,,,,,,,,,,0,2025-06-30,false,insufficient_annual_history:0,
BVS.AX,BVS,Bravura Solutions Limited,Technology,Software - Application,AU,AUD,AUD,3.13,448299975,1403179008,1000484112,284676000,85076000,66003500,47061317.7,revenue=provider_ttm|ebitda=provider_ttm|fcf=provider_ttm_fcf_field,0.2318548104,1,0.06696271494,0.04406741811,0.1013056602,303738677.8,70423273.56,68213386.78,48636994.5,4945454.401,35861674.53,1054903362,1054903362,952086514.8,calculated,0.04610563988,0.04258531495,0.9245867122,,-0.383840242,2.184044632,,0.9001021951,132,30,,,4,2026-06-30,true,,revenue_ttm_from_provider|ebitda_ttm_from_provider|fcf_ttm_from_provider_fcf_field|preferred_stock_assumed_zero
BWF.AX,BWF,BlackWall Limited,Financial Services,Asset Management,AU,,AUD,,,,,,,,,,,0,,,,,,,,,,,,,,,,,,,,,,,,,,0,,false,excluded_sector:Financial Services,
BWN.AX,BWN,Bhagwan Marine Limited,Industrials,Marine Shipping,AU,AUD,AUD,0.29,397151458,115173920,82120439.67,235914000,29510000,9034500,6441711.042,revenue=provider_ttm|ebitda=provider_ttm|fcf=provider_ttm_fcf_field,0.03829573489,1,0.00396661207,0.1176067168,-0.166493545,236849779.3,9070336.357,9052418.178,6454486.926,112379319.4,17003208.06,331967847.7,331967847.7,177496556.7,calculated,0.01944310863,0.08934767606,0.0763334398,,-0.1572173193,-0.1983111817,,-0.1777642505,217,144,,,4,2026-06-30,true,,revenue_ttm_from_provider|ebitda_ttm_from_provider|fcf_ttm_from_provider_fcf_field|preferred_stock_assumed_zero
BWP.AX,BWP,BWP Trust,Real Estate,REIT - Industrial,AU,,AUD,,,,,,,,,,,0,,,,,,,,,,,,,,,,,,,,,,,,,,0,,false,excluded_industry:reit,
BXB.AX,BXB,Brambles Limited,Industrials,Specialty Business Services,AU,AUD,USD,18.73,1330767658,2.492527616e+10,1.777203239e+10,7256699904,2123600000,540212480,540212480,revenue=provider_ttm|ebitda=provider_ttm|fcf=provider_ttm_fcf_field,0.07444327134,1,0.07964333233,0.08206716865,0.07600757784,7834647666,583236802.1,561724641,561724641,3028800000,76800000,2.395623239e+10,2.395623239e+10,1.994271228e+10,calculated,0.02344795424,0.07803044719,0.1303418527,,-0.2120636406,-0.04662623031,,-0.1293449355,202,131,,,4,2026-06-30,true,,reporting_currency_differs:USD_vs_AUD|revenue_ttm_from_provider|ebitda_ttm_from_provider|fcf_ttm_from_provider_fcf_field|preferred_stock_assumed_zero
C29.AX,C29,C29 Metals Limited,Basic Materials,Other Industrial Metals & Mining,AU,AUD,AUD,0.025,223985279,5599632,3992607.37,,,,,,,0,,,,,,,,,,,,,,,,,,,,,,,,,,0,,false,below_min_market_cap:3992607,
C79.AX,C79,Chrysos Corporation Limited,Technology,Software - Application,AU,AUD,AUD,6.92,116603797,806898304,575328542.2,88110000,25767000,-25604876,-18256595.55,revenue=provider_ttm|ebitda=provider_ttm|fcf=provider_ttm_fcf_field,-0.2906012484,1,0.3,0.4866372245,0.3327383833,114543000,-33286338.8,-29445607.4,,,,,,,,,,,,,,,,,,,,4,2026-06-30,false,expected_fcf_not_positive,revenue_ttm_from_provider|ebitda_ttm_from_provider|fcf_ttm_from_provider_fcf_field|growth_clamped_high
C7A.AX,C7A,Clara Resources Australia Ltd,Basic Materials,Other Industrial Metals & Mining,AU,AUD,AUD,0.003,2504178083,7512534,5356530.325,,,,,,,0,,,,,,,,,,,,,,,,,,,,,,,,,,0,,false,below_min_market_cap:5356530,
CAA.AX,CAA,Capral Limited,Basic Materials,Aluminum,AU,AUD,AUD,11.65,15842564,184565872,131597765.9,679721984,49916000,31651124,22567645.69,revenue=provider_ttm|ebitda=provider_ttm|fcf=provider_ttm_fcf_field,0.04656480847,1,0.06703993329,0.02168108211,0.1350782101,725290500.5,33773013.24,32712068.62,23324112.42,52198928.96,43128697.49,314504712.4,314504712.4,138622855.1,calculated,0.0741614084,0.01849181794,0.004681390491,,-0.5006037796,-0.3995490452,,-0.4500764124,74,201,,,4,2025-12-31,true,,revenue_ttm_from_provider|ebitda_ttm_from_provider|fcf_ttm_from_provider_fcf_field|preferred_stock_assumed_zero
CAE.AX,CAE,Cannindah Resources Limited,Basic Materials,Other Precious Metals & Mining,AU,AUD,AUD,0.029,1431683125,41518808,29603427.3,,,,,,,0,,,,,,,,,,,,,,,,,,,,,,,,,,0,,false,below_min_market_cap:29603427,
CAF.AX,CAF,Centrepoint Alliance Limited,Financial Services,Asset Management,AU,,AUD,,,,,,,,,,,0,,,,,,,,,,,,,,,,,,,,,,,,,,0,,false,excluded_sector:Financial Services,
CAN.AX,CAN,Cann Group Limited,Healthcare,Drug Manufacturers - Specialty & Generic,AU,AUD,AUD,0.005,1660593585,8302967,5920118.9,,,,,,,0,,,,,,,,,,,,,,,,,,,,,,,,,,0,,false,below_min_market_cap:5920119,
CAQ.AX,CAQ,CAQ Holdings Limited,Real Estate,Real Estate - Development,AU,AUD,AUD,0.009,717786281,6460076,4606114.66,,,,,,,0,,,,,,,,,,,,,,,,,,,,,,,,,,0,,false,below_min_market_cap:4606115,
CAR.AX,CAR,CAR Group Limited,Communication Services,Internet Content & Information,AU,AUD,AUD,23.9,379070307,9059780608,6459736430,1253426944,574438976,399864256,285108195.6,revenue=provider_ttm|ebitda=provider_ttm|fcf=provider_ttm_fcf_field,0.3190168026,1,0.1259157618,0.1706819778,0.05876643781,1411253153,450213468.4,425038862.2,303058003.4,1142084815,232161847.1,7421175974,7421175974,7419476660,calculated,0.04083692456,0.1391355548,-0.06939440689,,0.08406807185,-0.6075941094,,-0.2617630188,149,164,,,4,2026-06-30,true,,revenue_ttm_from_provider|ebitda_ttm_from_provider|fcf_ttm_from_provider_fcf_field|preferred_stock_assumed_zero
CAT.AX,CAT,Catapult Sports Ltd,Technology,Scientific & Technical Instruments,AU,AUD,USD,2.98,315975531,941607040,671377549,140724992,-7359000,15048875,15048875,revenue=provider_ttm|ebitda=provider_ttm|fcf=provider_ttm_fcf_field,,0,,,,,,,,,,,,,,,,,,,,,,,,,,4,2026-03-31,false,ttm_ebitda_not_positive,reporting_currency_differs:USD_vs_AUD|revenue_ttm_from_provider|ebitda_ttm_from_provider|fcf_ttm_from_provider_fcf_field
CAV.AX,CAV,Carnavale Resources Limited,Basic Materials,Other Industrial Metals & Mining,AU,AUD,AUD,0.084,408065557,34277508,24440290.2,,,,,,,0,,,,,,,,,,,,,,,,,,,,,,,,,,0,,false,below_min_market_cap:24440290,
CAY.AX,CAY,Canyon Resources Limited,Basic Materials,Other Industrial Metals & Mining,AU,AUD,AUD,0.045,2062115055,92795184,66164122.13,,,,,,,0,,,,,,,,,,,,,,,,,,,,,,,,,,0,2025-06-30,false,insufficient_annual_history:0,
CAZ.AX,CAZ,Cazaly Resources Limited,Basic Materials,Other Industrial Metals & Mining,AU,AUD,AUD,0.02,589030779,11780615,8399725.245,,,,,,,0,,,,,,,,,,,,,,,,,,,,,,,,,,0,,false,below_min_market_cap:8399725,
CBA.AX,CBA,Commonwealth Bank of Australia,Financial Services,Banks - Diversified,AU,,AUD,,,,,,,,,,,0,,,,,,,,,,,,,,,,,,,,,,,,,,0,,false,excluded_sector:Financial Services,
CBE.AX,CBE,Cobre Limited,Basic Materials,Other Industrial Metals & Mining,AU,AUD,AUD,0.335,1228818141,411654112,293514509.8,,,,,,,0,,,,,,,,,,,,,,,,,,,,,,,,,,0,2025-06-30,false,insufficient_annual_history:0,
CBL.AX,CBL,Control Bionics Limited,Healthcare,Medical Devices,AU,AUD,AUD,0.061,543088709,33128412,23620970.43,,,,,,,0,,,,,,,,,,,,,,,,,,,,,,,,,,0,,false,below_min_market_cap:23620970,
CBO.AX,CBO,Cobram Estate Olives Limited,Consumer Defensive,Packaged Foods,AU,AUD,AUD,2.87,478791191,1374130688,979772297.9,269759008,60564000,-158171504,-112778252.7,revenue=provider_ttm|ebitda=provider_ttm|fcf=provider_ttm_fcf_field,-0.5863437339,1,0.1457262692,0.1676085207,0.1129028921,309069981.8,-181221247.2,-169696375.6,,,,,,,,,,,,,,,,,,,,4,2026-06-30,false,expected_fcf_not_positive,revenue_ttm_from_provider|ebitda_ttm_from_provider|fcf_ttm_from_provider_fcf_field
CBY.AX,CBY,Canterbury Resources Limited,Basic Materials,Other Precious Metals & Mining,AU,AUD,AUD,0.041,279698164,11467626,8176560.189,,,,,,,0,,,,,,,,,,,,,,,,,,,,,,,,,,0,,false,below_min_market_cap:8176560,
CC5.AX,CC5,Clever Culture Systems Limited,Technology,Software - Infrastructure,AU,AUD,AUD,0.017,2182255173,37098340,26451578.55,,,,,,,0,,,,,,,,,,,,,,,,,,,,,,,,,,0,,false,below_min_market_cap:26451579,
CC9.AX,CC9,Chariot Resources Ltd,Basic Materials,Other Industrial Metals & Mining,AU,AUD,AUD,0.068,226891829,15428645,11000816.08,,,,,,,0,,,,,,,,,,,,,,,,,,,,,,,,,,0,,false,below_min_market_cap:11000816,
CCA.AX,CCA,Change Financial Limited,Technology,Information Technology Services,AU,AUD,USD,0.048,690453020,33141744,23630476.32,,,,,,,0,,,,,,,,,,,,,,,,,,,,,,,,,,0,,false,below_min_market_cap:23630476,
CCE.AX,CCE,Carnegie Clean Energy Limited,Utilities,Utilities - Renewable,AU,AUD,AUD,0.195,427303111,83324104,59411124.11,453774,-1719676,-2957366,-2108638.798,revenue=provider_ttm|ebitda=provider_ttm|fcf=provider_ttm_fcf_field,,0,,,,,,,,,,,,,,,,,,,,,,,,,,4,2025-06-30,false,ttm_ebitda_not_positive,revenue_ttm_from_provider|ebitda_ttm_from_provider|fcf_ttm_from_provider_fcf_field
CCG.AX,CCG,Comms Group Limited,Technology,Information Technology Services,AU,AUD,AUD,0.078,549382012,42851800,30553867.2,,,,,,,0,,,,,,,,,,,,,,,,,,,,,,,,,,0,,false,below_min_market_cap:30553867,
CCL.AX,CCL,Cuscal Limited,Technology,Software - Infrastructure,AU,AUD,AUD,5.57,199812619,1112956288,793551697.3,,,,,,,0,,,,,,,,,,,,,,,,,,,,,,,,,,2,2026-06-30,false,insufficient_annual_history:2,
CCM.AX,CCM,Cadoux Limited,Basic Materials,Other Industrial Metals & Mining,AU,AUD,AUD,0.029,457250923,13260276,9454741.97,,,,,,,0,,,,,,,,,,,,,,,,,,,,,,,,,,0,,false,below_min_market_cap:9454742,
CCO.AX,CCO,The Calmer Co International Limited,Consumer Defensive,Packaged Foods,AU,AUD,AUD,0.001,5339063330,5339063,3806818.427,,,,,,,0,,,,,,,,,,,,,,,,,,,,,,,,,,0,,false,below_min_market_cap:3806818,
CCP.AX,CCP,Credit Corp Group Limited,Financial Services,Credit Services,AU,,AUD,,,,,,,,,,,0,,,,,,,,,,,,,,,,,,,,,,,,,,0,,false,excluded_sector:Financial Services,
CCR.AX,CCR,Credit Clear Limited,Technology,Information Technology Services,AU,AUD,AUD,0.135,503261845,67940352,48442317.3,,,,,,,0,,,,,,,,,,,,,,,,,,,,,,,,,,0,,false,below_min_market_cap:48442317,
CCV.AX,CCV,Cash Converters International Limited,Consumer Cyclical,Specialty Retail,AU,AUD,AUD,0.28,711522934,199226432,142050927.8,408990016,65850000,,,revenue=provider_ttm|ebitda=latest_fiscal_year,,0,,,,,,,,,,,,,,,,,,,,,,,,,,4,2026-06-30,false,ttm_fcf_unavailable,revenue_ttm_from_provider|ebitda_ttm_from_latest_fy
CCX.AX,CCX,City Chic Collective Limited,Consumer Cyclical,Apparel Retail,AU,AUD,AUD,0.043,385157793,16561786,11808759.73,,,,,,,0,,,,,,,,,,,,,,,,,,,,,,,,,,0,,false,below_min_market_cap:11808760,
CDA.AX,CDA,Codan Limited,Technology,Scientific & Technical Instruments,AU,AUD,AUD,45.52,182321998,8299297280,5917502344,874964992,252942000,166703376,118861583.7,revenue=provider_ttm|ebitda=provider_ttm|fcf=provider_ttm_fcf_field,0.1905257668,1,0.1501158912,0.1002976406,0.2248432672,1006311142,191728201.9,179215788.9,127783090,114606770.3,28328697.92,6377275593,6377275593,5907771241,calculated,0.02003725386,0.1094014624,0.0575829442,,-0.06003130107,-0.2509727554,,-0.1555020282,215,138,,,4,2025-06-30,true,,revenue_ttm_from_provider|ebitda_ttm_from_provider|fcf_ttm_from_provider_fcf_field|preferred_stock_assumed_zero
CDE.AX,CDE,Codeifai Limited,Industrials,Security & Protection Services,AU,AUD,AUD,0.0045,1199558639,5398013,3848850.511,,,,,,,0,,,,,,,,,,,,,,,,,,,,,,,,,,0,,false,below_min_market_cap:3848851,
CDR.AX,CDR,Codrus Minerals Limited,Basic Materials,Gold,AU,AUD,AUD,0.041,258417972,10595137,7554464.663,,,,,,,0,,,,,,,,,,,,,,,,,,,,,,,,,,0,,false,below_min_market_cap:7554465,
CDT.AX,CDT,Castle Minerals Limited,Basic Materials,Gold,AU,AUD,AUD,0.077,215345535,16581606,11822891.63,,,,,,,0,,,,,,,,,,,,,,,,,,,,,,,,,,0,,false,below_min_market_cap:11822892,
CEH.AX,CEH,Coast Entertainment Holdings Limited,Consumer Cyclical,Leisure,AU,AUD,AUD,0.5,388561874,194280944,138524733.2,116466000,13034000,2943125,2098484.787,revenue=provider_ttm|ebitda=provider_ttm|fcf=provider_ttm_fcf_field,0.02527025055,1,0.1512574239,0.1131069895,0.2084830756,134082347.1,3388294.506,3165709.753,2257190.489,792156.8396,24962566.12,274211003.8,274211003.8,114354318.2,calculated,0.00823158246,0.1089134188,1.04486295,,-0.06239649134,2.521845621,,1.229724565,251,22,,,4,2026-06-30,true,,revenue_ttm_from_provider|ebitda_ttm_from_provider|fcf_ttm_from_provider_fcf_field|preferred_stock_assumed_zero
CEL.AX,CEL,Challenger Gold Limited,Basic Materials,Other Precious Metals & Mining,AU,AUD,AUD,2.05,171081273,350716608,250065310.3,,,,,,,0,,,,,,,,,,,,,,,,,,,,,,,,,,0,2025-12-31,false,insufficient_annual_history:0,
CEN.AX,CEN,Contact Energy Limited,Utilities,Utilities - Renewable,AU,AUD,NZD,6.86,1070627153,7344502272,5236721610,3241999872,1024000000,185750000,106949569.2,revenue=provider_ttm|ebitda=provider_ttm|fcf=provider_ttm_fcf_field,0.05729488197,1,0.06472378914,0.1500769678,-0.0633059789,3451834388,197772443.8,191761221.9,110410659.8,1756679061,441041022.8,9563069188,9563069188,6865955211,calculated,0.01154552557,0.1335411255,0.2670284939,,0.05695596975,0.3372640829,,0.1971100263,241,89,,,4,2026-06-30,true,,reporting_currency_differs:NZD_vs_AUD|revenue_ttm_from_provider|ebitda_ttm_from_provider|fcf_ttm_from_provider_fcf_field|preferred_stock_assumed_zero
CF1.AX,CF1,Complii FinTech Solutions Ltd,Technology,Software - Application,AU,AUD,AUD,0.022,612111039,13466443,9601741.609,,,,,,,0,,,,,,,,,,,,,,,,,,,,,,,,,,0,,false,below_min_market_cap:9601742,
CG1.AX,CG1,Carbonxt Group Limited,Basic Materials,Specialty Chemicals,AU,AUD,AUD,0.0795,433330377,34449764,24563110.87,,,,,,,0,,,,,,,,,,,,,,,,,,,,,,,,,,0,,false,below_min_market_cap:24563111,
CGF.AX,CGF,Challenger Limited,Financial Services,Insurance - Life,AU,,AUD,,,,,,,,,,,0,,,,,,,,,,,,,,,,,,,,,,,,,,0,,false,excluded_sector:Financial Services,
CGO.AX,CGO,CPT Global Limited,Technology,Information Technology Services,AU,AUD,AUD,0.09,41897365,3770763,2688600.991,,,,,,,0,,,,,,,,,,,,,,,,,,,,,,,,,,0,,false,below_min_market_cap:2688601,
CGR.AX,CGR,CGN Resources Limited,Basic Materials,Other Industrial Metals & Mining,AU,AUD,AUD,0.064,115173191,7371084,5255674.713,,,,,,,0,,,,,,,,,,,,,,,,,,,,,,,,,,0,,false,below_min_market_cap:5255675,
CGS.AX,CGS,Cogstate Limited,Healthcare,Health Information Services,AU,AUD,USD,3.14,171989017,540045568,385059217.3,60864200,14810375,1219346,1219346,revenue=provider_ttm|ebitda=provider_ttm|fcf=provider_ttm_fcf_field,0.0200338787,1,0.1374743242,0.1300036073,0.1486803994,69231464.76,1386974.767,1303160.384,1303160.384,359181,34781144,408911584.3,408911584.3,355882199.9,calculated,0.003186900136,0.1266629315,0.3682994448,,0.02362239978,0.6216879059,,0.3226551528,266,74,,,4,2026-06-30,true,,reporting_currency_differs:USD_vs_AUD|revenue_ttm_from_provider|ebitda_ttm_from_provider|fcf_ttm_from_provider_fcf_field|preferred_stock_assumed_zero
CHC.AX,CHC,Charter Hall Group,Real Estate,REIT - Diversified,AU,,AUD,,,,,,,,,,,0,,,,,,,,,,,,,,,,,,,,,,,,,,0,,false,excluded_industry:reit,
CHI.AX,CHI,Channel Infrastructure NZ Limited,Energy,Oil & Gas Refining & Marketing,AU,AUD,NZD,2.63,414389163,1089843456,777071960.2,142900992,97167000,3672750,2114665.034,revenue=provider_ttm|ebitda=provider_ttm|fcf=provider_ttm_fcf_field,0.02570136112,1,0.08376440309,0.1561331117,-0.02478865987,154871008.3,3980395.711,3826572.856,2203231.862,193204756.6,1670889.097,1417484253,1417484253,1026116967,calculated,0.001554325459,0.1239914525,0.1380001679,,0.01067569745,-0.02511752253,,-0.007220912536,271,112,,,4,2025-12-31,true,,reporting_currency_differs:NZD_vs_AUD|revenue_ttm_from_provider|ebitda_ttm_from_provider|fcf_ttm_from_provider_fcf_field|preferred_stock_assumed_zero
CHL.AX,CHL,Camplify Holdings Limited,Communication Services,Internet Content & Information,AU,AUD,AUD,0.33,82225401,27134384,19347153.8,,,,,,,0,,,,,,,,,,,,,,,,,,,,,,,,,,0,,false,below_min_market_cap:19347154,
CHM.AX,CHM,Chimeric Therapeutics Limited,Healthcare,Biotechnology,AU,AUD,AUD,0.006,95906427,575438,410294.4622,,,,,,,0,,,,,,,,,,,,,,,,,,,,,,,,,,0,,false,below_min_market_cap:410294,
CHN.AX,CHN,Chalice Mining Limited,Basic Materials,Other Industrial Metals & Mining,AU,AUD,AUD,1.155,390162539,450637696,321310290.8,,,,,,,0,,,,,,,,,,,,,,,,,,,,,,,,,,2,2025-06-30,false,insufficient_annual_history:2,
CHR.AX,CHR,Charger Metals NL,Basic Materials,Other Industrial Metals & Mining,AU,AUD,AUD,0.073,89895788,6562392,4679067.243,,,,,,,0,,,,,,,,,,,,,,,,,,,,,,,,,,0,,false,below_min_market_cap:4679067,
CHW.AX,CHW,Chilwa Minerals Limited,Basic Materials,Other Industrial Metals & Mining,AU,AUD,AUD,0.86,97927305,84217480,60048112.33,,,,,,,0,,,,,,,,,,,,,,,,,,,,,,,,,,0,2024-06-30,false,insufficient_annual_history:0,stale_statements:807d
CIA.AX,CIA,Champion Iron Limited,Basic Materials,Steel,AU,AUD,CAD,3.12,560046922,1747346304,1245879681,1736579968,454944992,-38077376,-27350901.44,revenue=provider_ttm|ebitda=provider_ttm|fcf=provider_ttm_fcf_field,-0.004729325241,4,0.09013190915,0.08251822918,0.1015524291,1893101236,-8953091.459,-23515233.73,,,,,,,,,,,,,,,,,,,,4,2026-03-31,false,expected_fcf_not_positive,reporting_currency_differs:CAD_vs_AUD|revenue_ttm_from_provider|ebitda_ttm_from_provider|fcf_ttm_from_provider_fcf_field
CIW.AX,CIW,Clime Investment Management Limited,Financial Services,Asset Management,AU,,AUD,,,,,,,,,,,0,,,,,,,,,,,,,,,,,,,,,,,,,,0,,false,excluded_sector:Financial Services,
CKA.AX,CKA,Cokal Limited,Basic Materials,Coking Coal,AU,AUD,USD,0.055,1078948980,59342196,42311724.97,,,,,,,0,,,,,,,,,,,,,,,,,,,,,,,,,,0,,false,below_min_market_cap:42311725,
CKF.AX,CKF,Collins Foods Limited,Consumer Cyclical,Restaurants,AU,AUD,AUD,8.03,118440689,951078720,678130974.8,1592617984,163070000,111809296,79721420.84,revenue=provider_ttm|ebitda=provider_ttm|fcf=provider_ttm_fcf_field,0.07020471772,1,0.05345045594,0.05699918399,0.04812736387,1677744141,117785553.8,114797424.9,81851993.99,600921907.6,66961851.88,1512798330,1512798330,1209822105,calculated,0.05410634872,0.0512717735,0.1040108413,,-0.341743338,-0.1205780088,,-0.2311606734,111,159,,,4,2026-04-30,true,,revenue_ttm_from_provider|ebitda_ttm_from_provider|fcf_ttm_from_provider_fcf_field|preferred_stock_assumed_zero
CLA.AX,CLA,Celsius Resources Limited,Basic Materials,Other Industrial Metals & Mining,AU,AUD,AUD,0.004,3724664005,14898657,10622928.03,,,,,,,0,,,,,,,,,,,,,,,,,,,,,,,,,,0,,false,below_min_market_cap:10622928,
CLG.AX,CLG,Close the Loop Ltd,Industrials,Waste Management,AU,AUD,AUD,0.041,594100842,24358136,17367654.39,,,,,,,0,,,,,,,,,,,,,,,,,,,,,,,,,,0,,false,below_min_market_cap:17367654,
CLU.AX,CLU,Cluey Ltd,Consumer Defensive,Education & Training Services,AU,AUD,AUD,0.01,411674379,4116743,2935289.041,,,,,,,0,,,,,,,,,,,,,,,,,,,,,,,,,,0,,false,below_min_market_cap:2935289,
CLV.AX,CLV,Clover Corporation Limited,Consumer Defensive,Packaged Foods,AU,AUD,AUD,0.88,166999341,146959424,104783900,92495000,13359500,1811000,1291265.559,revenue=provider_ttm|ebitda=provider_ttm|fcf=provider_ttm_fcf_field,0.01957943673,1,0.1936368162,0.06769777857,0.3825453727,110405437.3,2161676.274,1986338.137,1416283.835,1726916.171,6191087.163,151822044.8,151822044.8,98539359.69,calculated,0.00932857832,0.03797741225,-0.02506109515,,-0.4061713723,-0.4830820959,,-0.4446267341,248,200,,,4,2025-07-31,true,,revenue_ttm_from_provider|ebitda_ttm_from_provider|fcf_ttm_from_provider_fcf_field|preferred_stock_assumed_zero
CLX.AX,CLX,CTI Logistics Limited,Industrials,Integrated Freight & Logistics,AU,AUD,AUD,2.78,79318751,220506128,157223616.1,357133952,52408240,32817140,23399029.62,revenue=provider_ttm|ebitda=provider_ttm|fcf=provider_ttm_fcf_field,0.09189028323,1,0.03399001569,0.04744492669,0.01380764918,369272940.6,33932595.1,33374867.55,23796696.31,101949926.4,7517014.397,343272739.4,343272739.4,252406181.6,calculated,0.06932300059,0.04740347624,0.05458123618,,-0.3604901423,-0.2594031815,,-0.3099466619,87,174,,,4,2025-06-30,true,,revenue_ttm_from_provider|ebitda_ttm_from_provider|fcf_ttm_from_provider_fcf_field|preferred_stock_assumed_zero
CLZ.AX,CLZ,Classic Minerals Limited,Basic Materials,Other Industrial Metals & Mining,AU,AUD,AUD,0.001,5509605457,5509605,3928416.998,,,,,,,0,,,,,,,,,,,,,,,,,,,,,,,,,,0,,false,below_min_market_cap:3928417,
CMA.AX,CMA,Carma Limited,Consumer Cyclical,Auto & Truck Dealerships,AU,AUD,AUD,0.755,137417255,103750024,73975059.52,113835000,-35494000,-40108752,-28598039.81,revenue=provider_ttm|ebitda=provider_ttm|fcf=provider_ttm_fcf_field,,0,,,,,,,,,,,,,,,,,,,,,,,,,,3,2025-06-30,false,ttm_ebitda_not_positive,annual_history_below_preferred:3|revenue_ttm_from_provider|ebitda_ttm_from_provider|fcf_ttm_from_provider_fcf_field
CMB.AX,CMB,Cambium Bio Limited,Healthcare,Biotechnology,AU,AUD,AUD,0.46,29431918,13538683,9653249.629,,,,,,,0,,,,,,,,,,,,,,,,,,,,,,,,,,0,,false,below_min_market_cap:9653250,
CMD.AX,CMD,Cassius Mining Limited,Basic Materials,Other Industrial Metals & Mining,AU,AUD,AUD,0.017,874677726,14869522,10602154.41,,,,,,,0,,,,,,,,,,,,,,,,,,,,,,,,,,0,,false,below_min_market_cap:10602154,
CMG.AX,CMG,Critical Minerals Group Limited,Basic Materials,Other Industrial Metals & Mining,AU,AUD,AUD,0.068,126122934,8576360,6115051.515,,,,,,,0,,,,,,,,,,,,,,,,,,,,,,,,,,0,,false,below_min_market_cap:6115052,
CML.AX,CML,Connected Minerals Limited,Basic Materials,Other Industrial Metals & Mining,AU,AUD,AUD,0.41,142555938,58447932,41674103.6,,,,,,,0,,,,,,,,,,,,,,,,,,,,,,,,,,0,,false,below_min_market_cap:41674104,
CMM.AX,CMM,Capricorn Metals Ltd,Basic Materials,Gold,AU,AUD,AUD,14.75,457143296,6742863872,4807745936,711361024,416430016,52260000,37262031,revenue=provider_ttm|ebitda=provider_ttm|fcf=provider_ttm_fcf_field,0.07346480653,1,0.3,0.3534086561,0.9775023838,924769331.2,67938000,60099000,42851335.65,14470587.81,359936531.4,5483398679,5483398679,4458247992,calculated,0.007814740119,0.3126595873,0.370780772,,0.925011995,0.6286568201,,0.7768344075,252,38,,,4,2026-06-30,true,,revenue_ttm_from_provider|ebitda_ttm_from_provider|fcf_ttm_from_provider_fcf_field|growth_clamped_high|preferred_stock_assumed_zero
CMO.AX,CMO,Cosmo Metals Limited,Basic Materials,Other Industrial Metals & Mining,AU,AUD,AUD,0.005,789052042,3945260,2813019.526,,,,,,,0,,,,,,,,,,,,,,,,,,,,,,,,,,0,,false,below_min_market_cap:2813020,
CMP.AX,CMP,Compumedics Limited,Healthcare,Medical Devices,AU,AUD,AUD,0.275,199761754,54934484,39168971.41,,,,,,,0,,,,,,,,,,,,,,,,,,,,,,,,,,0,,false,below_min_market_cap:39168971,
CMW.AX,CMW,Cromwell Property Group,Real Estate,REIT - Office,AU,,AUD,,,,,,,,,,,0,,,,,,,,,,,,,,,,,,,,,,,,,,0,,false,excluded_industry:reit,
CMX.AX,CMX,ChemX Materials Limited,Industrials,Electrical Equipment & Parts,AU,AUD,AUD,0.026,1290223210,33545804,23918576.13,,,,,,,0,,,,,,,,,,,,,,,,,,,,,,,,,,0,,false,below_min_market_cap:23918576,
CNB.AX,CNB,Carnaby Resources Limited,Basic Materials,Other Precious Metals & Mining,AU,AUD,AUD,0.865,276119864,238843696,170298530.5,,,,,,,0,,,,,,,,,,,,,,,,,,,,,,,,,,0,2026-06-30,false,insufficient_annual_history:0,
CND.AX,CND,Condor Energy Limited,Energy,Oil & Gas E&P,AU,AUD,AUD,0.018,863826192,15548870,11086538,,,,,,,0,,,,,,,,,,,,,,,,,,,,,,,,,,0,,false,below_min_market_cap:11086538,
CNI.AX,CNI,Centuria Capital Group,Real Estate,REIT - Diversified,AU,,AUD,,,,,,,,,,,0,,,,,,,,,,,,,,,,,,,,,,,,,,0,,false,excluded_industry:reit,
CNJ.AX,CNJ,Conico Ltd,Basic Materials,Other Industrial Metals & Mining,AU,AUD,AUD,0.01,651986967,6519869,4648747.814,,,,,,,0,,,,,,,,,,,,,,,,,,,,,,,,,,0,,false,below_min_market_cap:4648748,
CNQ.AX,CNQ,Clean TeQ Water Limited,Utilities,Utilities - Regulated Water,AU,AUD,AUD,0.755,88840285,67074416,47824894.15,,,,,,,0,,,,,,,,,,,,,,,,,,,,,,,,,,0,,false,below_min_market_cap:47824894,
CNU.AX,CNU,Chorus Limited,Communication Services,Telecom Services,AU,AUD,NZD,6.71,433887294,2911383808,2075852922,1029000000,654000000,131127000,75499198.69,revenue=provider_ttm|ebitda=provider_ttm|fcf=provider_ttm_fcf_field,0.1274314869,1,0.04310097198,0.01639635681,0.08315789474,1073350900,136778701.2,133952850.6,77126243.11,1993896948,114578542.5,4548216044,4548216044,4882269770,calculated,0.01695747132,0.008767951625,0.01985005355,,-0.5477282394,-0.3569472023,,-0.4523377208,228,202,,,4,2026-06-30,true,,reporting_currency_differs:NZD_vs_AUD|revenue_ttm_from_provider|ebitda_ttm_from_provider|fcf_ttm_from_provider_fcf_field|preferred_stock_assumed_zero
COB.AX,COB,Cobalt Blue Holdings Limited,Basic Materials,Other Industrial Metals & Mining,AU,AUD,AUD,0.07,587464817,41122540,29320883.28,,,,,,,0,,,,,,,,,,,,,,,,,,,,,,,,,,0,,false,below_min_market_cap:29320883,
COD.AX,COD,Coda Minerals Limited,Basic Materials,Other Industrial Metals & Mining,AU,AUD,AUD,0.12,426539160,51184700,36495328.7,,,,,,,0,,,,,,,,,,,,,,,,,,,,,,,,,,0,,false,below_min_market_cap:36495329,
COG.AX,COG,COG Financial Services Limited,Financial Services,Capital Markets,AU,,AUD,,,,,,,,,,,0,,,,,,,,,,,,,,,,,,,,,,,,,,0,,false,excluded_sector:Financial Services,
COH.AX,COH,Cochlear Limited,Healthcare,Medical Devices,AU,AUD,AUD,136.43,65398917,8922373120,6361763180,2347599872,479900000,313587488,223591785.3,revenue=provider_ttm|ebitda=provider_ttm|fcf=provider_ttm_fcf_field,0.1335779115,1,0.04057673789,0.06634754139,0.001920532628,2442857817,326311845.3,319949666.7,228128097.9,151657749.6,133832438.2,7620586672,7620586672,6379589176,calculated,0.0299357658,0.06057050009,-0.08412391574,,-0.2966792193,-0.6489625688,,-0.472820894,181,211,,,4,2026-06-30,true,,revenue_ttm_from_provider|ebitda_ttm_from_provider|fcf_ttm_from_provider_fcf_field|preferred_stock_assumed_zero
COI.AX,COI,Comet Ridge Limited,Energy,Oil & Gas E&P,AU,AUD,AUD,0.084,1679009030,141036752,100560961.1,,,,,,,0,,,,,,,,,,,,,,,,,,,,,,,,,,0,2025-06-30,false,insufficient_annual_history:0,
COL.AX,COL,Coles Group Limited,Consumer Defensive,Grocery Stores,AU,AUD,AUD,23.69,1343143461,3.181906944e+10,2.268739288e+10,4.572200141e+10,2644999936,1769124992,1261408157,revenue=provider_ttm|ebitda=provider_ttm|fcf=provider_ttm_fcf_field,0.03869307855,1,0.03526741403,0.04032062992,0.02768759019,4.733449816e+10,1831517456,1800321224,1283651459,7053119224,404991075.5,3.214906818e+10,3.214906818e+10,2.925951011e+10,calculated,0.03992810777,0.03695009943,0.03200754598,,-0.4111500053,-0.3228023617,,-0.3669761835,155,181,,,4,2026-06-30,true,,revenue_ttm_from_provider|ebitda_ttm_from_provider|fcf_ttm_from_provider_fcf_field|preferred_stock_assumed_zero
COS.AX,COS,COSOL Limited,Technology,Information Technology Services,AU,AUD,AUD,0.19,181988796,34577872,24654453.47,,,,,,,0,,,,,,,,,,,,,,,,,,,,,,,,,,0,,false,below_min_market_cap:24654453,
COV.AX,COV,Cleo Diagnostics Ltd,Healthcare,Medical Devices,AU,AUD,AUD,0.31,142383746,44138960,31471628.31,,,,,,,0,,,,,,,,,,,,,,,,,,,,,,,,,,0,,false,below_min_market_cap:31471628,
COY.AX,COY,Coppermoly Limited,Basic Materials,Other Precious Metals & Mining,AU,AUD,AUD,0.005,882657429,4413287,3146728.607,,,,,,,0,,,,,,,,,,,,,,,,,,,,,,,,,,0,,false,below_min_market_cap:3146729,
CP8.AX,CP8,Canadian Phosphate Limited,Basic Materials,Agricultural Inputs,AU,AUD,AUD,0.155,394528312,61151892,43602060.76,,,,,,,0,,,,,,,,,,,,,,,,,,,,,,,,,,0,,false,below_min_market_cap:43602061,
CPM.AX,CPM,Cooper Metals Limited,Basic Materials,Other Industrial Metals & Mining,AU,AUD,AUD,0.084,114994562,9659543,6887374.487,,,,,,,0,,,,,,,,,,,,,,,,,,,,,,,,,,0,,false,below_min_market_cap:6887374,
CPN.AX,CPN,Caspin Resources Limited,Basic Materials,Other Industrial Metals & Mining,AU,AUD,AUD,0.13,297249815,38642476,27552566.75,,,,,,,0,,,,,,,,,,,,,,,,,,,,,,,,,,0,,false,below_min_market_cap:27552567,
CPO.AX,CPO,Culpeo Minerals Limited,Basic Materials,Copper,AU,AUD,AUD,0.018,797541636,14355749,10235827.87,,,,,,,0,,,,,,,,,,,,,,,,,,,,,,,,,,0,,false,below_min_market_cap:10235828,
CPU.AX,CPU,Computershare Limited,Financial Services,Capital Markets,AU,,USD,,,,,,,,,,,0,,,,,,,,,,,,,,,,,,,,,,,,,,0,,false,excluded_sector:Financial Services,
CPV.AX,CPV,ClearVue Technologies Limited,Technology,Solar,AU,AUD,AUD,0.069,364005606,25116386,17908296.09,,,,,,,0,,,,,,,,,,,,,,,,,,,,,,,,,,0,,false,below_min_market_cap:17908296,
CQT.AX,CQT,CONNEQT Health Limited,Healthcare,Medical Devices,AU,AUD,AUD,0.018,922654776,16607785,11841557.59,,,,,,,0,,,,,,,,,,,,,,,,,,,,,,,,,,0,,false,below_min_market_cap:11841558,
CR1.AX,CR1,Constellation Resources Limited,Basic Materials,Other Industrial Metals & Mining,AU,AUD,AUD,0.13,107192598,13935037,9935854.968,,,,,,,0,,,,,,,,,,,,,,,,,,,,,,,,,,0,,false,below_min_market_cap:9935855,
CR3.AX,CR3,Core Energy Minerals Ltd,Basic Materials,Other Industrial Metals & Mining,AU,AUD,AUD,0.006,891837653,5351026,3815348.195,,,,,,,0,,,,,,,,,,,,,,,,,,,,,,,,,,0,,false,below_min_market_cap:3815348,
CRB.AX,CRB,Carbine Resources Limited,Basic Materials,Other Industrial Metals & Mining,AU,AUD,AUD,0.01,1191865701,11918657,8498150.91,,,,,,,0,,,,,,,,,,,,,,,,,,,,,,,,,,0,,false,below_min_market_cap:8498151,
CRD.AX,CRD,Conrad Asia Energy Ltd.,Energy,Oil & Gas E&P,AU,AUD,USD,0.605,194554741,117705616,83925570.45,,,,,,,0,,,,,,,,,,,,,,,,,,,,,,,,,,1,2025-12-31,false,insufficient_annual_history:1,reporting_currency_differs:USD_vs_AUD
CRI.AX,CRI,Critica Limited,Basic Materials,Other Industrial Metals & Mining,AU,AUD,AUD,0.021,3030806096,63646924,45381049.65,,,,,,,0,,,,,,,,,,,,,,,,,,,,,,,,,,0,,false,below_min_market_cap:45381050,
CRN.AX,CRN,Coronado Global Resources Inc.,Basic Materials,Coking Coal,AU,AUD,USD,0.225,1878223345,422600256,301319246.8,2013981056,-159282000,-250438128,-250438128,revenue=provider_ttm|ebitda=provider_ttm|fcf=provider_ttm_fcf_field,,0,,,,,,,,,,,,,,,,,,,,,,,,,,4,2025-12-31,false,ttm_ebitda_not_positive,reporting_currency_differs:USD_vs_AUD|revenue_ttm_from_provider|ebitda_ttm_from_provider|fcf_ttm_from_provider_fcf_field
CRR.AX,CRR,Critical Resources Limited,Basic Materials,Other Industrial Metals & Mining,AU,AUD,AUD,0.006,3194085445,19164512,13664535.79,,,,,,,0,,,,,,,,,,,,,,,,,,,,,,,,,,0,,false,below_min_market_cap:13664536,
CRS.AX,CRS,Caprice Resources Limited,Basic Materials,Other Industrial Metals & Mining,AU,AUD,AUD,0.079,871443814,68844064,49086675.22,,,,,,,0,,,,,,,,,,,,,,,,,,,,,,,,,,0,,false,below_min_market_cap:49086675,
CSC.AX,CSC,Capstone Copper Corp.,Basic Materials,Copper,AU,AUD,USD,13.95,763949339,1.065709261e+10,7598639784,2675545088,985724032,204828992,204828992,revenue=provider_ttm|ebitda=provider_ttm|fcf=provider_ttm_fcf_field,0.01975307794,4,0.3,0.2211234518,0.4756487842,3478208614,68705325.85,136767158.9,136767158.9,1312845000,367075000,9024445784,9024445784,4994710442,calculated,0.0151551865,0.2087861387,0.4514593305,0.8111883042,0.4216134505,0.8552460231,1.120824545,0.7992280061,232,37,,,4,2025-12-31,true,,reporting_currency_differs:USD_vs_AUD|revenue_ttm_from_provider|ebitda_ttm_from_provider|fcf_ttm_from_provider_fcf_field|growth_clamped_high|preferred_stock_assumed_zero
CSL.AX,CSL,CSL Limited,Healthcare,Biotechnology,AU,AUD,USD,174.26,479884274,8.362463232e+10,5.962540455e+10,1.579700019e+10,5078000128,1892875008,1892875008,revenue=provider_ttm|ebitda=provider_ttm|fcf=provider_ttm_fcf_field,0.1198249658,1,0.04304957009,0.06017010871,0.01736876215,1.647705426e+10,1974362463,1933618736,1933618736,1.0896e+10,1513000000,7.051840455e+10,7.051840455e+10,6.727144038e+10,calculated,0.0274200579,0.05636018443,-0.4697133816,,-0.3170835363,-1.731907175,,-1.024495355,191,248,,,4,2026-06-30,true,,reporting_currency_differs:USD_vs_AUD|ttm_quarter_window_unusable|revenue_ttm_from_provider|ebitda_ttm_from_provider|fcf_ttm_from_provider_fcf_field|preferred_stock_assumed_zero
CST.AX,CST,Castile Resources Limited,Basic Materials,Other Industrial Metals & Mining,AU,AUD,AUD,0.071,383275854,27212586,19402912.8,,,,,,,0,,,,,,,,,,,,,,,,,,,,,,,,,,0,,false,below_min_market_cap:19402913,
CSX.AX,CSX,CleanSpace Holdings Limited,Healthcare,Medical Devices,AU,AUD,AUD,0.38,82042297,31176072,22228927.69,,,,,,,0,,,,,,,,,,,,,,,,,,,,,,,,,,0,,false,below_min_market_cap:22228928,
CT1.AX,CT1,Constellation Technologies Limited,Technology,Information Technology Services,AU,AUD,AUD,0.002,1487233703,2974467,2120832.024,,,,,,,0,,,,,,,,,,,,,,,,,,,,,,,,,,0,,false,below_min_market_cap:2120832,
CTD.AX,CTD,Corporate Travel Management Limited,Consumer Cyclical,Travel Services,AU,AUD,AUD,2.4,146325746,351181792,250396992.3,665865024,57301000,-15790750,-11259001.45,revenue=provider_ttm|ebitda=provider_ttm|fcf=provider_ttm_fcf_field,-0.023714641,1,0.074588906,0.1920549783,-0.1016102024,715531167.7,-16968564.77,-16379657.38,,,,,,,,,,,,,,,,,,,,4,2025-06-30,false,expected_fcf_not_positive,revenue_ttm_from_provider|ebitda_ttm_from_provider|fcf_ttm_from_provider_fcf_field
CTE.AX,CTE,Cryosite Limited,Healthcare,Diagnostics & Research,AU,AUD,AUD,1.18,48809563,57595284,41066154.95,,,,,,,0,,,,,,,,,,,,,,,,,,,,,,,,,,0,,false,below_min_market_cap:41066155,
CTM.AX,CTM,Centaurus Metals Limited,Basic Materials,Other Industrial Metals & Mining,AU,AUD,AUD,0.475,574428304,272853440,194547901.6,,,,,,,0,,,,,,,,,,,,,,,,,,,,,,,,,,0,2025-12-31,false,insufficient_annual_history:0,
CTN.AX,CTN,Catalina Resources Ltd,Basic Materials,Gold,AU,AUD,AUD,0.044,246185567,10832165,7723468.58,,,,,,,0,,,,,,,,,,,,,,,,,,,,,,,,,,0,,false,below_min_market_cap:7723469,
CTO.AX,CTO,Citigold Corporation Limited,Basic Materials,Gold,AU,AUD,AUD,0.015,3450000000,51749996,36898391.79,,,,,,,0,,,,,,,,,,,,,,,,,,,,,,,,,,0,,false,below_min_market_cap:36898392,
CTP.AX,CTP,Central Petroleum Limited,Energy,Oil & Gas E&P,AU,AUD,AUD,0.065,751964455,48929656,34887454.24,,,,,,,0,,,,,,,,,,,,,,,,,,,,,,,,,,0,,false,below_min_market_cap:34887454,
CTQ.AX,CTQ,Careteq Limited,Healthcare,Health Information Services,AU,AUD,AUD,0.014,733118720,10263662,7318118.859,,,,,,,0,,,,,,,,,,,,,,,,,,,,,,,,,,0,,false,below_min_market_cap:7318119,
CTS.AX,CTS,Ceretas Limited,Healthcare,Medical Care Facilities,AU,AUD,AUD,0.925,,,,,,,,,,0,,,,,,,,,,,,,,,,,,,,,,,,,,0,,false,market_cap_unavailable,
CTT.AX,CTT,Cettire Limited,Consumer Cyclical,Luxury Goods,AU,AUD,AUD,0.19,381238220,72435256,51647239.85,718382144,-8144966,7407646,5281743.874,revenue=provider_ttm|ebitda=provider_ttm|fcf=provider_ttm_fcf_field,,0,,,,,,,,,,,,,,,,,,,,,,,,,,4,2025-06-30,false,ttm_ebitda_not_positive,revenue_ttm_from_provider|ebitda_ttm_from_provider|fcf_ttm_from_provider_fcf_field
CU6.AX,CU6,Clarity Pharmaceuticals Ltd,Healthcare,Biotechnology,AU,AUD,AUD,2.19,373081230,817047872,582565310.6,,,,,,,0,,,,,,,,,,,,,,,,,,,,,,,,,,0,2026-06-30,false,insufficient_annual_history:0,
CUE.AX,CUE,Cue Energy Resources Limited,Energy,Oil & Gas E&P,AU,AUD,AUD,0.105,,,,,,,,,,0,,,,,,,,,,,,,,,,,,,,,,,,,,0,,false,market_cap_unavailable,
CUF.AX,CUF,CuFe Ltd,Basic Materials,Other Industrial Metals & Mining,AU,AUD,AUD,0.053,2073609065,109901280,78360981.67,,-5407438,-2790295,-1989515.093,ebitda=provider_ttm|fcf=provider_ttm_fcf_field,,0,,,,,,,,,,,,,,,,,,,,,,,,,,3,2025-06-30,false,ttm_revenue_unavailable,annual_history_below_preferred:3|ebitda_ttm_from_provider|fcf_ttm_from_provider_fcf_field
CUL.AX,CUL,Cullen Resources Limited,Basic Materials,Other Industrial Metals & Mining,AU,AUD,AUD,0.006,693401849,4160411,2966424.869,,,,,,,0,,,,,,,,,,,,,,,,,,,,,,,,,,0,,false,below_min_market_cap:2966425,
CUP.AX,CUP,Count Limited,Industrials,Specialty Business Services,AU,AUD,AUD,1.5,215859462,323789184,230865721.6,165903008,27189000,21022124,14989036.28,revenue=provider_ttm|ebitda=provider_ttm|fcf=provider_ttm_fcf_field,0.1267133384,1,0.2520151379,0.2341510536,0.2788112643,207713077.4,26320017.48,23671070.74,16877768.31,45480925.59,16560427.32,269508144.7,269508144.7,231696307,calculated,0.06262433487,0.2107790899,0.2146711329,,0.4312718259,0.1902161818,,0.3107440039,98,76,,,4,2025-06-30,true,,revenue_ttm_from_provider|ebitda_ttm_from_provider|fcf_ttm_from_provider_fcf_field|preferred_stock_assumed_zero
CUV.AX,CUV,Clinuvel Pharmaceuticals Limited,Healthcare,Biotechnology,AU,AUD,AUD,8.36,50427898,421577216,300589806.6,94024400,41108156,25389714,18103182.36,revenue=provider_ttm|ebitda=provider_ttm|fcf=provider_ttm_fcf_field,0.2700332467,1,0.03350190225,0.06280484305,-0.01045250894,97174396.26,26240317.72,25815015.86,18406427.88,1382164.666,179718632.9,316821100.9,316821100.9,122253344,calculated,0.05809722846,0.06069444803,-0.05141630929,,-0.2960785343,-0.5571018488,,-0.4265901916,104,194,,,4,2026-06-30,true,,revenue_ttm_from_provider|ebitda_ttm_from_provider|fcf_ttm_from_provider_fcf_field|preferred_stock_assumed_zero
CVB.AX,CVB,CurveBeam AI Limited,Healthcare,Medical Devices,AU,AUD,AUD,0.022,768060989,16897342,12048015.33,,,,,,,0,,,,,,,,,,,,,,,,,,,,,,,,,,0,,false,below_min_market_cap:12048015,
CVC.AX,CVC,CVC Limited,Financial Services,Asset Management,AU,,AUD,,,,,,,,,,,0,,,,,,,,,,,,,,,,,,,,,,,,,,0,,false,excluded_sector:Financial Services,
CVL.AX,CVL,Civmec Limited,Industrials,Engineering & Construction,AU,AUD,AUD,1.725,509625000,879103104,626811464,902984000,97967000,-10259125,-7314883.922,revenue=provider_ttm|ebitda=provider_ttm|fcf=provider_ttm_fcf_field,0.01664404522,4,0.06247600984,0.02813392392,0.1139891387,959398837.3,15968277.63,2854576.314,2035348.471,90096967.07,38951157.51,677771177.4,677771177.4,677771205.9,calculated,0.003003002398,-0.0007303707277,-0.03890893916,-0.5828533402,-0.5937596527,-0.5219743616,-1.595981092,-0.9039050354,267,244,,,4,2026-06-30,true,,revenue_ttm_from_provider|ebitda_ttm_from_provider|fcf_ttm_from_provider_fcf_field|preferred_stock_assumed_zero
CVN.AX,CVN,Carnarvon Energy Limited,Energy,Oil & Gas E&P,AU,AUD,AUD,0.105,1789086882,187854112,133942321.9,,,,,,,0,,,,,,,,,,,,,,,,,,,,,,,,,,0,2025-06-30,false,insufficient_annual_history:0,
CVR.AX,CVR,Cavalier Resources Ltd,Basic Materials,Gold,AU,AUD,AUD,0.21,85172105,17886142,12753042.05,,,,,,,0,,,,,,,,,,,,,,,,,,,,,,,,,,0,,false,below_min_market_cap:12753042,
CVV.AX,CVV,Caravel Minerals Limited,Basic Materials,Copper,AU,AUD,AUD,0.27,558762558,150865904,107569268.9,,,,,,,0,,,,,,,,,,,,,,,,,,,,,,,,,,0,2025-06-30,false,insufficient_annual_history:0,
CWP.AX,CWP,Cedar Woods Properties Limited,Real Estate,Real Estate - Development,AU,AUD,AUD,6.5,85480583,555623808,396166696.5,502376000,102002000,-15266625,-10885293.8,revenue=provider_ttm|ebitda=provider_ttm|fcf=provider_ttm_fcf_field,-0.03038884222,1,0.08339300595,0.08685573676,0.07819890973,544270644.8,-16539754.75,-15903189.87,,,,,,,,,,,,,,,,,,,,4,2026-06-30,false,expected_fcf_not_positive,revenue_ttm_from_provider|ebitda_ttm_from_provider|fcf_ttm_from_provider_fcf_field
CWY.AX,CWY,Cleanaway Waste Management Limited,Industrials,Waste Management,AU,AUD,AUD,2.68,2241892062,6008270848,4283971959,4404100096,649400000,263037504,187549017,revenue=provider_ttm|ebitda=provider_ttm|fcf=provider_ttm_fcf_field,0.05972559621,1,0.09612391614,0.07029476712,0.1348676397,4827439444,288321699,275679601.5,196562990,1664741484,82852047.49,5867002216,5867002216,5915680683,calculated,0.03350313887,0.06450971804,0.1092519915,,-0.2775887143,-0.105858013,,-0.1917233637,172,147,,,4,2026-06-30,true,,revenue_ttm_from_provider|ebitda_ttm_from_provider|fcf_ttm_from_provider_fcf_field|preferred_stock_assumed_zero
CXL.AX,CXL,Calix Limited,Basic Materials,Specialty Chemicals,AU,AUD,AUD,0.225,216024545,48605520,34656341.23,,,,,,,0,,,,,,,,,,,,,,,,,,,,,,,,,,0,,false,below_min_market_cap:34656341,
CXO.AX,CXO,Core Lithium Ltd,Basic Materials,Other Industrial Metals & Mining,AU,AUD,AUD,0.355,3236801664,1149064448,819297265.2,-2421000,-11921000,-42662376,-30418805.53,revenue=provider_ttm|ebitda=provider_ttm|fcf=provider_ttm_fcf_field,,0,,,,,,,,,,,,,,,,,,,,,,,,,,3,2025-06-30,false,ttm_ebitda_not_positive,annual_history_below_preferred:3|revenue_ttm_from_provider|ebitda_ttm_from_provider|fcf_ttm_from_provider_fcf_field
CXU.AX,CXU,Cauldron Energy Limited,Basic Materials,Other Industrial Metals & Mining,AU,AUD,AUD,0.11,2036977030,224067472,159762898.7,,,,,,,0,,,,,,,,,,,,,,,,,,,,,,,,,,0,2025-06-30,false,insufficient_annual_history:0,
CXZ.AX,CXZ,Connexion Mobility Ltd,Technology,Software - Application,AU,AUD,USD,0.021,697177406,14640725,10439019.3,,,,,,,0,,,,,,,,,,,,,,,,,,,,,,,,,,0,,false,below_min_market_cap:10439019,
CY5.AX,CY5,Cygnus Metals Limited,Basic Materials,Other Industrial Metals & Mining,AU,AUD,AUD,0.175,1247528798,218317536,155663122.7,28250,-9249800,-18903816,-13478656.29,revenue=provider_ttm|ebitda=provider_ttm|fcf=provider_ttm_fcf_field,,0,,,,,,,,,,,,,,,,,,,,,,,,,,4,2025-12-31,false,ttm_ebitda_not_positive,revenue_ttm_from_provider|ebitda_ttm_from_provider|fcf_ttm_from_provider_fcf_field
CYB.AX,CYB,AUCyber Limited,Technology,Software - Infrastructure,AU,AUD,AUD,0.051,210369595,10728849,7649802.985,,,,,,,0,,,,,,,,,,,,,,,,,,,,,,,,,,0,,false,below_min_market_cap:7649803,
CYC.AX,CYC,Cyclopharm Limited,Healthcare,Medical Devices,AU,AUD,AUD,0.5,125734145,62867072,44825005.46,,,,,,,0,,,,,,,,,,,,,,,,,,,,,,,,,,0,,false,below_min_market_cap:44825005,
CYG.AX,CYG,Coventry Group Ltd,Industrials,Industrial Distribution,AU,AUD,AUD,0.44,139066000,61189040,43628547.75,,,,,,,0,,,,,,,,,,,,,,,,,,,,,,,,,,0,,false,below_min_market_cap:43628548,
CYL.AX,CYL,Catalyst Metals Limited,Basic Materials,Gold,AU,AUD,AUD,6.45,263669017,1700665216,1212595484,631937984,342500992,14133625,10077450.69,revenue=provider_ttm|ebitda=provider_ttm|fcf=provider_ttm_fcf_field,0.02236552535,1,0.3,1.237345249,3.957681722,821519379.2,18373712.5,16253668.75,11589068.29,23532976.14,22028519.86,1358114196,1358114196,995086573.4,calculated,0.008533206059,0.8564827073,1.064056212,,3,2.575750724,,2.787875362,250,1,,,3,2026-06-30,true,,annual_history_below_preferred:3|revenue_ttm_from_provider|ebitda_ttm_from_provider|fcf_ttm_from_provider_fcf_field|growth_clamped_high|preferred_stock_assumed_zero
CYM.AX,CYM,Cyprium Metals Limited,Basic Materials,Copper,AU,AUD,AUD,0.48,578079732,277478272,197845464.5,,,,,,,0,,,,,,,,,,,,,,,,,,,,,,,,,,0,2025-06-30,false,insufficient_annual_history:0,
CYP.AX,CYP,Cynata Therapeutics Limited,Healthcare,Biotechnology,AU,AUD,AUD,0.011,243454369,2677998,1909445.934,,,,,,,0,,,,,,,,,,,,,,,,,,,,,,,,,,0,,false,below_min_market_cap:1909446,
CYQ.AX,CYQ,Cycliq Group Limited,Consumer Cyclical,Leisure,AU,AUD,AUD,0.005,460516658,2302583,1641770.362,,,,,,,0,,,,,,,,,,,,,,,,,,,,,,,,,,0,,false,below_min_market_cap:1641770,
CYV.AX,CYV,Ceryvyn Therapeutics Limited,Healthcare,Biotechnology,AU,AUD,AUD,0.01,1367978173,13679781,9753854.261,,,,,,,0,,,,,,,,,,,,,,,,,,,,,,,,,,0,,false,below_min_market_cap:9753854,
CZN.AX,CZN,Corazon Mining Limited,Basic Materials,Other Industrial Metals & Mining,AU,AUD,AUD,0.11,239020167,26292218,18746678.95,,,,,,,0,,,,,,,,,,,,,,,,,,,,,,,,,,0,,false,below_min_market_cap:18746679,
CZR.AX,CZR,CZR Resources Ltd,Basic Materials,Other Industrial Metals & Mining,AU,AUD,AUD,0.195,242447887,47277336,33709329.5,,,,,,,0,,,,,,,,,,,,,,,,,,,,,,,,,,0,,false,below_min_market_cap:33709329,
D3E.AX,D3E,D3 Energy Limited,Energy,Oil & Gas E&P,AU,AUD,AUD,0.29,151856207,44038300,31399856.48,,,,,,,0,,,,,,,,,,,,,,,,,,,,,,,,,,0,,false,below_min_market_cap:31399856,
DAF.AX,DAF,Discovery Alaska Limited,Basic Materials,Gold,AU,AUD,AUD,0.015,258359698,3875395,2763204.91,,,,,,,0,,,,,,,,,,,,,,,,,,,,,,,,,,0,,false,below_min_market_cap:2763205,
DAI.AX,DAI,Decidr AI Industries Ltd,Technology,Software - Infrastructure,AU,AUD,AUD,0.27,352484488,95170816,67857977.34,5416000,-23164000,-9517625,-6786185.185,revenue=provider_ttm|ebitda=provider_ttm|fcf=provider_ttm_fcf_field,,0,,,,,,,,,,,,,,,,,,,,,,,,,,3,2025-06-30,false,ttm_ebitda_not_positive,annual_history_below_preferred:3|revenue_ttm_from_provider|ebitda_ttm_from_provider|fcf_ttm_from_provider_fcf_field
DAL.AX,DAL,Dalaroo Metals Ltd,Basic Materials,Other Industrial Metals & Mining,AU,AUD,AUD,0.071,389133213,27628460,19699436.14,,,,,,,0,,,,,,,,,,,,,,,,,,,,,,,,,,0,,false,below_min_market_cap:19699436,
DBF.AX,DBF,Duxton Farms Limited,Consumer Defensive,Farm Products,AU,AUD,AUD,0.35,107117702,37495356,26734655.9,,,,,,,0,,,,,,,,,,,,,,,,,,,,,,,,,,0,,false,below_min_market_cap:26734656,
DBI.AX,DBI,Dalrymple Bay Infrastructure Limited,Industrials,Integrated Freight & Logistics,AU,AUD,AUD,5.29,495761667,2622579200,1869931639,680918976,300971008,-43147888,-30764981.63,revenue=provider_ttm|ebitda=provider_ttm|fcf=provider_ttm_fcf_field,-0.06336713988,1,0.01493855422,0.04419711493,-0.02894928683,691090921,-43792455.06,-43470171.53,,,,,,,,,,,,,,,,,,,,4,2025-12-31,false,expected_fcf_not_positive,revenue_ttm_from_provider|ebitda_ttm_from_provider|fcf_ttm_from_provider_fcf_field
DBO.AX,DBO,Diablo Resources Limited,Basic Materials,Gold,AU,AUD,AUD,0.014,541072975,7575021,5401084.334,,,,,,,0,,,,,,,,,,,,,,,,,,,,,,,,,,0,,false,below_min_market_cap:5401084,
DCC.AX,DCC,DigitalX Limited,Technology,Software - Infrastructure,AU,AUD,AUD,0.03,1389543657,41686308,29722856.89,,,,,,,0,,,,,,,,,,,,,,,,,,,,,,,,,,0,,false,below_min_market_cap:29722857,
DDR.AX,DDR,Dicker Data Limited,Technology,Electronics & Computer Distribution,AU,AUD,AUD,14.61,181584417,2652948224,1891585131,2565728000,155396000,90312248,64393757.83,revenue=provider_ttm|ebitda=provider_ttm|fcf=provider_ttm_fcf_field,0.03519946308,1,0.01303083147,-0.06228021634,0.1259974032,2599161569,91489091.68,90900669.84,64813309.94,266618887,47356861.36,2294107758,2294107758,2102861879,calculated,0.0282520774,-0.06356790919,0.0603848343,,-0.898287189,-0.2431035265,,-0.5706953577,186,222,,,4,2025-12-31,true,,revenue_ttm_from_provider|ebitda_ttm_from_provider|fcf_ttm_from_provider_fcf_field|preferred_stock_assumed_zero
DDT.AX,DDT,DataDot Technology Limited,Industrials,Security & Protection Services,AU,AUD,AUD,0.004,1219454037,4877816,3477943.57,,,,,,,0,,,,,,,,,,,,,,,,,,,,,,,,,,0,,false,below_min_market_cap:3477944,
DEL.AX,DEL,Delorean Corporation Limited,Utilities,Utilities - Renewable,AU,AUD,AUD,0.089,253011558,22518028,16055634.47,,,,,,,0,,,,,,,,,,,,,,,,,,,,,,,,,,0,,false,below_min_market_cap:16055634,
DEM.AX,DEM,De.mem Limited,Industrials,Pollution & Treatment Controls,AU,AUD,AUD,0.115,327274961,37636624,26835381.75,,,,,,,0,,,,,,,,,,,,,,,,,,,,,,,,,,0,,false,below_min_market_cap:26835382,
DES.AX,DES,DeSoto Resources Limited,Basic Materials,Other Industrial Metals & Mining,AU,AUD,AUD,0.13,276785579,35982124,25655702.64,,,,,,,0,,,,,,,,,,,,,,,,,,,,,,,,,,0,,false,below_min_market_cap:25655703,
DEV.AX,DEV,DevEx Resources Limited,Basic Materials,Other Industrial Metals & Mining,AU,AUD,AUD,0.21,710330423,149169392,106359634.7,,,,,,,0,,,,,,,,,,,,,,,,,,,,,,,,,,0,2025-06-30,false,insufficient_annual_history:0,
DGH.AX,DGH,Desane Group Holdings Limited,Real Estate,Real Estate Services,AU,AUD,AUD,0.77,40909990,31500694,22460387.22,,,,,,,0,,,,,,,,,,,,,,,,,,,,,,,,,,0,,false,below_min_market_cap:22460387,
DGL.AX,DGL,DGL Group Limited,Basic Materials,Specialty Chemicals,AU,AUD,AUD,0.28,285225261,79863072,56943365.18,457915008,17569000,33696000,24025667.75,revenue=provider_ttm|ebitda=provider_ttm|fcf=provider_ttm_fcf_field,0.07358570785,1,0.07046941465,0.1145512681,0.004346634447,490184010.6,36070537.4,34883268.7,24872205.12,140933705.7,15293306.96,449191368.6,449191368.6,173222155.4,calculated,0.05537106644,0.1044349461,-0.0001959292383,,-0.08410036919,-0.4132472075,,-0.2486737883,107,161,,,3,2025-06-30,true,,annual_history_below_preferred:3|revenue_ttm_from_provider|ebitda_ttm_from_provider|fcf_ttm_from_provider_fcf_field|preferred_stock_assumed_zero
DGR.AX,DGR,DGR Global Limited,Basic Materials,Other Industrial Metals & Mining,AU,AUD,AUD,0.035,1043695978,36529360,26045888.72,,,,,,,0,,,,,,,,,,,,,,,,,,,,,,,,,,0,,false,below_min_market_cap:26045889,
DKM.AX,DKM,Duketon Mining Limited,Basic Materials,Other Industrial Metals & Mining,AU,AUD,AUD,0.11,124750157,13722518,9784326.274,,,,,,,0,,,,,,,,,,,,,,,,,,,,,,,,,,0,,false,below_min_market_cap:9784326,
DLI.AX,DLI,Delta Lithium Limited,Basic Materials,Gold,AU,AUD,AUD,0.165,719762857,118760880,84677986.83,,,,,,,0,,,,,,,,,,,,,,,,,,,,,,,,,,0,2025-06-30,false,insufficient_annual_history:0,
DLY.AX,DLY,Daly Resources Ltd,Basic Materials,Other Industrial Metals & Mining,AU,AUD,AUD,0.14,91000000,12740000,9083778.701,,,,,,,0,,,,,,,,,,,,,,,,,,,,,,,,,,0,,false,below_min_market_cap:9083779,
DM1.AX,DM1,Desert Metals Limited,Basic Materials,Other Industrial Metals & Mining,AU,AUD,AUD,0.008,668878801,5351030,3815351.047,,,,,,,0,,,,,,,,,,,,,,,,,,,,,,,,,,0,,false,below_min_market_cap:3815351,
DME.AX,DME,Dome Gold Mines Ltd,Basic Materials,Other Industrial Metals & Mining,AU,AUD,AUD,0.05,419887762,20994390,14969261.59,,,,,,,0,,,,,,,,,,,,,,,,,,,,,,,,,,0,,false,below_min_market_cap:14969262,
DMP.AX,DMP,Domino's Pizza Enterprises Limited,Consumer Cyclical,Restaurants,AU,AUD,AUD,19.21,94746866,1820087168,1297744823,2046062976,215092992,223573872,159410955.8,revenue=provider_ttm|ebitda=provider_ttm|fcf=provider_ttm_fcf_field,0.1092702789,1,-0.07195629825,-0.04535173281,-0.1118631464,1898835858,207486323.8,215530097.9,153675644.6,805937944.4,93424596.2,2336283118,2336283118,2001907529,calculated,0.06577783466,-0.04363505396,-0.391809689,,-0.8016872355,-1.513111302,,-1.157399269,92,259,,,4,2026-06-30,true,,revenue_ttm_from_provider|ebitda_ttm_from_provider|fcf_ttm_from_provider_fcf_field|preferred_stock_assumed_zero
DNL.AX,DNL,Dyno Nobel Limited,Basic Materials,Specialty Chemicals,AU,AUD,AUD,3.84,1751565465,6726011392,4795729908,3905400064,853600000,831524992,592887677.5,revenue=provider_ttm|ebitda=provider_ttm|fcf=provider_ttm_fcf_field,0.2129167251,1,-0.15,-0.1624760986,-0.2971298664,3319590054,706796243.2,769160617.6,548421101.7,1438146126,461461662.1,5773697794,5773697794,5827162548,calculated,0.09498611138,-0.1534748103,-0.5342426793,,-1.334000104,-1.913140484,,-1.623570294,47,269,,,4,2025-09-30,true,,revenue_ttm_from_provider|ebitda_ttm_from_provider|fcf_ttm_from_provider_fcf_field|growth_clamped_low|preferred_stock_assumed_zero
DOC.AX,DOC,Doctor Care Anywhere Group PLC,Healthcare,Health Information Services,AU,AUD,GBP,0.12,367095323,44051440,31409225.46,,,,,,,0,,,,,,,,,,,,,,,,,,,,,,,,,,0,,false,below_min_market_cap:31409225,
DOW.AX,DOW,Downer EDI Limited,Industrials,Engineering & Construction,AU,AUD,AUD,6.49,659010687,4276979200,3049539447,9704800256,570200000,434437504,309759352.1,revenue=provider_ttm|ebitda=provider_ttm|fcf=provider_ttm_fcf_field,0.0447652185,1,-0.06452082596,-0.05868745548,-0.07327088168,9078638528,406407237.4,420422370.7,299766387.5,980534730.7,546452747,3610965456,3610965456,3632725136,calculated,0.08301557883,-0.05880125475,0.4040569702,,-0.8751867053,0.7221144547,,-0.07653612532,60,121,,,4,2026-06-30,true,,revenue_ttm_from_provider|ebitda_ttm_from_provider|fcf_ttm_from_provider_fcf_field|preferred_stock_assumed_zero
DPM.AX,DPM,DPM Metals Inc.,Basic Materials,Gold,AU,AUD,USD,58.2,219368650,1.276725555e+10,9103212249,1291754000,852655000,744559000,744559000,revenue=quarterly_sum|ebitda=quarterly_sum|fcf=quarterly_sum,0.5266695916,4,0.3,0.2991365023,0.5658871946,1679280200,884425817.2,814492408.6,814492408.6,,761209000,8566459574,,8566459574,provider,0.09507923332,0.2609062171,0.2808230203,0.3718144253,0.6742013056,0.3760066038,0.2645420687,0.4382499927,46,60,88.79353605,0.03,4,2025-12-31,true,,reporting_currency_differs:USD_vs_AUD|growth_clamped_high|total_debt_unavailable|ev_from_provider_fallback
DRE.AX,DRE,Dreadnought Resources Limited,Basic Materials,Other Industrial Metals & Mining,AU,AUD,AUD,0.013,5725200000,74427600,53067805.94,,,,,,,0,,,,,,,,,,,,,,,,,,,,,,,,,,0,2025-06-30,false,insufficient_annual_history:0,
DRO.AX,DRO,DroneShield Limited,Industrials,Aerospace & Defense,AU,AUD,AUD,1.6,925219724,1480351616,1055509143,270017984,-28568000,-16571500,-11815685.93,revenue=provider_ttm|ebitda=provider_ttm|fcf=provider_ttm_fcf_field,,0,,,,,,,,,,,,,,,,,,,,,,,,,,4,2025-12-31,false,ttm_ebitda_not_positive,revenue_ttm_from_provider|ebitda_ttm_from_provider|fcf_ttm_from_provider_fcf_field
DRR.AX,DRR,Deterra Royalties Limited,Basic Materials,Other Industrial Metals & Mining,AU,AUD,AUD,4.06,529506075,2149794560,1532830301,242400000,227818000,258692992,184451325.8,revenue=provider_ttm|ebitda=provider_ttm|fcf=provider_ttm_fcf_field,1.067215314,1,-0.02068964219,0.01874521851,-0.07984193324,237384830.7,253340726.6,256016859.3,182543209.8,102168268,7495186.947,1729208905,1729208905,1627359918,calculated,0.1055645789,0.02555621839,0.03415811579,,-0.4663678035,-0.3167623939,,-0.3915650987,37,188,59.88344553,0.03,4,2026-06-30,true,,revenue_ttm_from_provider|ebitda_ttm_from_provider|fcf_ttm_from_provider_fcf_field|preferred_stock_assumed_zero
DRX.AX,DRX,Diatreme Resources Limited,Basic Materials,Other Industrial Metals & Mining,AU,AUD,AUD,0.014,5008281841,70115944,49993541.5,,,,,,,0,,,,,,,,,,,,,,,,,,,,,,,,,,0,,false,below_min_market_cap:49993541,
DSK.AX,DSK,Dusk Group Limited,Consumer Cyclical,Specialty Retail,AU,AUD,AUD,0.74,62267865,46078220,32854344.85,,,,,,,0,,,,,,,,,,,,,,,,,,,,,,,,,,0,,false,below_min_market_cap:32854345,
DSM.AX,DSM,Desert Minerals Limited,Basic Materials,Gold,AU,AUD,AUD,0.725,29046535,21058740,15015143.95,,,,,,,0,,,,,,,,,,,,,,,,,,,,,,,,,,0,,false,below_min_market_cap:15015144,
DTL.AX,DTL,Data#3 Limited,Technology,Information Technology Services,AU,AUD,AUD,10.58,155183269,1641838976,1170651642,907297984,70828000,10555250,7526024.736,revenue=provider_ttm|ebitda=provider_ttm|fcf=provider_ttm_fcf_field,0.01163371923,1,-0.1499961994,-0.2924670733,0.06371011155,771206734.7,8972002.616,9763626.308,6961587.182,16165418.42,232475572.5,1022193179,1022193179,953546216.7,calculated,0.006810441825,-0.3834691842,0.1119274451,,-2.448614422,-0.09834388619,,-1.273479154,256,263,,,4,2026-06-30,true,,revenue_ttm_from_provider|ebitda_ttm_from_provider|fcf_ttm_from_provider_fcf_field|preferred_stock_assumed_zero
DTM.AX,DTM,Dart Mining NL,Basic Materials,Other Industrial Metals & Mining,AU,AUD,AUD,0.012,334223117,4010677,2859662.662,,,,,,,0,,,,,,,,,,,,,,,,,,,,,,,,,,0,,false,below_min_market_cap:2859663,
DTR.AX,DTR,Dateline Resources Limited,Basic Materials,Gold,AU,AUD,AUD,0.069,4014335381,276989152,197496715.8,,,,,,,0,,,,,,,,,,,,,,,,,,,,,,,,,,2,2025-06-30,false,insufficient_annual_history:2,
DTZ.AX,DTZ,Dotz Nano Limited,Basic Materials,Specialty Chemicals,AU,AUD,USD,0.032,785146193,25124678,17914208.39,,,,,,,0,,,,,,,,,,,,,,,,,,,,,,,,,,0,,false,below_min_market_cap:17914208,
DUB.AX,DUB,Dubber Corporation Limited,Technology,Software - Application,AU,AUD,AUD,0.008,2711777542,21694222,15468250.53,,,,,,,0,,,,,,,,,,,,,,,,,,,,,,,,,,0,,false,below_min_market_cap:15468251,
DUG.AX,DUG,DUG Technology Ltd,Technology,Information Technology Services,AU,AUD,USD,1.75,135643387,237375936,169251999.3,86387000,16510000,23743876,23743876,revenue=provider_ttm|ebitda=provider_ttm|fcf=provider_ttm_fcf_field,0.2748547351,1,0.2676668884,0.1924506575,0.3804912348,109509939.5,30099325.41,26921600.7,26921600.7,42702000,10501000,202620999.3,202620999.3,192891978.7,calculated,0.1328667847,0.1558220585,0.1300760486,,0.1649353364,-0.04737275243,,0.05878129199,20,103,39.82141779,0.03,4,2026-06-30,true,,reporting_currency_differs:USD_vs_AUD|revenue_ttm_from_provider|ebitda_ttm_from_provider|fcf_ttm_from_provider_fcf_field|preferred_stock_assumed_zero
DUN.AX,DUN,Dundas Minerals Limited,Basic Materials,Other Precious Metals & Mining,AU,AUD,,0.041,235025183,9636033,6870611.564,,,,,,,0,,,,,,,,,,,,,,,,,,,,,,,,,,0,,false,below_min_market_cap:6870612,
DUR.AX,DUR,Duratec Limited,Industrials,Engineering & Construction,AU,AUD,AUD,2.11,260588535,549841792,392044047,570281024,40417000,7358375,5246613.037,revenue=provider_ttm|ebitda=provider_ttm|fcf=provider_ttm_fcf_field,0.01290306829,1,0.02843846163,0.0505933241,-0.004793832064,586498939,7567635.865,7463005.433,5321215.839,40895542.48,56159713.15,443681122.2,443681122.2,373126651.5,calculated,0.01199333389,0.04613471103,0.08125418051,,-0.3666389182,-0.1844910697,,-0.275564994,240,168,,,4,2026-06-30,true,,revenue_ttm_from_provider|ebitda_ttm_from_provider|fcf_ttm_from_provider_fcf_field|preferred_stock_assumed_zero
DVL.AX,DVL,dorsaVi Ltd,Technology,Scientific & Technical Instruments,AU,AUD,AUD,0.024,1235028464,29640684,21134176.92,,,,,,,0,,,,,,,,,,,,,,,,,,,,,,,,,,0,,false,below_min_market_cap:21134177,
DVP.AX,DVP,Develop Global Limited,Basic Materials,Other Industrial Metals & Mining,AU,AUD,AUD,4.7,329985475,1550931712,1105833630,294172352,-7724794,-25627642,-18272827.99,revenue=provider_ttm|ebitda=provider_ttm|fcf=provider_ttm_fcf_field,,0,,,,,,,,,,,,,,,,,,,,,,,,,,4,2025-06-30,false,ttm_ebitda_not_positive,revenue_ttm_from_provider|ebitda_ttm_from_provider|fcf_ttm_from_provider_fcf_field
DWG.AX,DWG,DataWorks Group Limited,Technology,Software - Infrastructure,AU,AUD,AUD,0.125,103054327,12881791,9184877.45,,,,,,,0,,,,,,,,,,,,,,,,,,,,,,,,,,0,,false,below_min_market_cap:9184877,
DXB.AX,DXB,Dimerix Limited,Healthcare,Biotechnology,AU,AUD,AUD,0.235,600396776,141093248,100601243.4,6353908,-35160604,-48455804,-34549591.86,revenue=provider_ttm|ebitda=provider_ttm|fcf=provider_ttm_fcf_field,,0,,,,,,,,,,,,,,,,,,,,,,,,,,3,2026-06-30,false,ttm_ebitda_not_positive,annual_history_below_preferred:3|revenue_ttm_from_provider|ebitda_ttm_from_provider|fcf_ttm_from_provider_fcf_field
DXN.AX,DXN,DXN Limited,Technology,Information Technology Services,AU,AUD,AUD,0.41,375184201,153825520,109679511.9,10123387,-4147420,1336573,952993.1985,revenue=provider_ttm|ebitda=provider_ttm|fcf=provider_ttm_fcf_field,,0,,,,,,,,,,,,,,,,,,,,,,,,,,4,2025-06-30,false,ttm_ebitda_not_positive,revenue_ttm_from_provider|ebitda_ttm_from_provider|fcf_ttm_from_provider_fcf_field
DXS.AX,DXS,DEXUS,Real Estate,REIT - Office,AU,,AUD,,,,,,,,,,,0,,,,,,,,,,,,,,,,,,,,,,,,,,0,,false,excluded_industry:reit,
DYL.AX,DYL,Deep Yellow Limited,Energy,Uranium,AU,AUD,AUD,1.295,974245191,1261647488,899570375.2,-2282697,-5170695,12647856,9018078.881,revenue=provider_ttm|ebitda=provider_ttm|fcf=provider_ttm_fcf_field,,0,,,,,,,,,,,,,,,,,,,,,,,,,,3,2025-06-30,false,ttm_ebitda_not_positive,annual_history_below_preferred:3|revenue_ttm_from_provider|ebitda_ttm_from_provider|fcf_ttm_from_provider_fcf_field
DYM.AX,DYM,Dynamic Metals Limited,Basic Materials,Other Industrial Metals & Mining,AU,AUD,AUD,0.57,52476936,29911854,21327524.51,,,,,,,0,,,,,,,,,,,,,,,,,,,,,,,,,,0,,false,below_min_market_cap:21327525,
E25.AX,E25,Element 25 Limited,Basic Materials,Other Industrial Metals & Mining,AU,AUD,AUD,0.265,325953167,86377584,61588293.39,1879759,-6098197,-8061452,-5747915.697,revenue=provider_ttm|ebitda=provider_ttm|fcf=provider_ttm_fcf_field,,0,,,,,,,,,,,,,,,,,,,,,,,,,,3,2024-06-30,false,ttm_ebitda_not_positive,stale_statements:807d|annual_history_below_preferred:3|revenue_ttm_from_provider|ebitda_ttm_from_provider|fcf_ttm_from_provider_fcf_field
E79.AX,E79,E79 Gold Mines Limited,Basic Materials,Gold,AU,AUD,AUD,0.028,353555680,9899559,7058508.885,,,,,,,0,,,,,,,,,,,,,,,,,,,,,,,,,,0,,false,below_min_market_cap:7058509,
EAU.AX,EAU,EAU Lithium Limited,Basic Materials,Other Precious Metals & Mining,AU,AUD,AUD,0.12,241933188,29031982,20700164.81,,,,,,,0,,,,,,,,,,,,,,,,,,,,,,,,,,0,,false,below_min_market_cap:20700165,
EAX.AX,EAX,Energy Action Limited,Industrials,Specialty Business Services,AU,AUD,AUD,0.385,40264788,15501943,11053078.47,,,,,,,0,,,,,,,,,,,,,,,,,,,,,,,,,,0,,false,below_min_market_cap:11053078,
EBO.AX,EBO,EBOS Group Limited,Healthcare,Medical Distribution,AU,AUD,AUD,16.3,206979840,3373771264,2405540938,1.348668416e+10,466332992,137692256,98176293.75,revenue=provider_ttm|ebitda=provider_ttm|fcf=provider_ttm_fcf_field,0.01020949659,1,0.1400738706,0.07202309465,0.2421500346,1.537581621e+10,156979343.3,147335799.6,105052260.5,1644386280,207386005.2,3806385756,3806385756,3547363330,calculated,0.02759895271,0.05626842165,0.02893451685,,-0.3175282432,-0.3314330963,,-0.3244806698,190,175,,,4,2026-06-30,true,,revenue_ttm_from_provider|ebitda_ttm_from_provider|fcf_ttm_from_provider_fcf_field|preferred_stock_assumed_zero
EBR.AX,EBR,"EBR Systems, Inc.",Healthcare,Medical Devices,AU,AUD,USD,0.245,753355590,184572128,131602226.5,6446296,-54679311,-74472000,-74472000,revenue=quarterly_sum|ebitda=quarterly_sum|fcf=quarterly_sum,,0,,,,,,,,,,,,,,,,,,,,,,,,,,3,2025-12-31,false,ttm_ebitda_not_positive,reporting_currency_differs:USD_vs_AUD|annual_history_below_preferred:3
ECH.AX,ECH,Echelon Resources Limited,Energy,Oil & Gas E&P,AU,AUD,AUD,0.36,227369000,81852840,58362094.55,63358000,46822000,-3252250,-2318894.763,revenue=provider_ttm|ebitda=provider_ttm|fcf=provider_ttm_fcf_field,-0.05133132359,1,-0.15,-0.07937871556,-0.3793701335,53854300,-2764412.5,-3008331.25,,,,,,,,,,,,,,,,,,,,4,2026-06-30,false,expected_fcf_not_positive,revenue_ttm_from_provider|ebitda_ttm_from_provider|fcf_ttm_from_provider_fcf_field|growth_clamped_low
ECL.AX,ECL,Excelsior Capital Limited,Industrials,Electrical Equipment & Parts,AU,AUD,AUD,0.95,28994469,27544744,19639745.59,,,,,,,0,,,,,,,,,,,,,,,,,,,,,,,,,,0,,false,below_min_market_cap:19639746,
ECS.AX,ECS,ECS Botanics Holdings Ltd,Healthcare,Drug Manufacturers - Specialty & Generic,AU,AUD,AUD,0.006,1601049567,9606298,6849410.139,,,,,,,0,,,,,,,,,,,,,,,,,,,,,,,,,,0,,false,below_min_market_cap:6849410,
ECT.AX,ECT,Environmental Clean Technologies Limited,Industrials,Pollution & Treatment Controls,AU,AUD,AUD,0.115,448549039,51583140,36779421.39,,,,,,,0,,,,,,,,,,,,,,,,,,,,,,,,,,0,,false,below_min_market_cap:36779421,
EDE.AX,EDE,Eden Innovations Ltd,Industrials,Specialty Industrial Machinery,AU,AUD,AUD,0.062,631879696,39176540,27933361.04,,,,,,,0,,,,,,,,,,,,,,,,,,,,,,,,,,0,,false,below_min_market_cap:27933361,
EDU.AX,EDU,EDU Holdings Limited,Consumer Defensive,Education & Training Services,AU,AUD,AUD,1.12,125616053,140689984,100313711.2,100583000,27615000,23948000,17075222.32,revenue=provider_ttm|ebitda=provider_ttm|fcf=provider_ttm_fcf_field,0.2380919241,1,0.3,0.6567128064,0.9533428165,130757900,31132400,27540200,19636505.67,10588948,13161496.94,113779664.4,113779664.4,93766825.07,calculated,0.1725836138,0.521730295,1.032851383,,1.938224623,2.48811062,,2.213167621,12,7,40.46808574,0.03,4,2025-12-31,true,,revenue_ttm_from_provider|ebitda_ttm_from_provider|fcf_ttm_from_provider_fcf_field|growth_clamped_high|preferred_stock_assumed_zero
EDV.AX,EDV,Endeavour Group Limited,Consumer Defensive,Beverages - Wineries & Distilleries,AU,AUD,AUD,3.12,1795725673,5602663936,3994769178,1.221199974e+10,1072000000,391249984,278966112.4,revenue=provider_ttm|ebitda=provider_ttm|fcf=provider_ttm_fcf_field,0.03203815855,1,0.01057864865,0.009116678478,0.01277160391,1.23411862e+10,395388880.1,393319432.1,280441654.6,4230302907,235294110.8,1.054877968e+10,1.054877968e+10,7987467723,calculated,0.02658522247,0.006049976271,-0.1169630905,,-0.5609002757,-0.741192804,,-0.6510465398,196,228,,,4,2026-06-30,true,,revenue_ttm_from_provider|ebitda_ttm_from_provider|fcf_ttm_from_provider_fcf_field|preferred_stock_assumed_zero
EE1.AX,EE1,Earths Energy Limited,Basic Materials,Other Industrial Metals & Mining,AU,AUD,AUD,0.005,750324547,3751622,2674953.22,,,,,,,0,,,,,,,,,,,,,,,,,,,,,,,,,,0,,false,below_min_market_cap:2674953,
EF2.AX,EF2,ENERGYFUEL CDI 1:1 [EF2],Energy,Uranium,AU,AUD,USD,17.21,264773572,4556752896,3249021578,105758000,-88643000,-120425000,-120425000,revenue=quarterly_sum|ebitda=quarterly_sum|fcf=quarterly_sum,,0,,,,,,,,,,,,,,,,,,,,,,,,,,4,2025-12-31,false,ttm_ebitda_not_positive,reporting_currency_differs:USD_vs_AUD
EFE.AX,EFE,Eastern Resources Limited,Basic Materials,Other Industrial Metals & Mining,AU,AUD,AUD,0.028,129660135,3630484,2588580.317,,,,,,,0,,,,,,,,,,,,,,,,,,,,,,,,,,0,,false,below_min_market_cap:2588580,
EFR.AX,EFR,Everflow Resources Limited,Basic Materials,Gold,AU,AUD,AUD,0.006,,,,,,,,,,0,,,,,,,,,,,,,,,,,,,,,,,,,,0,,false,market_cap_unavailable,
EG1.AX,EG1,Evergold Minerals Limited,Basic Materials,Other Industrial Metals & Mining,AU,AUD,AUD,0.028,436845357,12231670,8721333.079,,,,,,,0,,,,,,,,,,,,,,,,,,,,,,,,,,0,,false,below_min_market_cap:8721333,
EGA.AX,EGA,Eastern Gas Corporation Limited,Energy,Oil & Gas E&P,AU,AUD,AUD,0.16,90000000,14400000,10267379.38,,,,,,,0,,,,,,,,,,,,,,,,,,,,,,,,,,0,,false,below_min_market_cap:10267379,
EGG.AX,EGG,Enero Group Limited,Communication Services,Advertising Agencies,AU,AUD,AUD,0.24,90735121,21776428,15526864.43,,,,,,,0,,,,,,,,,,,,,,,,,,,,,,,,,,0,,false,below_min_market_cap:15526864,
EGH.AX,EGH,Eureka Group Holdings Limited,Real Estate,Real Estate Services,AU,AUD,AUD,0.625,543901797,339938624,242380473.5,56833000,15538000,7667000,5466666.507,revenue=provider_ttm|ebitda=provider_ttm|fcf=provider_ttm_fcf_field,0.134904017,1,0.1907008139,0.1589936036,0.2382616292,67671099.35,9129103.14,8398051.57,5987915.383,97419605,1787522.229,519284565.2,519284565.2,286739545.3,calculated,0.01153108678,0.145489889,0.001627114284,,0.1148628767,-0.4081271113,,-0.1466321173,242,136,,,4,2026-06-30,true,,revenue_ttm_from_provider|ebitda_ttm_from_provider|fcf_ttm_from_provider_fcf_field|preferred_stock_assumed_zero
EGL.AX,EGL,The Environmental Group Limited,Industrials,Pollution & Treatment Controls,AU,AUD,AUD,0.08,380497795,30439822,21703972.27,,,,,,,0,,,,,,,,,,,,,,,,,,,,,,,,,,0,,false,below_min_market_cap:21703972,
EGR.AX,EGR,EcoGraf Limited,Basic Materials,Other Industrial Metals & Mining,AU,AUD,AUD,0.3,461551214,138465360,98727526.53,,,,,,,0,,,,,,,,,,,,,,,,,,,,,,,,,,0,2025-06-30,false,insufficient_annual_history:0,
EGY.AX,EGY,Energy Technologies Limited,Industrials,Electrical Equipment & Parts,AU,AUD,AUD,0.021,624699059,13118680,9353782.258,,,,,,,0,,,,,,,,,,,,,,,,,,,,,,,,,,0,,false,below_min_market_cap:9353782,
EHL.AX,EHL,Emeco Holdings Limited,Industrials,Rental & Leasing Services,AU,AUD,AUD,1.1,518374757,570212224,406568418.8,797235968,259778000,33307876,23748930.5,revenue=provider_ttm|ebitda=provider_ttm|fcf=provider_ttm_fcf_field,0.04177919379,1,-0.01557178193,-0.03230424586,0.009526913978,784821583.4,32789213.02,33048544.51,23564023.92,179987873.5,89399640.88,1062073569,1062073569,494602435.5,calculated,0.02218680947,-0.03463141459,0.07300014244,,-0.7580531883,-0.2076728907,,-0.4828630395,209,214,,,4,2026-06-30,true,,revenue_ttm_from_provider|ebitda_ttm_from_provider|fcf_ttm_from_provider_fcf_field|preferred_stock_assumed_zero
EIQ.AX,EIQ,Echo IQ Limited,Healthcare,Health Information Services,AU,AUD,AUD,0.54,740874779,400072384,285256593.5,92000,-18580000,-3955125,-2820053.394,revenue=provider_ttm|ebitda=provider_ttm|fcf=provider_ttm_fcf_field,,0,,,,,,,,,,,,,,,,,,,,,,,,,,4,2026-06-30,false,ttm_ebitda_not_positive,revenue_ttm_from_provider|ebitda_ttm_from_provider|fcf_ttm_from_provider_fcf_field
EL8.AX,EL8,Elevate Uranium Ltd,Energy,Uranium,AU,AUD,AUD,0.24,471580671,113179360,80698293.54,,,,,,,0,,,,,,,,,,,,,,,,,,,,,,,,,,0,2025-06-30,false,insufficient_annual_history:0,
ELD.AX,ELD,Elders Limited,Consumer Defensive,Farm Products,AU,AUD,AUD,6.29,215398820,1354858496,966030985,3628041984,171090000,82362496,58725485.63,revenue=provider_ttm|ebitda=provider_ttm|fcf=provider_ttm_fcf_field,0.02270163806,1,-0.006214610154,-0.02467142128,0.02147060653,3605495117,81850645.2,82106570.6,58543007.63,423624230.1,33320498.14,1359875537,1359875537,1606413004,calculated,0.04305026897,-0.02871643284,-0.1795427534,,-0.729387603,-0.9169504799,,-0.8231690415,140,242,,,4,2025-09-30,true,,revenue_ttm_from_provider|ebitda_ttm_from_provider|fcf_ttm_from_provider_fcf_field|preferred_stock_assumed_zero
ELK.AX,ELK,Elk Range Mining Limited,Basic Materials,Gold,AU,AUD,USD,0.17,,,,,,,,,,0,,,,,,,,,,,,,,,,,,,,,,,,,,0,,false,market_cap_unavailable,
ELS.AX,ELS,Elsight Limited,Technology,Communication Equipment,AU,AUD,USD,4.51,222596462,1003910080,715800392.6,41371384,6222085,11079942,11079942,revenue=provider_ttm|ebitda=provider_ttm|fcf=provider_ttm_fcf_field,0.2678165662,1,0.3,2.025508542,10.23819056,53782799.2,14403924.6,12741933.3,12741933.3,206259,59040914,707933827.6,707933827.6,669671019.3,calculated,0.01799876316,0.9769737434,0.8053140218,,3,1.849062149,,2.424531075,223,5,,,4,2025-12-31,true,,reporting_currency_differs:USD_vs_AUD|revenue_ttm_from_provider|ebitda_ttm_from_provider|fcf_ttm_from_provider_fcf_field|growth_clamped_high|preferred_stock_assumed_zero
ELT.AX,ELT,Elementos Limited,Basic Materials,Other Industrial Metals & Mining,AU,AUD,AUD,0.355,438306375,155598752,110943848.5,,,,,,,0,,,,,,,,,,,,,,,,,,,,,,,,,,0,2025-06-30,false,insufficient_annual_history:0,
ELV.AX,ELV,Elevra Lithium Limited,Basic Materials,Other Industrial Metals & Mining,AU,AUD,USD,6.72,193020849,1297100032,924848480.7,201871008,115360000,-56179752,-56179752,revenue=provider_ttm|ebitda=provider_ttm|fcf=provider_ttm_fcf_field,-0.3068233641,4,0.3,,0.3907086115,262432310.4,-80520364.32,-68350058.16,,,,,,,,,,,,,,,,,,,,4,2026-06-30,false,expected_fcf_not_positive,reporting_currency_differs:USD_vs_AUD|revenue_ttm_from_provider|ebitda_ttm_from_provider|fcf_ttm_from_provider_fcf_field|growth_from_yoy_only|growth_clamped_high
EM2.AX,EM2,Eagle Mountain Mining Limited,Basic Materials,Other Industrial Metals & Mining,AU,AUD,AUD,0.007,1538759590,10771317,7680083.198,,,,,,,0,,,,,,,,,,,,,,,,,,,,,,,,,,0,,false,below_min_market_cap:7680083,
EM3.AX,EM3,EMC Gold Corporation,Basic Materials,Gold,AU,AUD,AUD,0.135,408336744,55125460,39305139.67,,,,,,,0,,,,,,,,,,,,,,,,,,,,,,,,,,0,,false,below_min_market_cap:39305140,
EMA.AX,EMA,Eminence Minerals Limited,Basic Materials,Other Industrial Metals & Mining,AU,AUD,AUD,0.043,155628951,6692045,4771511.447,,,,,,,0,,,,,,,,,,,,,,,,,,,,,,,,,,0,,false,below_min_market_cap:4771511,
EMB.AX,EMB,Embelton Limited,Industrials,Building Products & Equipment,AU,AUD,AUD,8.5,2157857,18341784,13077920.47,,,,,,,0,,,,,,,,,,,,,,,,,,,,,,,,,,0,,false,below_min_market_cap:13077920,
EMC.AX,EMC,Everest Metals Corporation Ltd,Basic Materials,Other Industrial Metals & Mining,AU,AUD,AUD,0.105,269707017,28319234,20191966.61,,,,,,,0,,,,,,,,,,,,,,,,,,,,,,,,,,0,,false,below_min_market_cap:20191967,
EMD.AX,EMD,Emyria Limited,Healthcare,Health Information Services,AU,AUD,AUD,0.052,806561029,41941176,29904580.94,,,,,,,0,,,,,,,,,,,,,,,,,,,,,,,,,,0,,false,below_min_market_cap:29904581,
EME.AX,EME,Energy Metals Limited,Energy,Uranium,AU,AUD,AUD,0.08,209683312,16774665,11960545.11,,,,,,,0,,,,,,,,,,,,,,,,,,,,,,,,,,0,,false,below_min_market_cap:11960545,
EMH.AX,EMH,European Metals Holdings Limited,Basic Materials,Other Industrial Metals & Mining,AU,AUD,AUD,0.24,237818705,57076488,40696246.94,,,,,,,0,,,,,,,,,,,,,,,,,,,,,,,,,,0,,false,below_min_market_cap:40696247,
EML.AX,EML,EML Payments Limited,Technology,Software - Infrastructure,AU,AUD,AUD,0.235,389474299,91526464,65259508.97,207368000,-2927000,-51698876,-36861942.6,revenue=provider_ttm|ebitda=provider_ttm|fcf=provider_ttm_fcf_field,,0,,,,,,,,,,,,,,,,,,,,,,,,,,4,2026-06-30,false,ttm_ebitda_not_positive,revenue_ttm_from_provider|ebitda_ttm_from_provider|fcf_ttm_from_provider_fcf_field
EMN.AX,EMN,Euro Manganese Inc.,Basic Materials,Other Industrial Metals & Mining,AU,AUD,CAD,0.08,142954504,11436359,8154266.429,,,,,,,0,,,,,,,,,,,,,,,,,,,,,,,,,,0,,false,below_min_market_cap:8154266,
EMP.AX,EMP,Emperor Energy Limited,Energy,Oil & Gas E&P,AU,AUD,AUD,0.093,1011268585,94047984,67057384.14,,,,,,,0,,,,,,,,,,,,,,,,,,,,,,,,,,0,2025-06-30,false,insufficient_annual_history:0,
EMR.AX,EMR,Emerald Resources NL,Basic Materials,Gold,AU,AUD,AUD,6.76,662682471,4479733760,3194105974,612464000,396862016,262975008,187504456.6,revenue=provider_ttm|ebitda=provider_ttm|fcf=provider_ttm_fcf_field,0.4293721884,1,0.3,0.2644632374,0.3981747806,796203200,341867510.4,302421259.2,215630125,22733689.18,309197138.9,2910846803,2910846803,2901656694,calculated,0.07407814277,0.2303798782,0.3243648989,,0.526262494,0.4982958435,,0.5122791688,75,52,,,4,2026-06-30,true,,revenue_ttm_from_provider|ebitda_ttm_from_provider|fcf_ttm_from_provider_fcf_field|growth_clamped_high|preferred_stock_assumed_zero
EMU.AX,EMU,Emu NL,Basic Materials,Other Industrial Metals & Mining,AU,AUD,AUD,0.016,405497648,6487963,4625998.439,,,,,,,0,,,,,,,,,,,,,,,,,,,,,,,,,,0,,false,below_min_market_cap:4625998,
EMV.AX,EMV,EMVision Medical Devices Ltd,Healthcare,Medical Devices,AU,AUD,AUD,1.725,92955561,160348336,114330361,,,,,,,0,,,,,,,,,,,,,,,,,,,,,,,,,,0,2026-06-30,false,insufficient_annual_history:0,
ENP.AX,ENP,Entropy Neurodynamics Limited,Healthcare,Biotechnology,AU,AUD,AUD,0.041,1633593749,66977344,47755680.6,,,,,,,0,,,,,,,,,,,,,,,,,,,,,,,,,,0,,false,below_min_market_cap:47755681,
ENR.AX,ENR,Encounter Resources Limited,Basic Materials,Other Industrial Metals & Mining,AU,AUD,AUD,0.235,560224708,131652808,93870092.09,,,,,,,0,,,,,,,,,,,,,,,,,,,,,,,,,,0,2024-06-30,false,insufficient_annual_history:0,stale_statements:807d
ENT.AX,ENT,Enterprise Metals Limited,Basic Materials,Other Industrial Metals & Mining,AU,AUD,AUD,0.003,1667428365,5002285,3566691.518,,,,,,,0,,,,,,,,,,,,,,,,,,,,,,,,,,0,,false,below_min_market_cap:3566692,
ENV.AX,ENV,Enova Mining Limited,Basic Materials,Other Industrial Metals & Mining,AU,AUD,AUD,0.002,1933256082,3866512,2756871.221,,,,,,,0,,,,,,,,,,,,,,,,,,,,,,,,,,0,,false,below_min_market_cap:2756871,
EOL.AX,EOL,Energy One Limited,Technology,Software - Application,AU,AUD,AUD,15.37,31747135,487953472,347916903.9,69564000,13460000,10917500,7784313.498,revenue=provider_ttm|ebitda=provider_ttm|fcf=provider_ttm_fcf_field,0.156941809,1,0.150462068,0.1586299014,0.1382103179,80030743.3,12560169.63,11738834.81,8369935.452,4325846.576,2143315.445,400204959.4,400204959.4,347322468.3,calculated,0.02091412226,0.1466720565,0.216503095,,0.1205919771,0.1953613261,,0.1579766516,213,91,,,4,2026-06-30,true,,revenue_ttm_from_provider|ebitda_ttm_from_provider|fcf_ttm_from_provider_fcf_field|preferred_stock_assumed_zero
EOS.AX,EOS,Electro Optic Systems Holdings Limited,Industrials,Aerospace & Defense,AU,AUD,AUD,9.23,221702162,2046310784,1459045080,253170000,-19555000,180603504,128772548.1,revenue=provider_ttm|ebitda=provider_ttm|fcf=provider_ttm_fcf_field,,0,,,,,,,,,,,,,,,,,,,,,,,,,,4,2025-12-31,false,ttm_ebitda_not_positive,revenue_ttm_from_provider|ebitda_ttm_from_provider|fcf_ttm_from_provider_fcf_field
EPI.AX,EPI,Epiminder Limited,Healthcare,Medical Devices,AU,AUD,AUD,0.28,216671652,60668060,43257082.52,,,,,,,0,,,,,,,,,,,,,,,,,,,,,,,,,,0,,false,below_min_market_cap:43257083,
EPM.AX,EPM,Eclipse Metals Limited,Basic Materials,Other Industrial Metals & Mining,AU,AUD,AUD,0.015,3291802360,49377036,35206441.75,,,,,,,0,,,,,,,,,,,,,,,,,,,,,,,,,,0,,false,below_min_market_cap:35206442,
EPN.AX,EPN,Epsilon Healthcare Limited,Healthcare,Drug Manufacturers - Specialty & Generic,AU,AUD,AUD,0.025,389104011,9727600,6935899.976,,,,,,,0,,,,,,,,,,,,,,,,,,,,,,,,,,0,,false,below_min_market_cap:6935900,
EPX.AX,EPX,EPX Limited,Technology,Software - Infrastructure,AU,AUD,AUD,0.17,86476328,14700976,10481979.02,,,,,,,0,,,,,,,,,,,,,,,,,,,,,,,,,,0,,false,below_min_market_cap:10481979,
EPY.AX,EPY,Earlypay Limited,Financial Services,Credit Services,AU,,AUD,,,,,,,,,,,0,,,,,,,,,,,,,,,,,,,,,,,,,,0,,false,excluded_sector:Financial Services,
EQR.AX,EQR,EQ Resources Limited,Basic Materials,Other Industrial Metals & Mining,AU,AUD,AUD,0.43,5166646743,2221658112,1584069909,75445432,-2930683,-14408745,-10273614.67,revenue=provider_ttm|ebitda=provider_ttm|fcf=provider_ttm_fcf_field,,0,,,,,,,,,,,,,,,,,,,,,,,,,,3,2024-06-30,false,ttm_ebitda_not_positive,stale_statements:807d|annual_history_below_preferred:3|revenue_ttm_from_provider|ebitda_ttm_from_provider|fcf_ttm_from_provider_fcf_field
EQT.AX,EQT,EQT Holdings Limited,Financial Services,Asset Management,AU,,AUD,,,,,,,,,,,0,,,,,,,,,,,,,,,,,,,,,,,,,,0,,false,excluded_sector:Financial Services,
EQU.AX,EQU,Equus Energy Limited,Utilities,Utilities - Regulated Gas,AU,AUD,AUD,0.375,204643730,76741400,54717574.16,,,,,,,0,,,,,,,,,,,,,,,,,,,,,,,,,,0,2025-06-30,false,insufficient_annual_history:0,
EQX.AX,EQX,Equatorial Resources Limited,Basic Materials,Steel,AU,AUD,AUD,0.14,131445353,18402350,13121104.79,,,,,,,0,,,,,,,,,,,,,,,,,,,,,,,,,,0,,false,below_min_market_cap:13121105,
ERA.AX,ERA,Energy Resources of Australia Ltd,Energy,Uranium,AU,AUD,AUD,0.002,4.05396241e+11,810792512,578105161,52372000,-97556000,87734000,62555434.89,revenue=provider_ttm|ebitda=provider_ttm|fcf=provider_ttm_fcf_field,,0,,,,,,,,,,,,,,,,,,,,,,,,,,3,2025-12-31,false,ttm_ebitda_not_positive,annual_history_below_preferred:3|revenue_ttm_from_provider|ebitda_ttm_from_provider|fcf_ttm_from_provider_fcf_field|capex_reported_positive
ERD.AX,ERD,EROAD Limited,Technology,Software - Infrastructure,AU,AUD,NZD,0.79,188087793,148589360,105946064.6,195200000,25700000,32837500,18906898.94,revenue=provider_ttm|ebitda=provider_ttm|fcf=provider_ttm_fcf_field,0.1682248975,1,0.04062967537,0.06159991766,0.009174311927,203130912.6,34171676.96,33504588.48,19290989.52,18482267.4,5815292.859,217818480.7,217818480.7,121774484.9,calculated,0.0885645215,0.05821489483,-0.7189808917,,-0.3080951131,-2.431985702,,-1.370040408,51,265,,,4,2026-03-31,true,,reporting_currency_differs:NZD_vs_AUD|revenue_ttm_from_provider|ebitda_ttm_from_provider|fcf_ttm_from_provider_fcf_field|preferred_stock_assumed_zero
ERE.AX,ERE,European Resources Limited,Basic Materials,Other Precious Metals & Mining,AU,AUD,AUD,0.018,699914861,12598467,8982863.909,,,,,,,0,,,,,,,,,,,,,,,,,,,,,,,,,,0,,false,below_min_market_cap:8982864,
ERG.AX,ERG,Eneco Refresh Limited,Consumer Defensive,Beverages - Non-Alcoholic,AU,AUD,AUD,0.015,272358347,4085375,2912923.266,,,,,,,0,,,,,,,,,,,,,,,,,,,,,,,,,,0,,false,below_min_market_cap:2912923,
ERL.AX,ERL,Empire Resources Limited,Basic Materials,Other Precious Metals & Mining,AU,AUD,AUD,0.009,2087141555,18784272,13393419.93,,,,,,,0,,,,,,,,,,,,,,,,,,,,,,,,,,0,,false,below_min_market_cap:13393420,
ESK.AX,ESK,Etherstack plc,Technology,Software - Application,AU,AUD,USD,0.505,141839695,71629048,51072403.5,12510000,-705000,-3442875,-3442875,revenue=provider_ttm|ebitda=provider_ttm|fcf=provider_ttm_fcf_field,,0,,,,,,,,,,,,,,,,,,,,,,,,,,4,2025-12-31,false,ttm_ebitda_not_positive,reporting_currency_differs:USD_vs_AUD|revenue_ttm_from_provider|ebitda_ttm_from_provider|fcf_ttm_from_provider_fcf_field
ESR.AX,ESR,Estrella Resources Limited,Basic Materials,Other Industrial Metals & Mining,AU,AUD,AUD,0.028,2246577690,62904176,44851461.08,,,,,,,0,,,,,,,,,,,,,,,,,,,,,,,,,,0,,false,below_min_market_cap:44851461,
ETM.AX,ETM,Energy Transition Minerals Ltd,Basic Materials,Other Industrial Metals & Mining,AU,AUD,AUD,0.044,2200500556,96822024,69035309.21,,,,,,,0,,,,,,,,,,,,,,,,,,,,,,,,,,0,2025-12-31,false,insufficient_annual_history:0,
EUR.AX,EUR,European Lithium Limited,Basic Materials,Other Industrial Metals & Mining,AU,AUD,AUD,0.34,1729424835,588004480,419254518.9,,,,,,,0,,,,,,,,,,,,,,,,,,,,,,,,,,1,2025-06-30,false,insufficient_annual_history:1,
EV1.AX,EV1,Evolution Energy Minerals Limited,Basic Materials,Other Industrial Metals & Mining,AU,AUD,AUD,0.011,816728062,8984009,6405710.33,,,,,,,0,,,,,,,,,,,,,,,,,,,,,,,,,,0,,false,below_min_market_cap:6405710,
EV8.AX,EV8,Everlast Minerals Ltd,Energy,Oil & Gas E&P,AU,AUD,AUD,0.4,131315004,52526004,37451695.16,,,,,,,0,,,,,,,,,,,,,,,,,,,,,,,,,,0,,false,below_min_market_cap:37451695,
EVE.AX,EVE,EVE Health Group Limited,Consumer Defensive,Packaged Foods,AU,AUD,AUD,0.017,352326592,5989552,4270625.187,,,,,,,0,,,,,,,,,,,,,,,,,,,,,,,,,,0,,false,below_min_market_cap:4270625,
EVG.AX,EVG,Evion Group NL,Basic Materials,Other Industrial Metals & Mining,AU,AUD,AUD,0.016,871747061,13947954,9945064.95,,,,,,,0,,,,,,,,,,,,,,,,,,,,,,,,,,0,,false,below_min_market_cap:9945065,
EVN.AX,EVN,Evolution Mining Limited,Basic Materials,Gold,AU,AUD,AUD,13.13,2044548397,2.684491981e+10,1.914076223e+10,5558773760,3135537920,1164743040,830476296.6,revenue=provider_ttm|ebitda=provider_ttm|fcf=provider_ttm_fcf_field,0.20953237,1,0.3,0.2649283307,0.4453861691,7226405888,1514165952,1339454496,955047741.1,1439624913,287560062.9,2.324626442e+10,2.324626442e+10,1.908326344e+10,calculated,0.04108392315,0.2427986827,0.2305736944,,0.5864473455,0.23487921,,0.4106632778,148,65,,,3,2025-06-30,true,,annual_history_below_preferred:3|revenue_ttm_from_provider|ebitda_ttm_from_provider|fcf_ttm_from_provider_fcf_field|growth_clamped_high|preferred_stock_assumed_zero
EVO.AX,EVO,Embark Early Education Limited,Consumer Defensive,Education & Training Services,AU,AUD,AUD,0.42,203661284,85537736,60989471.3,102745000,18830000,11583500,8259179.794,revenue=provider_ttm|ebitda=provider_ttm|fcf=provider_ttm_fcf_field,0.1127402793,1,0.269470931,0.2050185031,0.3661495729,130431790.8,14704916.53,13144208.26,9371984.229,102259019.3,17063404.79,234243321.8,234243321.8,145096015.7,calculated,0.04000961119,0.1967344542,0.1838495399,,0.3632077607,0.1036524116,,0.2334300861,154,83,,,4,2025-12-31,true,,revenue_ttm_from_provider|ebitda_ttm_from_provider|fcf_ttm_from_provider_fcf_field|preferred_stock_assumed_zero
EVT.AX,EVT,EVT Limited,Communication Services,Entertainment,AU,AUD,AUD,13.39,162919060,2181486336,1555426932,1311422976,208608000,95909128,68384402.99,revenue=provider_ttm|ebitda=provider_ttm|fcf=provider_ttm_fcf_field,0.07313363404,1,0.1089370414,0.1779815609,0.005370262121,1454285515,106357184.6,101133156.3,72109200.26,938038475.3,54669517.12,3116416548,3116416548,2496504261,calculated,0.02313849871,0.1347567891,-0.02478943118,,0.06284740106,-0.4823191159,,-0.2097358574,204,153,,,4,2025-06-30,true,,revenue_ttm_from_provider|ebitda_ttm_from_provider|fcf_ttm_from_provider_fcf_field|preferred_stock_assumed_zero
EVZ.AX,EVZ,EVZ Limited,Industrials,Engineering & Construction,AU,AUD,AUD,0.525,124041537,65121804,46432657.47,,,,,,,0,,,,,,,,,,,,,,,,,,,,,,,,,,0,,false,below_min_market_cap:46432657,
EWC.AX,EWC,Energy World Corporation Ltd,Utilities,Utilities - Independent Power Producers,AU,AUD,USD,0.069,3853389705,265883888,189578524.2,102000,-7407000,-117680248,-117680248,revenue=provider_ttm|ebitda=provider_ttm|fcf=provider_ttm_fcf_field,,0,,,,,,,,,,,,,,,,,,,,,,,,,,3,2024-06-30,false,ttm_ebitda_not_positive,reporting_currency_differs:USD_vs_AUD|stale_statements:807d|annual_history_below_preferred:3|revenue_ttm_from_provider|ebitda_ttm_from_provider|fcf_ttm_from_provider_fcf_field
EXL.AX,EXL,Elixinol Wellness Limited,Healthcare,Drug Manufacturers - Specialty & Generic,AU,AUD,AUD,0.008,438198637,3505589,2499528.626,,,,,,,0,,,,,,,,,,,,,,,,,,,,,,,,,,0,,false,below_min_market_cap:2499529,
EXP.AX,EXP,Experience Co Limited,Consumer Cyclical,Leisure,AU,AUD,AUD,0.093,754667387,70184072,50042117.61,129593000,10937000,312250,222638.1397,revenue=provider_ttm|ebitda=provider_ttm|fcf=provider_ttm_fcf_field,0.002409466561,1,0.02095040876,0.05835478977,-0.03515616275,132308026.3,318791.7651,315520.8826,224970.3197,20695186.56,3879500.778,157046036.1,157046036.1,66857797.69,calculated,0.001432511927,0.05359126604,0.1832958968,,-0.3305024562,0.1020974813,,-0.1142024874,272,130,,,4,2026-06-30,true,,revenue_ttm_from_provider|ebitda_ttm_from_provider|fcf_ttm_from_provider_fcf_field|preferred_stock_assumed_zero
EXR.AX,EXR,Elixir Energy Limited,Energy,Oil & Gas E&P,AU,AUD,AUD,0.068,1997300339,135816432,96838807.87,,,,,,,0,,,,,,,,,,,,,,,,,,,,,,,,,,0,2026-06-30,false,insufficient_annual_history:0,
EXT.AX,EXT,Excite Technology Services Limited,Technology,Software - Infrastructure,AU,AUD,AUD,0.005,2677331522,13386657,9544853.197,,,,,,,0,,,,,,,,,,,,,,,,,,,,,,,,,,0,,false,below_min_market_cap:9544853,
EYE.AX,EYE,Nova Eye Medical Limited,Healthcare,Medical Devices,AU,AUD,AUD,0.13,284875284,37033788,26405552.17,,,,,,,0,,,,,,,,,,,,,,,,,,,,,,,,,,0,,false,below_min_market_cap:26405552,
EZL.AX,EZL,Euroz Hartleys Group Limited,Financial Services,Asset Management,AU,,AUD,,,,,,,,,,,0,,,,,,,,,,,,,,,,,,,,,,,,,,0,,false,excluded_sector:Financial Services,
EZZ.AX,EZZ,EZZ Life Science Holdings Limited,Healthcare,Biotechnology,AU,AUD,AUD,0.435,47043200,20463792,14590938.61,,,,,,,0,,,,,,,,,,,,,,,,,,,,,,,,,,0,,false,below_min_market_cap:14590939,
FAL.AX,FAL,Falcon Metals Limited,Basic Materials,Gold,AU,AUD,AUD,0.52,213790037,111170816,79266176.65,,,,,,,0,,,,,,,,,,,,,,,,,,,,,,,,,,0,2025-06-30,false,insufficient_annual_history:0,
FAR.AX,FAR,FAR Limited,Energy,Oil & Gas E&P,AU,AUD,USD,0.295,92409648,27260844,19437321.36,,,,,,,0,,,,,,,,,,,,,,,,,,,,,,,,,,0,,false,below_min_market_cap:19437321,
FAU.AX,FAU,First Au Limited,Basic Materials,Gold,AU,AUD,AUD,0.012,3763480224,45161764,32200900.31,,,,,,,0,,,,,,,,,,,,,,,,,,,,,,,,,,0,,false,below_min_market_cap:32200900,
FBR.AX,FBR,FBR Limited,Real Estate,Real Estate Services,AU,AUD,AUD,0.083,155878011,12937875,9224866.041,,,,,,,0,,,,,,,,,,,,,,,,,,,,,,,,,,0,,false,below_min_market_cap:9224866,
FBU.AX,FBU,Fletcher Building Limited,Basic Materials,Building Materials,AU,AUD,NZD,2.96,1075561767,3183662848,2269991269,5993999872,555000000,97625000,56209699.54,revenue=provider_ttm|ebitda=provider_ttm|fcf=provider_ttm_fcf_field,0.0162871208,1,-0.1224886758,-0.108827995,-0.1429796969,5259802765,85667043.03,91646021.51,52767173.71,1165361658,83486877.68,5630194153,5630194153,3602538128,calculated,0.009372176568,-0.111379547,-0.205870021,,-1.129995188,-0.9908917438,,-1.060443466,247,250,,,4,2026-06-30,true,,reporting_currency_differs:NZD_vs_AUD|revenue_ttm_from_provider|ebitda_ttm_from_provider|fcf_ttm_from_provider_fcf_field|preferred_stock_assumed_zero
FCG.AX,FCG,Freedom Care Group Holdings Limited,Healthcare,Medical Care Facilities,AU,AUD,AUD,0.037,108317247,4007738,2857567.118,,,,,,,0,,,,,,,,,,,,,,,,,,,,,,,,,,0,,false,below_min_market_cap:2857567,
FCL.AX,FCL,FINEOS Corporation Holdings plc,Technology,Software - Infrastructure,AU,AUD,EUR,2.18,345041565,752190656,536321307.7,143759728,-7115555,-1960579,-2262641.706,revenue=provider_ttm|ebitda=provider_ttm|fcf=provider_ttm_fcf_field,,0,,,,,,,,,,,,,,,,,,,,,,,,,,4,2025-12-31,false,ttm_ebitda_not_positive,reporting_currency_differs:EUR_vs_AUD|revenue_ttm_from_provider|ebitda_ttm_from_provider|fcf_ttm_from_provider_fcf_field
FCT.AX,FCT,FirstWave Cloud Technology Limited,Technology,Software - Infrastructure,AU,AUD,AUD,0.0075,2126880844,15951606,11373693.79,,,,,,,0,,,,,,,,,,,,,,,,,,,,,,,,,,0,,false,below_min_market_cap:11373694,
FDC.AX,FDC,FDC Consolidated Holdings Limited,Industrials,Engineering & Construction,AU,AUD,AUD,3.9,,,,,,,,,,0,,,,,,,,,,,,,,,,,,,,,,,,,,0,,false,market_cap_unavailable,
FDR.AX,FDR,Finder Energy Holdings Limited,Energy,Oil & Gas E&P,AU,AUD,AUD,0.295,554250497,163503888,116580308.9,,,,,,,0,,,,,,,,,,,,,,,,,,,,,,,,,,0,2025-06-30,false,insufficient_annual_history:0,
FDV.AX,FDV,Frontier Digital Ventures Limited,Communication Services,Internet Content & Information,AU,AUD,USD,0.34,436582957,148438208,105838291.4,32600728,-596618,2309866,2309866,revenue=provider_ttm|ebitda=provider_ttm|fcf=provider_ttm_fcf_field,,0,,,,,,,,,,,,,,,,,,,,,,,,,,4,2025-12-31,false,ttm_ebitda_not_positive,reporting_currency_differs:USD_vs_AUD|revenue_ttm_from_provider|ebitda_ttm_from_provider|fcf_ttm_from_provider_fcf_field
FEG.AX,FEG,Far East Gold Limited,Basic Materials,Other Precious Metals & Mining,AU,AUD,AUD,0.12,417027453,50043292,35681490.58,,,,,,,0,,,,,,,,,,,,,,,,,,,,,,,,,,0,,false,below_min_market_cap:35681491,
FEL.AX,FEL,Forte Energy Limited,Energy,Oil & Gas E&P,AU,AUD,AUD,0.006,866003825,5196023,3704829.125,,,,,,,0,,,,,,,,,,,,,,,,,,,,,,,,,,0,,false,below_min_market_cap:3704829,
FEX.AX,FEX,Fenix Resources Limited,Basic Materials,Steel,AU,AUD,AUD,0.26,770684831,200378048,142872044.3,589726976,78936000,28750376,20499376.23,revenue=provider_ttm|ebitda=provider_ttm|fcf=provider_ttm_fcf_field,0.04875201096,1,0.3,0.4415804889,0.8656756081,766645068.8,37375488.8,33062932.4,23574282.66,91837430.47,57771121.31,176832827.6,176832827.6,176258151,calculated,0.1333139496,0.3628891922,0.08797443024,,1.168438109,-0.1656169592,,0.5014105751,18,54,38.22566862,0.03,4,2026-06-30,true,,revenue_ttm_from_provider|ebitda_ttm_from_provider|fcf_ttm_from_provider_fcf_field|growth_clamped_high|preferred_stock_assumed_zero
FFG.AX,FFG,Fatfish Group Limited,Financial Services,Capital Markets,AU,,AUD,,,,,,,,,,,0,,,,,,,,,,,,,,,,,,,,,,,,,,0,,false,excluded_sector:Financial Services,
FFI.AX,FFI,FFI Holdings Limited,Consumer Defensive,Confectioners,AU,AUD,AUD,4.75,13586402,64535408,46014549.81,,,,,,,0,,,,,,,,,,,,,,,,,,,,,,,,,,0,,false,below_min_market_cap:46014550,
FFM.AX,FFM,FireFly Metals Ltd,Basic Materials,Other Industrial Metals & Mining,AU,AUD,AUD,1.69,869876115,1470090624,1048192928,,,,,,,0,,,,,,,,,,,,,,,,,,,,,,,,,,0,2025-06-30,false,insufficient_annual_history:0,
FG1.AX,FG1,Flynn Gold Limited,Basic Materials,Gold,AU,AUD,AUD,0.019,608655296,11564450,8245596.907,,,,,,,0,,,,,,,,,,,,,,,,,,,,,,,,,,0,,false,below_min_market_cap:8245597,
FGH.AX,FGH,Foresta Group Holding Limited,Basic Materials,Specialty Chemicals,AU,AUD,AUD,0.009,2858078614,25722708,18340611.23,,,,,,,0,,,,,,,,,,,,,,,,,,,,,,,,,,0,,false,below_min_market_cap:18340611,
FGR.AX,FGR,First Graphene Limited,Basic Materials,Chemicals,AU,AUD,AUD,0.054,886911973,47893248,34148482.43,,,,,,,0,,,,,,,,,,,,,,,,,,,,,,,,,,0,,false,below_min_market_cap:34148482,
FHE.AX,FHE,Frontier Energy Limited,Utilities,Utilities - Renewable,AU,AUD,AUD,0.19,1112572215,211388704,150722779.2,,,,,,,0,,,,,,,,,,,,,,,,,,,,,,,,,,0,2025-12-31,false,insufficient_annual_history:0,
FHS.AX,FHS,Freehill Mining Limited,Basic Materials,Other Industrial Metals & Mining,AU,AUD,AUD,0.001,4066520259,4066520,2899479.416,,,,,,,0,,,,,,,,,,,,,,,,,,,,,,,,,,0,,false,below_min_market_cap:2899479,
FID.AX,FID,Fiducian Group Ltd,Financial Services,Asset Management,AU,,AUD,,,,,,,,,,,0,,,,,,,,,,,,,,,,,,,,,,,,,,0,,false,excluded_sector:Financial Services,
FIN.AX,FIN,Fin Resources Limited,Basic Materials,Other Industrial Metals & Mining,AU,AUD,AUD,0.005,1694129522,8470647,6039676.829,,,,,,,0,,,,,,,,,,,,,,,,,,,,,,,,,,0,,false,below_min_market_cap:6039677,
FL1.AX,FL1,First Lithium Limited,Basic Materials,Other Industrial Metals & Mining,AU,AUD,AUD,0.14,130213304,18229862,12998118.69,,,,,,,0,,,,,,,,,,,,,,,,,,,,,,,,,,0,,false,below_min_market_cap:12998119,
FLC.AX,FLC,Fluence Corporation Limited,Industrials,Pollution & Treatment Controls,AU,AUD,USD,0.077,1145671209,88216680,62899591.75,83235000,3887000,-13091125,-13091125,revenue=provider_ttm|ebitda=provider_ttm|fcf=provider_ttm_fcf_field,-0.1572790893,1,0.1310870314,-0.1300214687,0.5227497815,94146029.06,-14807201.71,-13949163.36,,,,,,,,,,,,,,,,,,,,4,2025-12-31,false,expected_fcf_not_positive,reporting_currency_differs:USD_vs_AUD|revenue_ttm_from_provider|ebitda_ttm_from_provider|fcf_ttm_from_provider_fcf_field
FLG.AX,FLG,Flagship Minerals Limited,Basic Materials,Other Industrial Metals & Mining,AU,AUD,USD,0.185,346597754,64120588,45718777.99,,,,,,,0,,,,,,,,,,,,,,,,,,,,,,,,,,0,,false,below_min_market_cap:45718778,
FLN.AX,FLN,Freelancer Limited,Communication Services,Internet Content & Information,AU,AUD,AUD,0.11,450914882,49600636,35365871.34,,,,,,,0,,,,,,,,,,,,,,,,,,,,,,,,,,0,,false,below_min_market_cap:35365871,
FLT.AX,FLT,Flight Centre Travel Group Limited,Consumer Cyclical,Travel Services,AU,AUD,AUD,10.87,204786329,2226027520,1587185351,2854861056,232499008,130659128,93161585.87,revenue=provider_ttm|ebitda=provider_ttm|fcf=provider_ttm_fcf_field,0.04576724591,1,0.05681317238,0.0777062388,0.02547357274,3017054769,138082287.6,134370707.8,95807988.49,880466284.4,588060588.9,1882025984,1882025984,2060571593,calculated,0.05090683619,0.06755884927,0.1030170744,,-0.262811808,-0.1233690457,,-0.1930904268,118,148,,,4,2026-06-30,true,,revenue_ttm_from_provider|ebitda_ttm_from_provider|fcf_ttm_from_provider_fcf_field|preferred_stock_assumed_zero
FLX.AX,FLX,Felix Group Holdings Ltd,Technology,Software - Application,AU,AUD,AUD,0.038,298500741,11343028,8087720.263,,,,,,,0,,,,,,,,,,,,,,,,,,,,,,,,,,0,,false,below_min_market_cap:8087720,
FME.AX,FME,Future Metals NL,Basic Materials,Other Precious Metals & Mining,AU,AUD,AUD,0.012,1172686539,14072239,10033681.7,,,,,,,0,,,,,,,,,,,,,,,,,,,,,,,,,,0,,false,below_min_market_cap:10033682,
FMG.AX,FMG,Fortescue Ltd,Basic Materials,Other Industrial Metals & Mining,AU,AUD,USD,16.22,3078964918,4.994081178e+10,3.56084209e+10,1.696599962e+10,8165000192,3169250048,3169250048,revenue=provider_ttm|ebitda=provider_ttm|fcf=provider_ttm_fcf_field,0.1868000778,1,0.03736040456,0.001091378979,0.09176394293,1.759985623e+10,3287654512,3228452280,3228452280,5931000000,5074000000,3.64274209e+10,3.64274209e+10,3.615095325e+10,calculated,0.08862697934,-0.01503633981,-0.08406205924,,-0.6630902093,-0.6487888422,,-0.6559395257,50,230,,,4,2026-06-30,true,,reporting_currency_differs:USD_vs_AUD|revenue_ttm_from_provider|ebitda_ttm_from_provider|fcf_ttm_from_provider_fcf_field|preferred_stock_assumed_zero
FML.AX,FML,Focus Minerals Limited,Basic Materials,Gold,AU,AUD,AUD,2.05,286558645,587445248,418855779.6,301263008,140980000,59807000,42643136.01,revenue=provider_ttm|ebitda=provider_ttm|fcf=provider_ttm_fcf_field,0.1985208884,1,0.3,1.630831349,1.616470241,391641910.4,77749100,68778050,49039606.41,3190730.745,92557573.05,591930997.3,591930997.3,396914481.1,calculated,0.0828468295,0.8035680183,1.051342689,,3,2.540044247,,2.770022124,61,2,,,4,2025-12-31,true,,revenue_ttm_from_provider|ebitda_ttm_from_provider|fcf_ttm_from_provider_fcf_field|growth_clamped_high|preferred_stock_assumed_zero
FMN.AX,FMN,Famien Resources Limited,Basic Materials,Other Industrial Metals & Mining,AU,AUD,AUD,0.165,300513994,49584808,35354585.78,,,,,,,0,,,,,,,,,,,,,,,,,,,,,,,,,,0,,false,below_min_market_cap:35354586,
FMR.AX,FMR,FMR Resources Limited,Communication Services,Internet Content & Information,AU,AUD,AUD,0.49,67140650,32898918,23457338.35,,,,,,,0,,,,,,,,,,,,,,,,,,,,,,,,,,0,,false,below_min_market_cap:23457338,
FND.AX,FND,Findi Limited,Technology,Software - Infrastructure,AU,AUD,AUD,0.405,99969113,40487492,28868086.14,,,,,,,0,,,,,,,,,,,,,,,,,,,,,,,,,,0,,false,below_min_market_cap:28868086,
FNR.AX,FNR,Far Northern Resources Limited,Basic Materials,Gold,AU,AUD,AUD,0.14,71461135,10004559,7133375.193,,,,,,,0,,,,,,,,,,,,,,,,,,,,,,,,,,0,,false,below_min_market_cap:7133375,
FNX.AX,FNX,Finexia Financial Group Limited,Financial Services,Capital Markets,AU,,AUD,,,,,,,,,,,0,,,,,,,,,,,,,,,,,,,,,,,,,,0,,false,excluded_sector:Financial Services,
FOS.AX,FOS,FOS Capital Limited,Industrials,Electrical Equipment & Parts,AU,AUD,AUD,0.115,68734477,7904465,5635982.01,,,,,,,0,,,,,,,,,,,,,,,,,,,,,,,,,,0,,false,below_min_market_cap:5635982,
FPH.AX,FPH,Fisher & Paykel Healthcare Corporation Limited,Healthcare,Medical Instruments & Supplies,AU,AUD,NZD,35.14,588242790,2.067085312e+10,1.473857577e+10,2308400128,759400000,399412512,229970369.2,revenue=provider_ttm|ebitda=provider_ttm|fcf=provider_ttm_fcf_field,0.1730256844,1,0.3,0.1326581018,0.8030149184,3000920166,519236265.6,459324388.8,264465924.6,84120226.41,265488271,1.57751949e+10,1.57751949e+10,1.448125498e+10,calculated,0.01676466923,0.09698647519,0.2457147922,,-0.1201976535,0.2774036345,,0.07860299052,230,101,,,4,2026-03-31,true,,reporting_currency_differs:NZD_vs_AUD|ttm_quarter_window_unusable|revenue_ttm_from_provider|ebitda_ttm_from_provider|fcf_ttm_from_provider_fcf_field|growth_clamped_high|preferred_stock_assumed_zero
FPR.AX,FPR,FleetPartners Group Limited,Industrials,Rental & Leasing Services,AU,AUD,AUD,4.64,213631949,991252224,706775183.6,801715008,332896000,164458880,117261230.1,revenue=provider_ttm|ebitda=provider_ttm|fcf=provider_ttm_fcf_field,0.2051338423,1,0.02687864943,0.03256709003,0.01834598853,823264024.6,168879312.6,166669096.3,118837141.8,1303784632,220007123.7,2241386191,2241386191,1959285584,calculated,0.05301948515,0.03904852527,0.01270049262,,-0.4009804718,-0.3770270518,,-0.3890037618,113,187,,,4,2025-09-30,true,,revenue_ttm_from_provider|ebitda_ttm_from_provider|fcf_ttm_from_provider_fcf_field|preferred_stock_assumed_zero
FRB.AX,FRB,Firebird Metals Limited,Basic Materials,Other Industrial Metals & Mining,AU,AUD,AUD,0.15,182361401,27354212,19503893.9,,,,,,,0,,,,,,,,,,,,,,,,,,,,,,,,,,0,,false,below_min_market_cap:19503894,
FRE.AX,FRE,Firebrick Pharma Limited,Healthcare,Drug Manufacturers - General,AU,AUD,AUD,0.03,287198985,8615969,6143293.225,,,,,,,0,,,,,,,,,,,,,,,,,,,,,,,,,,0,,false,below_min_market_cap:6143293,
FRI.AX,FRI,Finbar Group Limited,Real Estate,Real Estate - Development,AU,AUD,AUD,0.71,272123142,193207424,137759300.1,175540000,19551500,-11183375,-7973885.685,revenue=provider_ttm|ebitda=provider_ttm|fcf=provider_ttm_fcf_field,-0.06370841404,1,0.3,0.8589645936,-0.2768339386,228202000,-14538387.5,-12860881.25,,,,,,,,,,,,,,,,,,,,4,2026-06-30,false,expected_fcf_not_positive,revenue_ttm_from_provider|ebitda_ttm_from_provider|fcf_ttm_from_provider_fcf_field|growth_clamped_high
FRM.AX,FRM,Farm Pride Foods Limited,Consumer Defensive,Farm Products,AU,AUD,AUD,0.26,230550195,59943048,42740139.93,,,,,,,0,,,,,,,,,,,,,,,,,,,,,,,,,,0,,false,below_min_market_cap:42740140,
FRS.AX,FRS,Forrestania Resources Limited,Basic Materials,Other Precious Metals & Mining,AU,AUD,AUD,0.365,2408929451,879259328,626922853.7,,,,,,,0,,,,,,,,,,,,,,,,,,,,,,,,,,0,2025-06-30,false,insufficient_annual_history:0,
FRW.AX,FRW,Freightways Group Limited,Industrials,Integrated Freight & Logistics,AU,AUD,NZD,10.85,179210402,1944432896,1386404876,1463645056,207430000,145181376,83591308.82,revenue=provider_ttm|ebitda=provider_ttm|fcf=provider_ttm_fcf_field,0.09919165538,1,0.1096624858,0.09277311799,0.1349965376,1624152011,161102326.6,153141851.3,88174724.18,401823493.8,18945187.75,1769538825,1769538825,1859195154,calculated,0.04982921139,0.08705652565,0.07821483207,,-0.1683208477,-0.1930272105,,-0.1806740291,123,145,,,4,2026-06-30,true,,reporting_currency_differs:NZD_vs_AUD|revenue_ttm_from_provider|ebitda_ttm_from_provider|fcf_ttm_from_provider_fcf_field|preferred_stock_assumed_zero
FRX.AX,FRX,FlexiRoam Limited,Communication Services,Telecom Services,AU,AUD,AUD,0.023,1516718010,34884512,24873091.61,,,,,,,0,,,,,,,,,,,,,,,,,,,,,,,,,,0,,false,below_min_market_cap:24873092,
FSA.AX,FSA,FSA Group Limited,Financial Services,Credit Services,AU,,AUD,,,,,,,,,,,0,,,,,,,,,,,,,,,,,,,,,,,,,,0,,false,excluded_sector:Financial Services,
FTI.AX,FTI,Fortifai Limited,Communication Services,Electronic Gaming & Multimedia,AU,AUD,AUD,0.74,346461538,256381536,182803228.9,1883447,-8938333,1211744,863988.5666,revenue=provider_ttm|ebitda=provider_ttm|fcf=provider_ttm_fcf_field,,0,,,,,,,,,,,,,,,,,,,,,,,,,,4,2025-06-30,false,ttm_ebitda_not_positive,revenue_ttm_from_provider|ebitda_ttm_from_provider|fcf_ttm_from_provider_fcf_field
FUL.AX,FUL,Fulcrum Lithium Ltd,Basic Materials,Other Industrial Metals & Mining,AU,AUD,AUD,0.08,134100005,10728000,7649197.638,,,,,,,0,,,,,,,,,,,,,,,,,,,,,,,,,,0,,false,below_min_market_cap:7649198,
FUN.AX,FUN,Fortuna Metals Limited,Basic Materials,Other Industrial Metals & Mining,AU,AUD,AUD,0.091,421712271,38375816,27362434.85,,,,,,,0,,,,,,,,,,,,,,,,,,,,,,,,,,0,,false,below_min_market_cap:27362435,
FWD.AX,FWD,Fleetwood Limited,Industrials,Engineering & Construction,AU,AUD,AUD,2.82,90118126,254133120,181200080.3,474996000,36550000,56638124,40383687.95,revenue=provider_ttm|ebitda=provider_ttm|fcf=provider_ttm_fcf_field,0.1192391599,1,0.003805205388,0.04823436736,-0.06283853758,476803457.3,56853643.69,56745883.85,40460522.06,9701960.501,43835292.84,248478509.7,248478509.7,146992298,calculated,0.1628330841,0.06068777344,0.08711870284,,-0.2961108812,-0.1680203064,,-0.2320655938,13,160,51.49539808,0.03,4,2026-06-30,true,,revenue_ttm_from_provider|ebitda_ttm_from_provider|fcf_ttm_from_provider_fcf_field|preferred_stock_assumed_zero
FXG.AX,FXG,Felix Gold Limited,Basic Materials,Gold,AU,AUD,AUD,0.255,516347203,131668536,93881306.35,,,,,,,0,,,,,,,,,,,,,,,,,,,,,,,,,,0,2024-06-30,false,insufficient_annual_history:0,stale_statements:807d
FZR.AX,FZR,Fitzroy River Corporation Limited,Energy,Oil & Gas E&P,AU,AUD,AUD,0.35,107954251,37783988,26940454.12,,,,,,,0,,,,,,,,,,,,,,,,,,,,,,,,,,0,,false,below_min_market_cap:26940454,
G11.AX,G11,G11 Resources Limited,Basic Materials,Other Industrial Metals & Mining,AU,AUD,AUD,0.215,144982353,31171206,22225458.17,,,,,,,0,,,,,,,,,,,,,,,,,,,,,,,,,,0,,false,below_min_market_cap:22225458,
G1C.AX,G1C,Group One Capital Limited,Real Estate,Real Estate - Diversified,AU,AUD,AUD,0.059,352684854,20808408,14836654.11,,,,,,,0,,,,,,,,,,,,,,,,,,,,,,,,,,0,,false,below_min_market_cap:14836654,
G50.AX,G50,G50 Corp Limited,Basic Materials,Other Precious Metals & Mining,AU,AUD,AUD,0.425,249215770,105916704,75519929.35,,,,,,,0,,,,,,,,,,,,,,,,,,,,,,,,,,0,2024-06-30,false,insufficient_annual_history:0,stale_statements:807d
G6M.AX,G6M,Group 6 Metals Limited,Basic Materials,Other Industrial Metals & Mining,AU,AUD,AUD,3.29,247652282,814776000,580945437.6,,,,,,,0,,,,,,,,,,,,,,,,,,,,,,,,,,1,2024-06-30,false,insufficient_annual_history:1,stale_statements:807d
G88.AX,G88,Golden Mile Resources Limited,Basic Materials,Other Industrial Metals & Mining,AU,AUD,AUD,0.007,751051700,5257362,3748564.596,,,,,,,0,,,,,,,,,,,,,,,,,,,,,,,,,,0,,false,below_min_market_cap:3748565,
GA8.AX,GA8,GoldArc Resources Limited,Basic Materials,Gold,AU,AUD,AUD,0.055,701609931,38588544,27514112.57,,,,,,,0,,,,,,,,,,,,,,,,,,,,,,,,,,0,,false,below_min_market_cap:27514113,
GAL.AX,GAL,Galileo Mining Ltd,Basic Materials,Other Industrial Metals & Mining,AU,AUD,AUD,0.115,197624927,22726868,16204539.99,,,,,,,0,,,,,,,,,,,,,,,,,,,,,,,,,,0,,false,below_min_market_cap:16204540,
GAP.AX,GAP,Gale Pacific Limited,Consumer Cyclical,Textile Manufacturing,AU,AUD,AUD,0.11,284637642,31310140,22324519.85,,,,,,,0,,,,,,,,,,,,,,,,,,,,,,,,,,0,,false,below_min_market_cap:22324520,
GAS.AX,GAS,State Gas Limited,Energy,Oil & Gas E&P,AU,AUD,AUD,0.011,549793708,6047731,4312107.539,,,,,,,0,,,,,,,,,,,,,,,,,,,,,,,,,,0,,false,below_min_market_cap:4312108,
GBE.AX,GBE,Globe Metals & Mining Limited,Basic Materials,Other Industrial Metals & Mining,AU,AUD,AUD,0.06,961013203,57660788,41112860.12,,,,,,,0,,,,,,,,,,,,,,,,,,,,,,,,,,0,,false,below_min_market_cap:41112860,
GBL.AX,GBL,Great Bear Exploration Ltd,Basic Materials,Other Precious Metals & Mining,AU,AUD,AUD,0.016,698748272,11179973,7971460.017,,,,,,,0,,,,,,,,,,,,,,,,,,,,,,,,,,0,,false,below_min_market_cap:7971460,
GBM.AX,GBM,GBM Resources Limited,Basic Materials,Gold,AU,AUD,AUD,0.021,4908399700,103076392,73494751.51,,,,,,,0,,,,,,,,,,,,,,,,,,,,,,,,,,2,2024-06-30,false,insufficient_annual_history:2,stale_statements:807d
GBR.AX,GBR,Great Boulder Resources Limited,Basic Materials,Other Industrial Metals & Mining,AU,AUD,AUD,0.085,1972959604,167701568,119573307,,,,,,,0,,,,,,,,,,,,,,,,,,,,,,,,,,0,2025-06-30,false,insufficient_annual_history:0,
GCM.AX,GCM,GCM Corporation Limited,Utilities,Utilities - Renewable,AU,AUD,AUD,0.11,193175109,21249262,15150988.51,,,,,,,0,,,,,,,,,,,,,,,,,,,,,,,,,,0,,false,below_min_market_cap:15150989,
GCR.AX,GCR,Golden Cross Resources Limited,Basic Materials,Other Precious Metals & Mining,AU,AUD,AUD,0.002,1097256110,2194512,1564714.393,,,,,,,0,,,,,,,,,,,,,,,,,,,,,,,,,,0,,false,below_min_market_cap:1564714,
GDF.AX,GDF,Garda Property Group,Real Estate,Real Estate Services,AU,AUD,AUD,1.005,200684899,201688320,143806284.6,38425000,24101000,111030248,79165949.92,revenue=provider_ttm|ebitda=provider_ttm|fcf=provider_ttm_fcf_field,2.889531503,1,-0.15,-0.1401197476,-0.2048904213,32661250,94375710.8,102702979.4,73228503.67,115163633,13033867.71,481192371,481192371,244569912.3,calculated,0.152181348,-0.1485527258,0.7161320369,,-1.310146365,1.598590707,,0.144222171,15,93,62.75543039,0.03,4,2026-06-30,true,,revenue_ttm_from_provider|ebitda_ttm_from_provider|fcf_ttm_from_provider_fcf_field|growth_clamped_low|preferred_stock_assumed_zero
GDG.AX,GDG,Generation Development Group Limited,Financial Services,Asset Management,AU,,AUD,,,,,,,,,,,0,,,,,,,,,,,,,,,,,,,,,,,,,,0,,false,excluded_sector:Financial Services,
GDI.AX,GDI,GDI Property Group,Real Estate,Real Estate Services,AU,AUD,AUD,0.64,539822485,345486368,246336084.1,84944000,49206000,-585250,-417290.5404,revenue=provider_ttm|ebitda=provider_ttm|fcf=provider_ttm_fcf_field,-0.006889833302,1,0.1917272778,0.2499490963,0.10439455,101230081.9,-697458.3893,-641354.1947,,,,,,,,,,,,,,,,,,,,3,2025-06-30,false,expected_fcf_not_positive,annual_history_below_preferred:3|revenue_ttm_from_provider|ebitda_ttm_from_provider|fcf_ttm_from_provider_fcf_field
GDM.AX,GDM,Great Divide Mining Ltd,Basic Materials,Gold,AU,AUD,AUD,0.33,69458986,22921466,16343290.79,,,,,,,0,,,,,,,,,,,,,,,,,,,,,,,,,,0,,false,below_min_market_cap:16343291,
GDR.AX,GDR,Golden Dragon Mining Ltd,Basic Materials,Other Industrial Metals & Mining,AU,AUD,AUD,0.185,55292983,10229202,7293548.45,,,,,,,0,,,,,,,,,,,,,,,,,,,,,,,,,,0,,false,below_min_market_cap:7293548,
GED.AX,GED,Golden Deeps Limited,Basic Materials,Other Industrial Metals & Mining,AU,AUD,AUD,0.053,228007126,12084377,8616311.335,,,,,,,0,,,,,,,,,,,,,,,,,,,,,,,,,,0,,false,below_min_market_cap:8616311,
GEM.AX,GEM,G8 Education Limited,Consumer Defensive,Education & Training Services,AU,AUD,AUD,0.115,771558755,88729264,63265070.52,891267008,101903000,71741000,51152226.67,revenue=provider_ttm|ebitda=provider_ttm|fcf=provider_ttm_fcf_field,0.08049327458,1,-0.01701537851,0.01657235773,-0.06739698287,876101762.5,70520299.73,71130649.87,50717039.42,584013530.2,27155792.43,994939196.6,994939196.6,590728014.1,calculated,0.05097501394,0.01752069364,-0.5276934287,,-0.505310108,-1.894746632,,-1.20002837,117,262,,,4,2025-12-31,true,,revenue_ttm_from_provider|ebitda_ttm_from_provider|fcf_ttm_from_provider_fcf_field|preferred_stock_assumed_zero
GEN.AX,GEN,Genmin Limited,Basic Materials,Other Industrial Metals & Mining,AU,AUD,USD,0.007,3459536102,24216754,17266847.27,,,,,,,0,,,,,,,,,,,,,,,,,,,,,,,,,,0,,false,below_min_market_cap:17266847,
GES.AX,GES,Genesis Resources Limited,Basic Materials,Other Industrial Metals & Mining,AU,AUD,AUD,0.012,782841294,9394095,6698106.756,,,,,,,0,,,,,,,,,,,,,,,,,,,,,,,,,,0,,false,below_min_market_cap:6698107,
GG1.AX,GG1,Green & Gold Minerals Limited,Basic Materials,Gold,AU,AUD,AUD,0.091,63842375,5809656,4142357.098,,,,,,,0,,,,,,,,,,,,,,,,,,,,,,,,,,0,,false,below_min_market_cap:4142357,
GG8.AX,GG8,Gorilla Gold Mines Ltd,Basic Materials,Gold,AU,AUD,AUD,0.315,732653065,230785712,164553087.5,,,,,,,0,,,,,,,,,,,,,,,,,,,,,,,,,,0,2026-06-30,false,insufficient_annual_history:0,
GGE.AX,GGE,Grand Gulf Energy Limited,Energy,Oil & Gas E&P,AU,AUD,AUD,0.001,3120424877,3120425,2224901.896,,,,,,,0,,,,,,,,,,,,,,,,,,,,,,,,,,0,,false,below_min_market_cap:2224902,
GGM.AX,GGM,Global Gold Mining Limited,Basic Materials,Gold,AU,AUD,AUD,0.265,277561058,73553672,52444684.39,,,,,,,0,,,,,,,,,,,,,,,,,,,,,,,,,,0,2025-06-30,false,insufficient_annual_history:0,
GGP.AX,GGP,Greatland Resources Limited,Basic Materials,Gold,AU,AUD,AUD,10.47,674667361,7063767552,5036554257,2259372032,1303796992,503452000,358967547.4,revenue=provider_ttm|ebitda=provider_ttm|fcf=provider_ttm_fcf_field,0.2228282872,1,0.3,,1.359985251,2937183642,654487600,578969800,412812679.6,15817468.34,919028850.2,5720668319,5720668319,4117650635,calculated,0.07216161758,0.9619037168,0.8510371432,-0.4767088251,3,1.977477503,-1.389119254,1.196119416,80,24,,,4,2026-06-30,true,,revenue_ttm_from_provider|ebitda_ttm_from_provider|fcf_ttm_from_provider_fcf_field|growth_from_yoy_only|growth_clamped_high|preferred_stock_assumed_zero
GGR.AX,GGR,Golden Globe Resources Ltd,Basic Materials,Other Precious Metals & Mining,AU,AUD,AUD,0.15,140024210,21003632,14975851.26,,,,,,,0,,,,,,,,,,,,,,,,,,,,,,,,,,0,,false,below_min_market_cap:14975851,
GHM.AX,GHM,Golden Horse Minerals Limited,Basic Materials,Gold,AU,AUD,AUD,0.53,177668726,94164416,67140401.6,4059767,-6444919,-17666550,-12596470.22,revenue=latest_fiscal_year|ebitda=provider_ttm|fcf=provider_ttm_fcf_field,,0,,,,,,,,,,,,,,,,,,,,,,,,,,3,2023-12-31,false,ttm_ebitda_not_positive,stale_statements:989d|annual_history_below_preferred:3|revenue_ttm_from_latest_fy|ebitda_ttm_from_provider|fcf_ttm_from_provider_fcf_field
GHY.AX,GHY,Gold Hydrogen Limited,Energy,Oil & Gas E&P,AU,AUD,AUD,0.5,180454285,90227144,64333077.62,,,,,,,0,,,,,,,,,,,,,,,,,,,,,,,,,,0,2025-06-30,false,insufficient_annual_history:0,
GIB.AX,GIB,Gibb River Diamonds Limited,Basic Materials,Other Precious Metals & Mining,AU,AUD,AUD,0.034,214509445,7293321,5200228.725,,,,,,,0,,,,,,,,,,,,,,,,,,,,,,,,,,0,,false,below_min_market_cap:5200229,
GL1.AX,GL1,Global Lithium Resources Limited,Basic Materials,Other Industrial Metals & Mining,AU,AUD,AUD,0.63,277494839,174821760,124650092.6,,,,,,,0,,,,,,,,,,,,,,,,,,,,,,,,,,2,2024-06-30,false,insufficient_annual_history:2,stale_statements:807d
GLB.AX,GLB,Globe International Limited,Consumer Cyclical,Apparel Manufacturing,AU,AUD,AUD,2.86,41463818,118586512,84553660.28,206796992,18155000,18151750,12942423.86,revenue=provider_ttm|ebitda=provider_ttm|fcf=provider_ttm_fcf_field,0.08777569647,1,-0.08052154479,-0.09999601242,-0.05130984335,190145378.7,16690143.05,17420946.52,12421351.88,13475222.42,15769696.51,136651341.5,136651341.5,76737623.43,calculated,0.09089813353,-0.1069850271,-0.2529434986,,-1.108698167,-1.123099631,,-1.115898899,49,255,,,3,2024-06-30,true,,stale_statements:807d|annual_history_below_preferred:3|revenue_ttm_from_provider|ebitda_ttm_from_provider|fcf_ttm_from_provider_fcf_field|preferred_stock_assumed_zero
GLE.AX,GLE,GLG Corp Ltd,Consumer Cyclical,Apparel Manufacturing,AU,AUD,USD,0.14,74100000,10374000,7396791.228,,,,,,,0,,,,,,,,,,,,,,,,,,,,,,,,,,0,,false,below_min_market_cap:7396791,
GLF.AX,GLF,GemLife Communities Group,Real Estate,Real Estate - Development,AU,AUD,AUD,4.21,380288462,1601014400,1141543211,371952000,143115008,81578872,58166751.96,revenue=provider_ttm|ebitda=provider_ttm|fcf=provider_ttm_fcf_field,0.2193263432,1,0.1824683131,0.2679941906,0.05417949681,439821454,96464431.16,89021651.58,63473546.51,338853466,6677361.659,2046477231,2046477231,1545108261,calculated,0.03101600426,0.1956280993,0.01593910143,,0.3578460684,-0.3679312796,,-0.005042605592,179,111,,,4,2025-12-31,true,,revenue_ttm_from_provider|ebitda_ttm_from_provider|fcf_ttm_from_provider_fcf_field|preferred_stock_assumed_zero
GLH.AX,GLH,Global Health Limited,Healthcare,Health Information Services,AU,AUD,AUD,0.048,58794535,2822137,2012218.836,,,,,,,0,,,,,,,,,,,,,,,,,,,,,,,,,,0,,false,below_min_market_cap:2012219,
GLL.AX,GLL,Galilee Energy Limited,Energy,Oil & Gas E&P,AU,AUD,AUD,0.005,2019057169,10095286,7198064.674,,,,,,,0,,,,,,,,,,,,,,,,,,,,,,,,,,0,,false,below_min_market_cap:7198065,
GLN.AX,GLN,Galan Lithium Limited,Basic Materials,Other Industrial Metals & Mining,AU,AUD,AUD,0.355,1267536631,449975488,320838128.2,,,,,,,0,,,,,,,,,,,,,,,,,,,,,,,,,,0,2024-06-30,false,insufficient_annual_history:0,stale_statements:807d
GMD.AX,GMD,Genesis Minerals Limited,Basic Materials,Gold,AU,AUD,AUD,7.38,1174947242,8671110144,6182609548,1742345984,945051008,436627744,311321020.5,revenue=provider_ttm|ebitda=provider_ttm|fcf=provider_ttm_fcf_field,0.2505976126,1,0.3,1.828899191,0.8935641385,2265049779,567616067.2,502121905.6,358019173.6,215930831.5,348188938.1,7531725373,7531725373,6026163161,calculated,0.04753481518,0.6894427797,0.8618848137,,2.75100423,2.007943652,,2.379473941,128,6,,,4,2026-06-30,true,,revenue_ttm_from_provider|ebitda_ttm_from_provider|fcf_ttm_from_provider_fcf_field|growth_clamped_high|preferred_stock_assumed_zero
GMG.AX,GMG,Goodman Group,Real Estate,REIT - Diversified,AU,,AUD,,,,,,,,,,,0,,,,,,,,,,,,,,,,,,,,,,,,,,0,,false,excluded_industry:reit,
GML.AX,GML,Gateway Mining Limited,Basic Materials,Gold,AU,AUD,AUD,0.077,2323696859,178924656,127575508.6,,,,,,,0,,,,,,,,,,,,,,,,,,,,,,,,,,0,2025-06-30,false,insufficient_annual_history:0,
GMN.AX,GMN,Gold Mountain Limited,Basic Materials,Gold,AU,AUD,AUD,0.068,304569330,20710716,14766998.5,,,,,,,0,,,,,,,,,,,,,,,,,,,,,,,,,,0,,false,below_min_market_cap:14766998,
GNC.AX,GNC,GrainCorp Limited,Consumer Defensive,Farm Products,AU,AUD,AUD,6.62,222323646,1471782528,1049399276,7097099776,75100000,32729500,23336541.21,revenue=provider_ttm|ebitda=provider_ttm|fcf=provider_ttm_fcf_field,0.004611672519,1,0.034268851,-0.02467658438,0.1226870041,7340309231,33851102.36,33290301.18,23736399.43,594581087.8,364563269.2,2278775354,2278775354,2183882546,calculated,0.01041629636,-0.04590590175,-0.3608992283,,-0.8126923719,-1.426297943,,-1.119495157,245,256,,,4,2025-09-30,true,,revenue_ttm_from_provider|ebitda_ttm_from_provider|fcf_ttm_from_provider_fcf_field|preferred_stock_assumed_zero
GNE.AX,GNE,Genesis Energy Limited,Utilities,Utilities - Independent Power Producers,AU,AUD,NZD,2.15,1308868024,2814066176,2006464238,2831600128,507200000,474124992,272987691.1,revenue=provider_ttm|ebitda=provider_ttm|fcf=provider_ttm_fcf_field,0.1674406592,1,-0.06216253148,0.05742238831,-0.2415399112,2655580696,444652182.3,459388587.1,264502888.1,655515932.7,83544454.84,4299071476,4299071476,2714464206,calculated,0.06152558514,0.06670686363,-0.09215092526,,-0.2669407585,-0.6715067704,,-0.4692237645,101,210,,,4,2026-06-30,true,,reporting_currency_differs:NZD_vs_AUD|revenue_ttm_from_provider|ebitda_ttm_from_provider|fcf_ttm_from_provider_fcf_field|preferred_stock_assumed_zero
GNG.AX,GNG,GR Engineering Services Limited,Basic Materials,Other Industrial Metals & Mining,AU,AUD,AUD,6.88,188673559,1298074112,925543011.8,493163776,58166308,52250796,37255468.43,revenue=provider_ttm|ebitda=provider_ttm|fcf=provider_ttm_fcf_field,0.1059501905,1,-0.01008986864,-0.03650008618,0.02952545768,488187818.3,51723592.33,51987194.17,37067517.04,7242866.812,62699963.94,924700207.6,924700207.6,779896904.1,calculated,0.04008598326,-0.02457077782,0.1341318808,,-0.7092966488,-0.03598177314,,-0.372639211,153,185,,,4,2026-06-30,true,,revenue_ttm_from_provider|ebitda_ttm_from_provider|fcf_ttm_from_provider_fcf_field|preferred_stock_assumed_zero
GNM.AX,GNM,Great Northern Minerals Limited,Basic Materials,Gold,AU,AUD,AUD,0.035,493838444,17284346,12323954.01,,,,,,,0,,,,,,,,,,,,,,,,,,,,,,,,,,0,,false,below_min_market_cap:12323954,
GNP.AX,GNP,GenusPlus Group Ltd,Industrials,Engineering & Construction,AU,AUD,AUD,8.22,203317612,1671270912,1191636979,1281072640,83117176,130070928,92742191.94,revenue=provider_ttm|ebitda=provider_ttm|fcf=provider_ttm_fcf_field,0.101532828,1,0.3,0.4232083093,0.7052190694,1665394432,169092206.4,149581567.2,106653520.7,68588874.29,339429537.3,1204652322,1204652322,981725564.2,calculated,0.0885346907,0.3580160134,0.3705623138,,1.14482138,0.6280432708,,0.8864323255,52,32,41.98606817,0.03,4,2026-06-30,true,,revenue_ttm_from_provider|ebitda_ttm_from_provider|fcf_ttm_from_provider_fcf_field|growth_clamped_high|preferred_stock_assumed_zero
GOW.AX,GOW,Gowing Bros. Limited,Financial Services,Asset Management,AU,,AUD,,,,,,,,,,,0,,,,,,,,,,,,,,,,,,,,,,,,,,0,,false,excluded_sector:Financial Services,
GOZ.AX,GOZ,Growthpoint Properties Australia,Real Estate,REIT - Office,AU,,AUD,,,,,,,,,,,0,,,,,,,,,,,,,,,,,,,,,,,,,,0,,false,excluded_industry:reit,
GPR.AX,GPR,Geopacific Resources Limited,Basic Materials,Gold,AU,AUD,AUD,0.03,3227261998,96817856,69032337.38,,,,,,,0,,,,,,,,,,,,,,,,,,,,,,,,,,0,2025-12-31,false,insufficient_annual_history:0,
GPT.AX,GPT,The GPT Group,Real Estate,REIT - Diversified,AU,,AUD,,,,,,,,,,,0,,,,,,,,,,,,,,,,,,,,,,,,,,0,,false,excluded_industry:reit,
GQG.AX,GQG,GQG Partners Inc.,Financial Services,Asset Management,AU,,USD,,,,,,,,,,,0,,,,,,,,,,,,,,,,,,,,,,,,,,0,,false,excluded_sector:Financial Services,
GR8.AX,GR8,Great Dirt Resources Ltd,Basic Materials,Other Industrial Metals & Mining,AU,AUD,AUD,0.74,49343383,36514104,26035011,,,,,,,0,,,,,,,,,,,,,,,,,,,,,,,,,,0,,false,below_min_market_cap:26035011,
GRE.AX,GRE,GreenTech Metals Limited,Basic Materials,Other Industrial Metals & Mining,AU,AUD,AUD,0.05,374502954,18725148,13351263.78,,,,,,,0,,,,,,,,,,,,,,,,,,,,,,,,,,0,,false,below_min_market_cap:13351264,
GRR.AX,GRR,Grange Resources Limited,Basic Materials,Steel,AU,AUD,AUD,0.125,1157338698,144667344,103149618.4,502216000,111821000,93337752,66550979.87,revenue=provider_ttm|ebitda=provider_ttm|fcf=provider_ttm_fcf_field,0.1858518088,1,-0.07513618061,-0.07024669676,-0.08247040639,464481407.9,86324709.81,89831230.9,64050786.65,125490.1924,67414614.79,825988813,825988813,,calculated,0.07754437548,-0.08044392149,-0.309905164,,-0.9800728632,-1.283078919,,-1.131575891,68,257,,,4,2025-12-31,true,,revenue_ttm_from_provider|ebitda_ttm_from_provider|fcf_ttm_from_provider_fcf_field|provider_ev_implausible:ratio=-0.829|preferred_stock_assumed_zero
GRS.AX,GRS,Gwardar Resources Limited,Basic Materials,Gold,AU,AUD,,0.46,33000100,15180046,10823561.89,,,,,,,0,,,,,,,,,,,,,,,,,,,,,,,,,,0,,false,below_min_market_cap:10823562,
GRV.AX,GRV,Greenvale Energy Ltd,Energy,Oil & Gas E&P,AU,AUD,AUD,0.024,688190133,16516564,11776515.88,,,,,,,0,,,,,,,,,,,,,,,,,,,,,,,,,,0,,false,below_min_market_cap:11776516,
GRX.AX,GRX,GreenX Metals Limited,Basic Materials,Copper,AU,AUD,AUD,1.015,312256505,316940352,225982419.1,272350,-8410929,-4426109,-3155870.853,revenue=provider_ttm|ebitda=provider_ttm|fcf=provider_ttm_fcf_field,,0,,,,,,,,,,,,,,,,,,,,,,,,,,4,2025-06-30,false,ttm_ebitda_not_positive,ttm_quarter_window_unusable|revenue_ttm_from_provider|ebitda_ttm_from_provider|fcf_ttm_from_provider_fcf_field
GSM.AX,GSM,Golden State Mining Limited,Basic Materials,Gold,AU,AUD,AUD,0.011,482465280,5307118,3784041.244,,,,,,,0,,,,,,,,,,,,,,,,,,,,,,,,,,0,,false,below_min_market_cap:3784041,
GSN.AX,GSN,Great Southern Mining Limited,Basic Materials,Other Precious Metals & Mining,AU,AUD,AUD,0.027,1169414290,31574186,22512787.93,,,,,,,0,,,,,,,,,,,,,,,,,,,,,,,,,,0,,false,below_min_market_cap:22512788,
GSS.AX,GSS,Genetic Signatures Limited,Healthcare,Diagnostics & Research,AU,AUD,AUD,0.073,227138828,16581134,11822555.09,,,,,,,0,,,,,,,,,,,,,,,,,,,,,,,,,,0,,false,below_min_market_cap:11822555,
GT1.AX,GT1,Green Technology Metals Limited,Basic Materials,Other Industrial Metals & Mining,AU,AUD,AUD,0.014,1205027348,16870384,12028793.94,,,,,,,0,,,,,,,,,,,,,,,,,,,,,,,,,,0,,false,below_min_market_cap:12028794,
GT3.AX,GT3,Green360 Technologies LImited,Industrials,Conglomerates,AU,AUD,AUD,0.027,1337233588,36105308,25743534.36,,,,,,,0,,,,,,,,,,,,,,,,,,,,,,,,,,0,,false,below_min_market_cap:25743534,
GTE.AX,GTE,Great Western Exploration Limited,Basic Materials,Other Industrial Metals & Mining,AU,AUD,AUD,0.01,777591259,7775912,5544322.12,,,,,,,0,,,,,,,,,,,,,,,,,,,,,,,,,,0,,false,below_min_market_cap:5544322,
GTG.AX,GTG,Genetic Technologies Limited,Healthcare,Diagnostics & Research,AU,AUD,AUD,0.039,145417246,5671273,4043688.295,,,,,,,0,,,,,,,,,,,,,,,,,,,,,,,,,,0,,false,below_min_market_cap:4043688,
GTI.AX,GTI,Gratifii Limited,Technology,Software - Application,AU,AUD,AUD,0.032,689991565,22079730,15743122.53,,,,,,,0,,,,,,,,,,,,,,,,,,,,,,,,,,0,,false,below_min_market_cap:15743123,
GTK.AX,GTK,Gentrack Group Limited,Technology,Software - Infrastructure,AU,AUD,NZD,3.38,112458975,380111360,271024134.7,228338000,15900000,8469500,4876497.314,revenue=provider_ttm|ebitda=provider_ttm|fcf=provider_ttm_fcf_field,0.03709194265,1,0.1647063056,0.2215128196,0.07949653445,265946708.4,9864480.055,9166990.028,5278092.242,9371258.077,48834641.5,372160138.3,372160138.3,229141075.7,calculated,0.01418231481,0.1920139964,0.3105879611,,0.3403311582,0.4596027207,,0.3999669394,233,67,,,4,2025-09-30,true,,reporting_currency_differs:NZD_vs_AUD|revenue_ttm_from_provider|ebitda_ttm_from_provider|fcf_ttm_from_provider_fcf_field|preferred_stock_assumed_zero
GTN.AX,GTN,GTN Limited,Communication Services,Advertising Agencies,AU,AUD,AUD,0.18,190666000,34319880,24470501.96,,,,,,,0,,,,,,,,,,,,,,,,,,,,,,,,,,0,,false,below_min_market_cap:24470502,
GUL.AX,GUL,Gullewa Limited,Basic Materials,Gold,AU,AUD,AUD,0.086,218022172,18749908,13368917.97,,,,,,,0,,,,,,,,,,,,,,,,,,,,,,,,,,0,,false,below_min_market_cap:13368918,
GUM.AX,GUM,Gumtree Australia Markets Limited,Communication Services,Internet Content & Information,AU,AUD,AUD,0.089,321248519,28591118,20385823.29,,,,,,,0,,,,,,,,,,,,,,,,,,,,,,,,,,0,,false,below_min_market_cap:20385823,
GW1.AX,GW1,Greenwing Resources Ltd,Basic Materials,Other Industrial Metals & Mining,AU,AUD,AUD,0.09,525024946,47252248,33691441.44,,,,,,,0,,,,,,,,,,,,,,,,,,,,,,,,,,0,,false,below_min_market_cap:33691441,
GWA.AX,GWA,GWA Group Limited,Industrials,Building Products & Equipment,AU,AUD,AUD,1.965,254383529,499863648,356409007.8,422321984,82155000,25416750,18122459.36,revenue=provider_ttm|ebitda=provider_ttm|fcf=provider_ttm_fcf_field,0.0601833458,1,-0.002150824084,-0.006258884482,0.004011266511,421413643.7,25362083.04,25389416.52,18102970.25,130347946.3,29952227.29,673981904,673981904,466990760,calculated,0.02685972746,-0.006299993007,0.03719475155,,-0.6207515335,-0.3082338717,,-0.4644927026,194,207,,,3,2026-06-30,true,,annual_history_below_preferred:3|revenue_ttm_from_provider|ebitda_ttm_from_provider|fcf_ttm_from_provider_fcf_field|preferred_stock_assumed_zero
GWR.AX,GWR,GWR Group Limited,Basic Materials,Steel,AU,AUD,AUD,0.15,325484155,48822624,34811139.09,,,,,,,0,,,,,,,,,,,,,,,,,,,,,,,,,,0,,false,below_min_market_cap:34811139,
GYG.AX,GYG,Guzman y Gomez Limited,Consumer Cyclical,Restaurants,AU,AUD,AUD,25.04,99590853,2493755136,1778078476,551753024,81760000,19973500,14241354.31,revenue=provider_ttm|ebitda=provider_ttm|fcf=provider_ttm_fcf_field,0.03620007346,1,0.2470503241,0.2867128744,0.1875564988,688063787.4,24907959.65,22440729.82,16000519.91,314960418.6,121582884.1,2145733368,2145733368,1927821588,calculated,0.007456900353,0.2385454767,0.4310342005,,0.5658351707,0.7978811668,,0.6818581688,255,41,,,4,2026-06-30,true,,revenue_ttm_from_provider|ebitda_ttm_from_provider|fcf_ttm_from_provider_fcf_field|preferred_stock_assumed_zero
H2G.AX,H2G,H2G Limited,Industrials,Electrical Equipment & Parts,AU,AUD,AUD,0.011,799340103,8792741,6269333.863,,,,,,,0,,,,,,,,,,,,,,,,,,,,,,,,,,0,,false,below_min_market_cap:6269334,
H3E.AX,H3E,H3 Energy Limited,Energy,Oil & Gas E&P,AU,AUD,AUD,0.005,1340762689,6703813,4779902.178,,,,,,,0,,,,,,,,,,,,,,,,,,,,,,,,,,0,,false,below_min_market_cap:4779902,
HAL.AX,HAL,Halo Technologies Holdings Limited,Technology,Software - Application,AU,AUD,AUD,0.014,292157240,4090201,2916364.264,,,,,,,0,,,,,,,,,,,,,,,,,,,,,,,,,,0,,false,below_min_market_cap:2916364,
HAR.AX,HAR,Haranga Resources Limited,Basic Materials,Other Precious Metals & Mining,AU,AUD,AUD,0.062,453036975,28088292,20027302.09,,,,,,,0,,,,,,,,,,,,,,,,,,,,,,,,,,0,,false,below_min_market_cap:20027302,
HAS.AX,HAS,Hastings Technology Metals Limited,Basic Materials,Other Industrial Metals & Mining,AU,AUD,AUD,0.275,234317116,64437208,45944531.99,,,,,,,0,,,,,,,,,,,,,,,,,,,,,,,,,,0,,false,below_min_market_cap:45944532,
HAV.AX,HAV,Havilah Resources Limited,Basic Materials,Gold,AU,AUD,AUD,0.81,353922407,286677152,204404380.5,,,,,,,0,,,,,,,,,,,,,,,,,,,,,,,,,,0,2025-07-31,false,insufficient_annual_history:0,
HAW.AX,HAW,Hawthorn Resources Limited,Basic Materials,Gold,AU,AUD,AUD,0.082,335015613,27471282,19587366.27,,,,,,,0,,,,,,,,,,,,,,,,,,,,,,,,,,0,,false,below_min_market_cap:19587366,
HCH.AX,HCH,Hot Chili Limited,Basic Materials,Copper,AU,AUD,AUD,1.435,202901656,291163872,207603467.7,,,,,,,0,,,,,,,,,,,,,,,,,,,,,,,,,,0,2025-06-30,false,insufficient_annual_history:0,
HCL.AX,HCL,HighCom Limited,Industrials,Aerospace & Defense,AU,AUD,AUD,0.12,141655172,16998620,12120227.81,,,,,,,0,,,,,,,,,,,,,,,,,,,,,,,,,,0,,false,below_min_market_cap:12120228,
HCT.AX,HCT,Holista Colltech Limited,Consumer Defensive,Packaged Foods,AU,AUD,AUD,0.044,367834364,16184712,11539901.27,,,,,,,0,,,,,,,,,,,,,,,,,,,,,,,,,,0,,false,below_min_market_cap:11539901,
HE8.AX,HE8,Helios Energy Limited,Energy,Oil & Gas E&P,AU,AUD,AUD,0.002,3884305218,7768610,5539115.703,,,,,,,0,,,,,,,,,,,,,,,,,,,,,,,,,,0,,false,below_min_market_cap:5539116,
HFR.AX,HFR,Highfield Resources Limited,Basic Materials,Agricultural Inputs,AU,AUD,AUD,0.019,474077043,9007464,6422434.037,,,,,,,0,,,,,,,,,,,,,,,,,,,,,,,,,,0,,false,below_min_market_cap:6422434,
HFY.AX,HFY,Hubify Limited,Communication Services,Telecom Services,AU,AUD,AUD,0.011,517088676,5687975,4055597.03,,,,,,,0,,,,,,,,,,,,,,,,,,,,,,,,,,0,,false,below_min_market_cap:4055597,
HGH.AX,HGH,Heartland Group Holdings Limited,Financial Services,Banks - Regional,AU,,NZD,,,,,,,,,,,0,,,,,,,,,,,,,,,,,,,,,,,,,,0,,false,excluded_sector:Financial Services,
HIO.AX,HIO,Hawsons Iron Limited,Basic Materials,Other Industrial Metals & Mining,AU,AUD,AUD,0.009,1378135247,12403217,8843648.227,,,,,,,0,,,,,,,,,,,,,,,,,,,,,,,,,,0,,false,below_min_market_cap:8843648,
HIQ.AX,HIQ,HITIQ Limited,Healthcare,Health Information Services,AU,AUD,AUD,0.004,1158683453,4634734,3304623.076,,,,,,,0,,,,,,,,,,,,,,,,,,,,,,,,,,0,,false,below_min_market_cap:3304623,
HIT.AX,HIT,HiTech Group Australia Limited,Industrials,Staffing & Employment Services,AU,AUD,AUD,1.11,42300000,46953000,33478073.89,,,,,,,0,,,,,,,,,,,,,,,,,,,,,,,,,,0,,false,below_min_market_cap:33478074,
HLI.AX,HLI,Helia Group Limited,Financial Services,Insurance - Specialty,AU,,AUD,,,,,,,,,,,0,,,,,,,,,,,,,,,,,,,,,,,,,,0,,false,excluded_sector:Financial Services,
HLO.AX,HLO,Helloworld Travel Limited,Consumer Cyclical,Travel Services,AU,AUD,AUD,1.415,163680166,231607424,165138978.4,201771008,35670000,39323376,28038056.94,revenue=provider_ttm|ebitda=provider_ttm|fcf=provider_ttm_fcf_field,0.1948911114,1,0.3,0.6754199984,6.701771128,262302310.4,51120388.8,45221882.4,32243765.48,31537253.98,60462743.33,136403863.4,136403863.4,113528296.1,calculated,0.2363845471,0.586193842,0.3954218317,,2.250632233,0.6978622965,,1.474247264,5,19,47.74264879,0.03,4,2026-06-30,true,,revenue_ttm_from_provider|ebitda_ttm_from_provider|fcf_ttm_from_provider_fcf_field|growth_clamped_high|preferred_stock_assumed_zero
HLS.AX,HLS,Healius Limited,Healthcare,Diagnostics & Research,AU,AUD,AUD,0.455,726178798,330411360,235587415.6,1373200000,59800000,132187504,94251337,revenue=provider_ttm|ebitda=provider_ttm|fcf=provider_ttm_fcf_field,0.09626238276,1,-0.15,-0.1682656769,-0.2302141794,1167220000,112359378.4,122273441.2,87182486.72,650124758.2,40784312.53,1264107885,1264107885,898111220.8,calculated,0.06896759982,-0.1646709189,-0.9184246021,,-1.388259445,-2.992131944,,-2.190195695,88,272,,,4,2026-06-30,true,,revenue_ttm_from_provider|ebitda_ttm_from_provider|fcf_ttm_from_provider_fcf_field|growth_clamped_low|preferred_stock_assumed_zero
HLX.AX,HLX,Helix Resources Limited,Basic Materials,Other Industrial Metals & Mining,AU,AUD,AUD,0.04,192444755,7697790,5488620.161,,,,,,,0,,,,,,,,,,,,,,,,,,,,,,,,,,0,,false,below_min_market_cap:5488620,
HMC.AX,HMC,HMC Capital Limited,Real Estate,REIT - Diversified,AU,,AUD,,,,,,,,,,,0,,,,,,,,,,,,,,,,,,,,,,,,,,0,,false,excluded_industry:reit,
HMD.AX,HMD,HeraMED Limited,Healthcare,Medical Devices,AU,AUD,AUD,0.033,1158636602,38235004,27262034.14,,,,,,,0,,,,,,,,,,,,,,,,,,,,,,,,,,0,,false,below_min_market_cap:27262034,
HMG.AX,HMG,Hamelin Gold Limited,Basic Materials,Gold,AU,AUD,AUD,0.25,247879463,61969864,44185284.98,,,,,,,0,,,,,,,,,,,,,,,,,,,,,,,,,,0,,false,below_min_market_cap:44185285,
HMI.AX,HMI,Hiremii Limited,Industrials,Staffing & Employment Services,AU,AUD,AUD,0.038,210861201,8012725,5713172.739,,,,,,,0,,,,,,,,,,,,,,,,,,,,,,,,,,0,,false,below_min_market_cap:5713173,
HMX.AX,HMX,Hammer Metals Limited,Basic Materials,Other Precious Metals & Mining,AU,AUD,AUD,0.082,892758700,73206216,52196943.93,,,,,,,0,,,,,,,,,,,,,,,,,,,,,,,,,,0,2026-06-30,false,insufficient_annual_history:0,
HMY.AX,HMY,Harmoney Corp Limited,Financial Services,Credit Services,AU,,AUD,,,,,,,,,,,0,,,,,,,,,,,,,,,,,,,,,,,,,,0,,false,excluded_sector:Financial Services,
HOR.AX,HOR,Horseshoe Metals Limited,Basic Materials,Other Industrial Metals & Mining,AU,AUD,AUD,0.03,750009075,22500272,16042974.22,,,,,,,0,,,,,,,,,,,,,,,,,,,,,,,,,,0,,false,below_min_market_cap:16042974,
HPC.AX,HPC,The Hydration Pharmaceuticals Company Limited,Consumer Defensive,Food Distribution,AU,AUD,USD,0.003,537988485,1613965,1150777.15,,,,,,,0,,,,,,,,,,,,,,,,,,,,,,,,,,0,,false,below_min_market_cap:1150777,
HPG.AX,HPG,hipages Group Holdings Limited,Technology,Software - Application,AU,AUD,AUD,0.9,136565886,122909296,87635859.12,90568000,6110000,7790625,5554812.672,revenue=provider_ttm|ebitda=provider_ttm|fcf=provider_ttm_fcf_field,0.08601962062,1,0.1257413758,0.1142730507,0.1429438635,101956144.9,8770228.906,8280426.953,5904047.566,6914081.795,14342958.58,107841919.1,107841919.1,67615838.31,calculated,0.05474724127,0.1088986535,0.4196547145,,-0.06246804767,0.7659213905,,0.3517266714,110,70,,,3,2025-06-30,true,,annual_history_below_preferred:3|revenue_ttm_from_provider|ebitda_ttm_from_provider|fcf_ttm_from_provider_fcf_field|preferred_stock_assumed_zero
HPR.AX,HPR,High Peak Royalties Limited,Energy,Oil & Gas E&P,AU,AUD,AUD,0.094,208559714,19604612,13978332.57,,,,,,,0,,,,,,,,,,,,,,,,,,,,,,,,,,0,,false,below_min_market_cap:13978333,
HRE.AX,HRE,Heavy Rare Earths Limited,Energy,Uranium,AU,AUD,AUD,0.043,239033882,10278458,7328668.592,,,,,,,0,,,,,,,,,,,,,,,,,,,,,,,,,,0,,false,below_min_market_cap:7328669,
HRN.AX,HRN,Horizon Gold Limited,Basic Materials,Gold,AU,AUD,AUD,1.1,195192509,214711760,153092159.5,,,,,,,0,,,,,,,,,,,,,,,,,,,,,,,,,,0,2025-06-30,false,insufficient_annual_history:0,
HSN.AX,HSN,Hansen Technologies Limited,Technology,Software - Application,AU,AUD,AUD,3.37,204703993,689852480,491873411.7,386494016,76945000,69531248,49576645.97,revenue=provider_ttm|ebitda=provider_ttm|fcf=provider_ttm_fcf_field,0.1799025214,1,0.03844225549,0.07424828354,-0.01526678659,401351717.7,72204186,70867717,50529565.01,62852761.09,39092333.97,789245952,789245952,513378278.1,calculated,0.06402258369,0.07301690201,0.08163530051,,-0.236360623,-0.1834206777,,-0.2098906504,94,154,,,4,2026-06-30,true,,revenue_ttm_from_provider|ebitda_ttm_from_provider|fcf_ttm_from_provider_fcf_field|preferred_stock_assumed_zero
HT8.AX,HT8,Harris Technology Group Limited,Consumer Cyclical,Internet Retail,AU,AUD,AUD,0.017,373835481,6355203,4531338.905,,,,,,,0,,,,,,,,,,,,,,,,,,,,,,,,,,0,,false,below_min_market_cap:4531339,
HTM.AX,HTM,High-Tech Metals Limited,Basic Materials,Other Industrial Metals & Mining,AU,AUD,AUD,0.24,105279825,25267158,18015798.4,,,,,,,0,,,,,,,,,,,,,,,,,,,,,,,,,,0,,false,below_min_market_cap:18015798,
HUB.AX,HUB,HUB24 Limited,Financial Services,Capital Markets,AU,,AUD,,,,,,,,,,,0,,,,,,,,,,,,,,,,,,,,,,,,,,0,,false,excluded_sector:Financial Services,
HUM.AX,HUM,Humm Group Limited,Financial Services,Credit Services,AU,,AUD,,,,,,,,,,,0,,,,,,,,,,,,,,,,,,,,,,,,,,0,,false,excluded_sector:Financial Services,
HVN.AX,HVN,Harvey Norman Holdings Limited,Consumer Cyclical,Specialty Retail,AU,AUD,AUD,4.21,1246006654,5245688320,3740241117,3051845120,849409984,544032768,387902140.5,revenue=provider_ttm|ebitda=provider_ttm|fcf=provider_ttm_fcf_field,0.1782635575,1,0.03470945938,0.02684185485,0.04651086616,3157773014,562915851.3,553474309.6,394634077.3,1843615632,212914075.8,5401600783,5401600783,5401611159,calculated,0.07305872706,0.02908258604,0.0313138128,,-0.4492780817,-0.3247507412,,-0.3870144114,78,186,,,4,2026-06-30,true,,revenue_ttm_from_provider|ebitda_ttm_from_provider|fcf_ttm_from_provider_fcf_field|preferred_stock_assumed_zero
HVY.AX,HVY,Heavy Minerals Limited,Basic Materials,Other Industrial Metals & Mining,AU,AUD,AUD,0.345,73393592,25320790,18054038.69,,,,,,,0,,,,,,,,,,,,,,,,,,,,,,,,,,0,,false,below_min_market_cap:18054039,
HWK.AX,HWK,Hawk Resources Limited,Basic Materials,Other Industrial Metals & Mining,AU,AUD,AUD,0.033,689983131,22769442,16234895.78,,,,,,,0,,,,,,,,,,,,,,,,,,,,,,,,,,0,,false,below_min_market_cap:16234896,
HXL.AX,HXL,Hexima Limited,Financial Services,Shell Companies,AU,,AUD,,,,,,,,,,,0,,,,,,,,,,,,,,,,,,,,,,,,,,0,,false,excluded_sector:Financial Services,
HYD.AX,HYD,Hydrix Limited,Technology,Scientific & Technical Instruments,AU,AUD,AUD,0.003,1449749309,4349248,3101068.002,,,,,,,0,,,,,,,,,,,,,,,,,,,,,,,,,,0,,false,below_min_market_cap:3101068,
HYT.AX,HYT,Hyterra Ltd,Energy,Oil & Gas E&P,AU,AUD,AUD,0.006,2142877997,12857268,9167392.246,,,,,,,0,,,,,,,,,,,,,,,,,,,,,,,,,,0,,false,below_min_market_cap:9167392,
HZN.AX,HZN,Horizon Oil Limited,Energy,Oil & Gas E&P,AU,AUD,USD,0.23,1782904692,410068096,292383660.6,84162000,38919000,29471124,29471124,revenue=provider_ttm|ebitda=provider_ttm|fcf=provider_ttm_fcf_field,0.3501713838,1,-0.1241870271,-0.1443043106,-0.09401110193,73710171.42,25811192.72,27641158.36,27641158.36,47491000,37400000,329712660.6,329712660.6,318205389.6,calculated,0.08383408241,-0.1529741746,-0.4524731917,,-1.33157389,-1.68348736,,-1.507530625,58,267,,,4,2026-06-30,true,,reporting_currency_differs:USD_vs_AUD|revenue_ttm_from_provider|ebitda_ttm_from_provider|fcf_ttm_from_provider_fcf_field|preferred_stock_assumed_zero
HZR.AX,HZR,Hazer Group Limited,Basic Materials,Chemicals,AU,AUD,AUD,0.33,267847838,88389792,63023022.76,,,,,,,0,,,,,,,,,,,,,,,,,,,,,,,,,,2,2026-06-30,false,insufficient_annual_history:2,
I88.AX,I88,Infini Resources Limited,Basic Materials,Other Industrial Metals & Mining,AU,AUD,AUD,0.1,108207236,10820723,7715310.292,,,,,,,0,,,,,,,,,,,,,,,,,,,,,,,,,,0,,false,below_min_market_cap:7715310,
IAG.AX,IAG,Insurance Australia Group Limited,Financial Services,Insurance - Property & Casualty,AU,,AUD,,,,,,,,,,,0,,,,,,,,,,,,,,,,,,,,,,,,,,0,,false,excluded_sector:Financial Services,
IAM.AX,IAM,Income Asset Management Group Limited,Financial Services,Asset Management,AU,,AUD,,,,,,,,,,,0,,,,,,,,,,,,,,,,,,,,,,,,,,0,,false,excluded_sector:Financial Services,
IBR.AX,IBR,Iron Bear Resources Ltd,Basic Materials,Other Industrial Metals & Mining,AU,AUD,AUD,0.024,1106253248,26550080,18930537.77,,,,,,,0,,,,,,,,,,,,,,,,,,,,,,,,,,0,,false,below_min_market_cap:18930538,
IBX.AX,IBX,Imagion Biosystems Limited,Healthcare,Diagnostics & Research,AU,AUD,AUD,0.008,801006908,6408055,4569023.039,,,,,,,0,,,,,,,,,,,,,,,,,,,,,,,,,,0,,false,below_min_market_cap:4569023,
ICE.AX,ICE,icetana Limited,Technology,Software - Application,AU,AUD,AUD,0.036,664325914,23915730,17052213.41,,,,,,,0,,,,,,,,,,,,,,,,,,,,,,,,,,0,,false,below_min_market_cap:17052213,
ICL.AX,ICL,Iceni Gold Limited,Basic Materials,Gold,AU,AUD,AUD,0.025,435907235,10897681,7770182.304,,,,,,,0,,,,,,,,,,,,,,,,,,,,,,,,,,0,,false,below_min_market_cap:7770182,
ICR.AX,ICR,Intelicare Holdings Limited,Healthcare,Health Information Services,AU,AUD,AUD,0.023,715306776,16452055,11730520.16,,,,,,,0,,,,,,,,,,,,,,,,,,,,,,,,,,0,,false,below_min_market_cap:11730520,
ICU.AX,ICU,Investor Centre Limited,Financial Services,Capital Markets,AU,,AUD,,,,,,,,,,,0,,,,,,,,,,,,,,,,,,,,,,,,,,0,,false,excluded_sector:Financial Services,
ID8.AX,ID8,Identitii Limited,Technology,Software - Application,AU,AUD,AUD,0.8,4820673,3856538,2749759.634,,,,,,,0,,,,,,,,,,,,,,,,,,,,,,,,,,0,,false,below_min_market_cap:2749760,
IDA.AX,IDA,Indiana Resources Limited,Basic Materials,Other Precious Metals & Mining,AU,AUD,AUD,0.02,644232458,12884649,9186915.24,,,,,,,0,,,,,,,,,,,,,,,,,,,,,,,,,,0,,false,below_min_market_cap:9186915,
IDT.AX,IDT,IDT Australia Limited,Healthcare,Drug Manufacturers - Specialty & Generic,AU,AUD,AUD,0.047,428428229,20136126,14357308.67,,,,,,,0,,,,,,,,,,,,,,,,,,,,,,,,,,0,,false,below_min_market_cap:14357309,
IDX.AX,IDX,Integral Diagnostics Limited,Healthcare,Diagnostics & Research,AU,AUD,AUD,2.31,373066537,861783680,614462499,788619008,112394000,53535752,38171658.07,revenue=provider_ttm|ebitda=provider_ttm|fcf=provider_ttm_fcf_field,0.06788544463,1,0.2317032851,0.2146158706,0.2573344069,971344622.9,65940161.61,59737956.81,42593907.35,425736886,36567556.86,1007571935,1007571935,1006619624,calculated,0.04227381279,0.2069250913,0.2338512378,,0.4125943164,0.2440843315,,0.328339324,143,72,,,4,2026-06-30,true,,revenue_ttm_from_provider|ebitda_ttm_from_provider|fcf_ttm_from_provider_fcf_field|preferred_stock_assumed_zero
IEL.AX,IEL,IDP Education Limited,Consumer Defensive,Education & Training Services,AU,AUD,AUD,1.535,278336211,427246080,304631777.2,795401024,118708000,114394248,81564523.82,revenue=provider_ttm|ebitda=provider_ttm|fcf=provider_ttm_fcf_field,0.1438195885,1,-0.08004276443,-0.06781108996,-0.09839027614,731734927.2,105237816.2,109816032.1,78300198.84,237772542.1,96342243.18,447045320.3,447045320.3,446564972.3,calculated,0.175150472,-0.07732059715,-0.269569159,,-0.9649363972,-1.169793514,,-1.067364955,11,252,,,4,2026-06-30,true,,revenue_ttm_from_provider|ebitda_ttm_from_provider|fcf_ttm_from_provider_fcf_field|preferred_stock_assumed_zero
IEQ.AX,IEQ,International Equities Corporation Limited,,Real Estate Management & Development,AU,,AUD,,,,,,,,,,,0,,,,,,,,,,,,,,,,,,,,,,,,,,0,,false,quote_type:MUTUALFUND,
IFG.AX,IFG,InFocus Group Holdings Limited,Technology,Information Technology Services,AU,AUD,AUD,0.007,519177775,3634244,2591261.243,,,,,,,0,,,,,,,,,,,,,,,,,,,,,,,,,,0,,false,below_min_market_cap:2591261,
IFN.AX,IFN,Infragreen Group Limited,Industrials,Waste Management,AU,AUD,AUD,0.595,219891248,130835296,93287195.85,,,,,,,0,,,,,,,,,,,,,,,,,,,,,,,,,,0,2025-06-30,false,insufficient_annual_history:0,
IFT.AX,IFT,Infratil Limited,Industrials,Conglomerates,AU,AUD,NZD,10.93,999312470,1.092248576e+10,7787868407,3487099904,1085299968,368237504,212020685.9,revenue=provider_ttm|ebitda=provider_ttm|fcf=provider_ttm_fcf_field,0.1055999295,1,0.1745737186,0.3602163865,-0.1038902833,4095855901,432522094.4,400379799.2,230527305.7,4559592642,179986192.8,1.265797466e+10,1.265797466e+10,1.381881279e+10,calculated,0.01821202143,0.2192693301,-0.01368490225,,0.472417803,-0.4511315686,,0.01064311717,222,107,,,4,2026-03-31,true,,reporting_currency_differs:NZD_vs_AUD|revenue_ttm_from_provider|ebitda_ttm_from_provider|fcf_ttm_from_provider_fcf_field|preferred_stock_assumed_zero
IG6.AX,IG6,International Graphite Limited,Basic Materials,Other Industrial Metals & Mining,AU,AUD,AUD,0.041,315474748,12934465,9222434.668,,,,,,,0,,,,,,,,,,,,,,,,,,,,,,,,,,0,,false,below_min_market_cap:9222435,
IGL.AX,IGL,IVE Group Limited,Communication Services,Advertising Agencies,AU,AUD,AUD,2.41,153104299,368981376,263088317.4,941772032,96280000,36770248,26217644.87,revenue=provider_ttm|ebitda=provider_ttm|fcf=provider_ttm_fcf_field,0.03904368228,1,-0.01320701881,-0.009868119816,-0.01821536729,929334031.1,36284622.64,36527435.32,26044516.4,354842057.4,31438858.26,741867626.1,741867626.1,585341838.2,calculated,0.0351066895,-0.01029081307,0.1405452773,,-0.6400921161,-0.01796947321,,-0.3290307947,168,177,,,4,2026-06-30,true,,revenue_ttm_from_provider|ebitda_ttm_from_provider|fcf_ttm_from_provider_fcf_field|preferred_stock_assumed_zero
IGN.AX,IGN,Ignite Limited,Industrials,Staffing & Employment Services,AU,AUD,AUD,0.765,16540206,12653257,9021929.861,,,,,,,0,,,,,,,,,,,,,,,,,,,,,,,,,,0,,false,below_min_market_cap:9021930,
IGO.AX,IGO,IGO Limited,Basic Materials,Other Industrial Metals & Mining,AU,AUD,AUD,7.15,757267813,5414465024,3860581010,462900000,51800000,187500000,133689835.7,revenue=provider_ttm|ebitda=provider_ttm|fcf=provider_ttm_fcf_field,0.4050550875,1,-0.15,-0.2466434708,-0.124097561,393465000,159375000,173437500,123663098,11978609.28,275579314.6,5194270810,5194270810,3519745996,calculated,0.02380759543,-0.2982818839,-0.5175170734,,-2.035773956,-1.8661659,,-1.950969928,199,271,,,4,2026-06-30,true,,revenue_ttm_from_provider|ebitda_ttm_from_provider|fcf_ttm_from_provider_fcf_field|growth_clamped_low|preferred_stock_assumed_zero
IIQ.AX,IIQ,INOVIQ Ltd,Healthcare,Diagnostics & Research,AU,AUD,AUD,0.17,140775458,23931828,17063691.48,,,,,,,0,,,,,,,,,,,,,,,,,,,,,,,,,,0,,false,below_min_market_cap:17063691,
IKE.AX,IKE,ikeGPS Group Limited,Technology,Scientific & Technical Instruments,AU,AUD,NZD,0.915,194906826,178339760,127158470.4,26549000,-7680000,6325000,3641755.182,revenue=provider_ttm|ebitda=provider_ttm|fcf=provider_ttm_fcf_field,,0,,,,,,,,,,,,,,,,,,,,,,,,,,4,2026-03-31,false,ttm_ebitda_not_positive,reporting_currency_differs:NZD_vs_AUD|revenue_ttm_from_provider|ebitda_ttm_from_provider|fcf_ttm_from_provider_fcf_field
ILA.AX,ILA,Island Pharmaceuticals Limited,Healthcare,Biotechnology,AU,AUD,AUD,0.44,296096682,130282536,92893071.08,282657,-10229514,-2088113,-1488850.58,revenue=provider_ttm|ebitda=provider_ttm|fcf=provider_ttm_fcf_field,,0,,,,,,,,,,,,,,,,,,,,,,,,,,3,2026-06-30,false,ttm_ebitda_not_positive,annual_history_below_preferred:3|revenue_ttm_from_provider|ebitda_ttm_from_provider|fcf_ttm_from_provider_fcf_field
ILT.AX,ILT,Iltani Resources Limited,Basic Materials,Other Precious Metals & Mining,AU,AUD,AUD,0.43,79724380,34281484,24443125.13,,,,,,,0,,,,,,,,,,,,,,,,,,,,,,,,,,0,,false,below_min_market_cap:24443125,
ILU.AX,ILU,Iluka Resources Limited,Basic Materials,Other Industrial Metals & Mining,AU,AUD,AUD,6,431194999,2587170048,1844684472,893500032,157700000,-411312512,-293270944.7,revenue=provider_ttm|ebitda=provider_ttm|fcf=provider_ttm_fcf_field,-0.4603385532,1,-0.1385391005,-0.1426590181,-0.1323592241,769715341.2,-354329646.6,-382821079.3,,,,,,,,,,,,,,,,,,,,4,2025-12-31,false,expected_fcf_not_positive,revenue_ttm_from_provider|ebitda_ttm_from_provider|fcf_ttm_from_provider_fcf_field
IMA.AX,IMA,Image Resources NL,Basic Materials,Other Industrial Metals & Mining,AU,AUD,AUD,0.016,1115109592,17841754,12721392.85,,,,,,,0,,,,,,,,,,,,,,,,,,,,,,,,,,0,,false,below_min_market_cap:12721393,
IMB.AX,IMB,Intelligent Monitoring Group Limited,Industrials,Security & Protection Services,AU,AUD,AUD,0.59,413167621,243768880,173810248,203656000,29395000,16357875,11663368.64,revenue=provider_ttm|ebitda=provider_ttm|fcf=provider_ttm_fcf_field,0.0803211052,1,0.3,0.8365268107,0.1645604364,264752800,21265237.5,18811556.25,13412873.94,101385380.3,30429945.64,282503293,282503293,244197776.8,calculated,0.04747864635,0.424161678,0.4967674234,,1.465380981,0.9824957516,,1.223938366,129,23,,,4,2026-06-30,true,,revenue_ttm_from_provider|ebitda_ttm_from_provider|fcf_ttm_from_provider_fcf_field|growth_clamped_high|preferred_stock_assumed_zero
IMC.AX,IMC,Immuron Limited,Healthcare,Biotechnology,AU,AUD,AUD,0.044,322848081,14205316,10128567.26,,,,,,,0,,,,,,,,,,,,,,,,,,,,,,,,,,0,,false,below_min_market_cap:10128567,
IMD.AX,IMD,Imdex Limited,Industrials,Farm & Heavy Construction Machinery,AU,AUD,AUD,3.26,520282860,1696122112,1209356194,520086016,129123000,69343872,49443044.55,revenue=provider_ttm|ebitda=provider_ttm|fcf=provider_ttm_fcf_field,0.1333315449,1,0.131003707,0.08127873603,0.2055911636,588219212.1,78428176.29,73886024.15,52681655.61,202831366.6,29069517.87,1870765801,1870765801,1363497486,calculated,0.02816047609,0.06905903948,0.2252359039,,-0.2555414845,0.2198877957,,-0.01782684443,188,114,,,4,2026-06-30,true,,revenue_ttm_from_provider|ebitda_ttm_from_provider|fcf_ttm_from_provider_fcf_field|preferred_stock_assumed_zero
IME.AX,IME,ImExHS Limited,Healthcare,Diagnostics & Research,AU,AUD,AUD,0.325,54395712,17678606,12605066.3,,,,,,,0,,,,,,,,,,,,,,,,,,,,,,,,,,0,,false,below_min_market_cap:12605066,
IMI.AX,IMI,Infinity Mining Limited,Basic Materials,Other Industrial Metals & Mining,AU,AUD,AUD,0.008,559898076,4479185,3193714.702,,,,,,,0,,,,,,,,,,,,,,,,,,,,,,,,,,0,,false,below_min_market_cap:3193715,
IMM.AX,IMM,Immutep Limited,Healthcare,Biotechnology,AU,AUD,AUD,0.045,1473721306,66317464,47285177.94,,,,,,,0,,,,,,,,,,,,,,,,,,,,,,,,,,0,,false,below_min_market_cap:47285178,
IMR.AX,IMR,"Imricor Medical Systems, Inc.",Healthcare,Medical Devices,AU,AUD,USD,1.845,358542497,661510912,471665520.6,120077,-26653240,-10352564,-10352564,revenue=provider_ttm|ebitda=provider_ttm|fcf=provider_ttm_fcf_field,,0,,,,,,,,,,,,,,,,,,,,,,,,,,4,2025-12-31,false,ttm_ebitda_not_positive,reporting_currency_differs:USD_vs_AUD|revenue_ttm_from_provider|ebitda_ttm_from_provider|fcf_ttm_from_provider_fcf_field
IMU.AX,IMU,Imugene Limited,Healthcare,Biotechnology,AU,AUD,AUD,0.047,557269503,26191666,18674984.12,,,,,,,0,,,,,,,,,,,,,,,,,,,,,,,,,,0,,false,below_min_market_cap:18674984,
INA.AX,INA,Ingenia Communities Group,Real Estate,REIT - Residential,AU,,AUD,,,,,,,,,,,0,,,,,,,,,,,,,,,,,,,,,,,,,,0,,false,excluded_industry:reit,
IND.AX,IND,Industrial Minerals Ltd,Basic Materials,Other Industrial Metals & Mining,AU,AUD,AUD,0.1,162690117,16269011,11600007.5,,,,,,,0,,,,,,,,,,,,,,,,,,,,,,,,,,0,,false,below_min_market_cap:11600008,
INF.AX,INF,Infinity Metals Limited,Basic Materials,Other Precious Metals & Mining,AU,AUD,AUD,0.006,707463960,4244783,3026583.156,,,,,,,0,,,,,,,,,,,,,,,,,,,,,,,,,,0,,false,below_min_market_cap:3026583,
ING.AX,ING,Inghams Group Limited,Consumer Defensive,Farm Products,AU,AUD,AUD,2.03,371679601,754509632,537974766.5,3227399936,218600000,156387504,111506238.5,revenue=provider_ttm|ebitda=provider_ttm|fcf=provider_ttm_fcf_field,0.04845618984,1,0.08654718679,0.09650111508,0.07161629435,3506722321,169922402.5,163154953.3,116331514.1,1138680894,78930478.98,1754302717,1754302717,1508099515,calculated,0.06631210963,0.09128959652,-0.1345540582,,-0.1478062528,-0.7905977939,,-0.4692020234,91,209,,,3,2026-06-30,true,,annual_history_below_preferred:3|revenue_ttm_from_provider|ebitda_ttm_from_provider|fcf_ttm_from_provider_fcf_field|preferred_stock_assumed_zero
INR.AX,INR,ioneer Ltd,Basic Materials,Other Industrial Metals & Mining,AU,AUD,USD,0.11,3074633957,338209728,241147749.1,656000,-7858000,,,revenue=provider_ttm|ebitda=provider_ttm,,0,,,,,,,,,,,,,,,,,,,,,,,,,,4,2025-06-30,false,ttm_fcf_unavailable,reporting_currency_differs:USD_vs_AUD|ttm_quarter_window_unusable|revenue_ttm_from_provider|ebitda_ttm_from_provider
INV.AX,INV,InvestSMART Group Limited,Financial Services,Financial Conglomerates,AU,,AUD,,,,,,,,,,,0,,,,,,,,,,,,,,,,,,,,,,,,,,0,,false,excluded_sector:Financial Services,
IOD.AX,IOD,IODM Limited,Technology,Software - Application,AU,AUD,AUD,0.094,634659378,59657980,42536882.89,,,,,,,0,,,,,,,,,,,,,,,,,,,,,,,,,,0,,false,below_min_market_cap:42536883,
ION.AX,ION,Iondrive Limited,Basic Materials,Gold,AU,AUD,AUD,0.12,1296367634,155564112,110919149.7,,,,,,,0,,,,,,,,,,,,,,,,,,,,,,,,,,0,2026-06-30,false,insufficient_annual_history:0,
IOV.AX,IOV,Ion Video Ltd,Technology,Software - Application,AU,AUD,AUD,0.395,133610098,52775988,37629936.87,,,,,,,0,,,,,,,,,,,,,,,,,,,,,,,,,,0,,false,below_min_market_cap:37629937,
IPC.AX,IPC,Imperial Pacific Limited,Financial Services,Asset Management,AU,,AUD,,,,,,,,,,,0,,,,,,,,,,,,,,,,,,,,,,,,,,0,,false,excluded_sector:Financial Services,
IPD.AX,IPD,ImpediMed Limited,Healthcare,Medical Devices,AU,AUD,AUD,0.005,,,,,,,,,,0,,,,,,,,,,,,,,,,,,,,,,,,,,0,,false,market_cap_unavailable,
IPG.AX,IPG,IPD Group Limited,Industrials,Specialty Industrial Machinery,AU,AUD,AUD,5.25,103980121,545895616,389230374.4,414305984,48949000,25342124,18069250.1,revenue=provider_ttm|ebitda=provider_ttm|fcf=provider_ttm_fcf_field,0.06116765139,1,0.2004021407,0.2220753112,0.1678923848,497333790.1,30420739.9,27881431.95,19879808.3,53880925.34,22958288.1,549802918.7,549802918.7,420153028.7,calculated,0.0361580625,0.194747692,0.216184985,,0.353579379,0.1944679005,,0.2740236398,165,80,,,4,2026-06-30,true,,revenue_ttm_from_provider|ebitda_ttm_from_provider|fcf_ttm_from_provider_fcf_field|preferred_stock_assumed_zero
IPH.AX,IPH,IPH Limited,Industrials,Specialty Business Services,AU,AUD,AUD,3.34,256487071,856666816,610814111.2,710400000,186500000,154624992,110249545.4,revenue=provider_ttm|ebitda=provider_ttm|fcf=provider_ttm_fcf_field,0.2176590541,1,0.08478622149,0.1373454867,0.005947323704,770632131.7,167735060.8,161180026.4,114923366.6,296684483.3,42638144.92,1308568102,1308568102,865967295.9,calculated,0.08782375674,0.1250594296,0.06381675323,,0.01585140021,-0.2334648345,,-0.1088067171,53,129,,,4,2026-06-30,true,,revenue_ttm_from_provider|ebitda_ttm_from_provider|fcf_ttm_from_provider_fcf_field|preferred_stock_assumed_zero
IPT.AX,IPT,Impact Minerals Limited,Basic Materials,Other Industrial Metals & Mining,AU,AUD,AUD,0.029,516783796,14986730,10685725.18,,,,,,,0,,,,,,,,,,,,,,,,,,,,,,,,,,0,,false,below_min_market_cap:10685725,
IPX.AX,IPX,IperionX Limited,Basic Materials,Other Industrial Metals & Mining,AU,AUD,USD,2.5,362134070,905335168,645515252.4,,-52644744,-46281996,-46281996,ebitda=provider_ttm|fcf=provider_ttm_fcf_field,,0,,,,,,,,,,,,,,,,,,,,,,,,,,3,2025-06-30,false,ttm_revenue_unavailable,reporting_currency_differs:USD_vs_AUD|annual_history_below_preferred:3|ttm_quarter_window_unusable|ebitda_ttm_from_provider|fcf_ttm_from_provider_fcf_field
IRD.AX,IRD,Iron Road Limited,Basic Materials,Steel,AU,AUD,AUD,0.01,840192775,8401927,5990678.613,,,,,,,0,,,,,,,,,,,,,,,,,,,,,,,,,,0,,false,below_min_market_cap:5990679,
IRE.AX,IRE,Iress Limited,Technology,Software - Application,AU,AUD,AUD,5.62,186789474,1049756800,748489675.1,515740000,116602000,39583124,28223260.49,revenue=provider_ttm|ebitda=provider_ttm|fcf=provider_ttm_fcf_field,0.07675015318,1,-0.05027371674,-0.03440426392,-0.07407789597,489811833.3,37593133.24,38588128.62,27513816.39,117006770.2,39458109.36,1127714619,1127714619,839018665,calculated,0.02439785378,-0.03494527071,0.2360510444,,-0.7595742192,0.2502625832,,-0.254655818,198,162,,,4,2025-12-31,true,,revenue_ttm_from_provider|ebitda_ttm_from_provider|fcf_ttm_from_provider_fcf_field|preferred_stock_assumed_zero
IRI.AX,IRI,Integrated Research Limited,Technology,Software - Application,AU,AUD,AUD,0.29,180591803,52371624,37341620.3,,,,,,,0,,,,,,,,,,,,,,,,,,,,,,,,,,0,,false,below_min_market_cap:37341620,
IS3.AX,IS3,I Synergy Group Limited,Communication Services,Advertising Agencies,AU,AUD,AUD,0.145,69681867,10103870,7204185.173,,,,,,,0,,,,,,,,,,,,,,,,,,,,,,,,,,0,,false,below_min_market_cap:7204185,
ITM.AX,ITM,iTech Minerals Ltd,Basic Materials,Other Industrial Metals & Mining,AU,AUD,AUD,0.052,238885388,12422041,8857069.973,,,,,,,0,,,,,,,,,,,,,,,,,,,,,,,,,,0,,false,below_min_market_cap:8857070,
ITS.AX,ITS,Infotrust Ltd,Technology,Information Technology Services,AU,AUD,AUD,0.265,193432189,51259528,36548682,,,,,,,0,,,,,,,,,,,,,,,,,,,,,,,,,,0,,false,below_min_market_cap:36548682,
IVG.AX,IVG,InVert Graphite Ltd,Basic Materials,Other Industrial Metals & Mining,AU,AUD,AUD,0.036,535941866,19293906,13756795.32,,,,,,,0,,,,,,,,,,,,,,,,,,,,,,,,,,0,,false,below_min_market_cap:13756795,
IVR.AX,IVR,Investigator Silver Limited,Basic Materials,Other Precious Metals & Mining,AU,AUD,AUD,0.048,2622857752,125897176,89766254.78,,,,,,,0,,,,,,,,,,,,,,,,,,,,,,,,,,0,2025-06-30,false,insufficient_annual_history:0,
IVX.AX,IVX,Invion Limited,Healthcare,Drug Manufacturers - Specialty & Generic,AU,AUD,AUD,0.045,109200637,4914029,3503763.891,,,,,,,0,,,,,,,,,,,,,,,,,,,,,,,,,,0,,false,below_min_market_cap:3503764,
IVZ.AX,IVZ,Invictus Energy Limited,Energy,Oil & Gas E&P,AU,AUD,AUD,0.072,1786337385,128616288,91705015.5,,,,,,,0,,,,,,,,,,,,,,,,,,,,,,,,,,0,2025-06-30,false,insufficient_annual_history:0,
IXC.AX,IXC,Invex Therapeutics Ltd,Healthcare,Biotechnology,AU,AUD,AUD,0.115,75153848,8642693,6162347.77,,,,,,,0,,,,,,,,,,,,,,,,,,,,,,,,,,0,,false,below_min_market_cap:6162348,
IXR.AX,IXR,Ionic Rare Earths Limited,Basic Materials,Other Industrial Metals & Mining,AU,AUD,AUD,0.38,256059851,97302744,69378068.56,,,,,,,0,,,,,,,,,,,,,,,,,,,,,,,,,,0,2025-06-30,false,insufficient_annual_history:0,
JAL.AX,JAL,Jameson Resources Limited,Basic Materials,Coking Coal,AU,AUD,AUD,0.034,944576175,32115592,22898817.16,,,,,,,0,,,,,,,,,,,,,,,,,,,,,,,,,,0,,false,below_min_market_cap:22898817,
JAN.AX,JAN,Janison Education Group Limited,Technology,Software - Application,AU,AUD,AUD,0.14,259888252,36384356,25942499.06,,,,,,,0,,,,,,,,,,,,,,,,,,,,,,,,,,0,,false,below_min_market_cap:25942499,
JAT.AX,JAT,Jatcorp Limited,Consumer Defensive,Packaged Foods,AU,AUD,AUD,0.093,112356446,10449150,7450374.114,,,,,,,0,,,,,,,,,,,,,,,,,,,,,,,,,,0,,false,below_min_market_cap:7450374,
JAV.AX,JAV,Javelin Minerals Limited,Basic Materials,Other Industrial Metals & Mining,AU,AUD,AUD,0.082,288963422,23695002,16894831.59,,,,,,,0,,,,,,,,,,,,,,,,,,,,,,,,,,0,,false,below_min_market_cap:16894832,
JBH.AX,JBH,JB Hi-Fi Limited,Consumer Cyclical,Specialty Retail,AU,AUD,AUD,67.19,109333981,7346150400,5237896745,1.106400051e+10,795299968,550600000,392584658.8,revenue=provider_ttm|ebitda=provider_ttm|fcf=provider_ttm_fcf_field,0.04976500131,1,0.04779070912,0.04748887972,0.04824345322,1.159275694e+10,576913564.4,563756782.2,401965608.4,502673782.1,147237072.3,5596755915,5596755915,5596755618,calculated,0.071821179,0.05167002958,0.007474536851,,-0.3398132825,-0.3917043735,,-0.365758828,82,180,,,4,2026-06-30,true,,revenue_ttm_from_provider|ebitda_ttm_from_provider|fcf_ttm_from_provider_fcf_field|preferred_stock_assumed_zero
JCS.AX,JCS,JCurve Solutions Limited,Technology,Software - Application,AU,AUD,AUD,0.033,354343439,11693333,8337492.092,,,,,,,0,,,,,,,,,,,,,,,,,,,,,,,,,,0,,false,below_min_market_cap:8337492,
JDO.AX,JDO,Judo Capital Holdings Limited,Financial Services,Banks - Regional,AU,,AUD,,,,,,,,,,,0,,,,,,,,,,,,,,,,,,,,,,,,,,0,,false,excluded_sector:Financial Services,
JGH.AX,JGH,Jade Gas Holdings Limited,Energy,Oil & Gas E&P,AU,AUD,AUD,0.069,2217510355,153008208,109096758.3,,,,,,,0,,,,,,,,,,,,,,,,,,,,,,,,,,1,2025-12-31,false,insufficient_annual_history:1,
JHX.AX,JHX,James Hardie Industries plc,Basic Materials,Building Materials,AU,AUD,USD,39.36,580522488,2.284936602e+10,1.62918826e+10,5410500000,1134900000,352400000,352400000,revenue=quarterly_sum|ebitda=quarterly_sum|fcf=quarterly_sum,0.07893639007,4,0.1503676817,0.08585028403,0.2471437782,6224064342,491305170.7,421852585.4,421852585.4,4522000000,289900000,2.70645826e+10,2.70645826e+10,1.930942251e+10,calculated,0.0155868868,0.07590812519,-0.009600693504,0.1552705359,-0.2223489813,-0.4396608926,-0.157473774,-0.273161216,231,166,,,4,2026-03-31,true,,reporting_currency_differs:USD_vs_AUD|preferred_stock_assumed_zero
JIN.AX,JIN,Jumbo Interactive Limited,Consumer Cyclical,Gambling,AU,AUD,AUD,6.65,63359570,421341120,300421467.2,193568000,89702000,78075376,55668715.66,revenue=provider_ttm|ebitda=provider_ttm|fcf=provider_ttm_fcf_field,0.40334857,1,0.2391127019,0.1770086296,0.3322688104,239852567.5,96744190.11,87409783.05,62324264.17,67863099.62,34278786.88,429346240.6,429346240.6,333967710.7,calculated,0.1451608475,0.1365044269,0.07434304555,,0.07131692172,-0.2039012896,,-0.06629218393,17,119,57.55307712,0.03,4,2026-06-30,true,,revenue_ttm_from_provider|ebitda_ttm_from_provider|fcf_ttm_from_provider_fcf_field|preferred_stock_assumed_zero
JLL.AX,JLL,Jindalee Lithium Limited,Basic Materials,Other Industrial Metals & Mining,AU,AUD,AUD,0.345,126238473,43552272,31053312.46,,,,,,,0,,,,,,,,,,,,,,,,,,,,,,,,,,0,,false,below_min_market_cap:31053312,
JMS.AX,JMS,Jupiter Mines Limited,Basic Materials,Other Industrial Metals & Mining,AU,AUD,AUD,0.26,1965850551,511121120,364435725.5,,,,,,,0,,,,,,,,,,,,,,,,,,,,,,,,,,0,2025-06-30,false,insufficient_annual_history:0,
JNO.AX,JNO,Juno Minerals Limited,Basic Materials,Other Industrial Metals & Mining,AU,AUD,AUD,0.026,209237049,5440163,3878903.987,,,,,,,0,,,,,,,,,,,,,,,,,,,,,,,,,,0,,false,below_min_market_cap:3878904,
JNS.AX,JNS,Janus Electric Holdings Limited,Utilities,Utilities - Renewable,AU,AUD,AUD,0.59,182602172,107735280,76816596.69,,,,,,,0,,,,,,,,,,,,,,,,,,,,,,,,,,1,2025-06-30,false,insufficient_annual_history:1,
JPR.AX,JPR,Jupiter Energy Limited,Energy,Oil & Gas E&P,AU,AUD,AUD,0.025,1282385521,32059638,22858921.26,,,,,,,0,,,,,,,,,,,,,,,,,,,,,,,,,,0,,false,below_min_market_cap:22858921,
JYC.AX,JYC,Joyce Corporation Ltd,Consumer Cyclical,Specialty Retail,AU,AUD,AUD,6.1,29569269,180372528,128607859.3,169884992,33378000,33407698,23820104.83,revenue=provider_ttm|ebitda=provider_ttm|fcf=provider_ttm_fcf_field,0.196648907,1,0.09163549077,0.05494018049,0.1466784562,185452486.6,36469028.8,34938363.4,24911488.33,21555792.6,34556148.72,119869178.7,119869178.7,119869190.1,calculated,0.2078222993,0.05142433444,0.1202392407,,-0.3410039869,-0.07499985067,,-0.2080019188,7,152,43.80844293,0.03,4,2026-06-30,true,,revenue_ttm_from_provider|ebitda_ttm_from_provider|fcf_ttm_from_provider_fcf_field|preferred_stock_assumed_zero
KAL.AX,KAL,Kalgoorlie Gold Mining Limited,Basic Materials,Gold,AU,AUD,AUD,0.022,455870177,10029144,7150904.604,,,,,,,0,,,,,,,,,,,,,,,,,,,,,,,,,,0,,false,below_min_market_cap:7150905,
KAM.AX,KAM,K2 Asset Management Holdings Ltd,Financial Services,Asset Management,AU,,AUD,,,,,,,,,,,0,,,,,,,,,,,,,,,,,,,,,,,,,,0,,false,excluded_sector:Financial Services,
KAN.AX,KAN,Kantra Copper Ltd,Basic Materials,Copper,AU,AUD,AUD,1.08,235955001,254831424,181697979.7,,,,,,,0,,,,,,,,,,,,,,,,,,,,,,,,,,2,2025-12-31,false,insufficient_annual_history:2,
KAO.AX,KAO,Kaoko Metals Limited,Basic Materials,Copper,AU,AUD,AUD,2.6,60615000,157598992,112370044.5,,,,,,,0,,,,,,,,,,,,,,,,,,,,,,,,,,0,,false,insufficient_annual_history:0,provider_returned_no_statements|statement_date_unknown
KAR.AX,KAR,Karoon Energy Ltd,Energy,Oil & Gas E&P,AU,AUD,USD,1.855,697863330,1294536576,923020704.6,565200000,329900000,77687504,77687504,revenue=provider_ttm|ebitda=provider_ttm|fcf=provider_ttm_fcf_field,0.1374513517,1,0.03028347248,0.1774524928,-0.190470058,582316218.6,80040151.39,78863827.69,78863827.69,338800000,206100000,2088220705,2088220705,1126943636,calculated,0.0377660405,0.1596449912,0.3711474363,,0.1834622921,0.6296866126,,0.4065744524,162,66,,,4,2025-12-31,true,,reporting_currency_differs:USD_vs_AUD|revenue_ttm_from_provider|ebitda_ttm_from_provider|fcf_ttm_from_provider_fcf_field|preferred_stock_assumed_zero
KAU.AX,KAU,Kaiser Reef Limited,Basic Materials,Gold,AU,AUD,AUD,0.22,605322399,133170920,94952524.86,120939488,33058692,21547292,15363487.61,revenue=provider_ttm|ebitda=provider_ttm|fcf=provider_ttm_fcf_field,0.178165894,1,-0.07860050359,0.02033149522,-0.2269985018,111433583.3,19853664,20700478,14759698.68,427676.2798,793106.5722,111767818.5,111767818.5,72603257.77,calculated,0.1320567841,0.01818678785,-0.8401484558,,-0.5020820371,-2.772290019,,-1.637186028,21,270,,,3,2024-06-30,true,,stale_statements:807d|annual_history_below_preferred:3|revenue_ttm_from_provider|ebitda_ttm_from_provider|fcf_ttm_from_provider_fcf_field|preferred_stock_assumed_zero
KCC.AX,KCC,Kincora Copper Limited,Basic Materials,Copper,AU,AUD,CAD,0.985,48017386,47297124,33723438.59,,,,,,,0,,,,,,,,,,,,,,,,,,,,,,,,,,0,,false,below_min_market_cap:33723439,
KCN.AX,KCN,Kingsgate Consolidated Limited,Basic Materials,Gold,AU,AUD,AUD,5.12,266409004,1364014080,972559030.4,,,,,,,0,,,,,,,,,,,,,,,,,,,,,,,,,,2,2026-06-30,false,insufficient_annual_history:2,
KEY.AX,KEY,Key Petroleum Limited,Energy,Oil & Gas E&P,AU,AUD,AUD,0.098,38919295,3814091,2719494.395,,,,,,,0,,,,,,,,,,,,,,,,,,,,,,,,,,0,,false,below_min_market_cap:2719494,
KFM.AX,KFM,Kingfisher Mining Limited,Basic Materials,Other Precious Metals & Mining,AU,AUD,AUD,0.078,104072502,8117655,5787989.136,,,,,,,0,,,,,,,,,,,,,,,,,,,,,,,,,,0,,false,below_min_market_cap:5787989,
KGL.AX,KGL,KGL Resources Limited,Basic Materials,Other Industrial Metals & Mining,AU,AUD,AUD,0.17,2271390766,386136416,275320074.7,,,,,,,0,,,,,,,,,,,,,,,,,,,,,,,,,,0,2024-06-30,false,insufficient_annual_history:0,stale_statements:807d
KGN.AX,KGN,Kogan.com Ltd,Consumer Cyclical,Internet Retail,AU,AUD,AUD,3.27,95536528,312404448,222748263,510732000,26038000,38449876,27415240.55,revenue=provider_ttm|ebitda=provider_ttm|fcf=provider_ttm_fcf_field,0.07528385925,1,-0.04313542058,-0.1189128876,0.07053077988,488701360.4,36791324.43,37620600.21,26823956.59,11875222.47,30049910,247730080.5,247730080.5,207325541.2,calculated,0.1082789645,-0.1319529039,0.3244831053,,-1.229699184,0.4986278312,,-0.3655356763,32,179,32.4129361,0.02676683453,4,2025-06-30,true,,revenue_ttm_from_provider|ebitda_ttm_from_provider|fcf_ttm_from_provider_fcf_field|preferred_stock_assumed_zero
KKO.AX,KKO,Kinetiko Energy Limited,Energy,Oil & Gas E&P,AU,AUD,AUD,0.038,1586167355,60274356,42976366.66,,,,,,,0,,,,,,,,,,,,,,,,,,,,,,,,,,0,,false,below_min_market_cap:42976367,
KLI.AX,KLI,Killi Resources Limited,Basic Materials,Other Industrial Metals & Mining,AU,AUD,AUD,0.28,360709700,100998712,72013339.79,,,,,,,0,,,,,,,,,,,,,,,,,,,,,,,,,,1,2025-06-30,false,insufficient_annual_history:1,
KLR.AX,KLR,Kaili Resources Limited,Basic Materials,Other Industrial Metals & Mining,AU,AUD,AUD,0.079,147400363,11644630,8302766.246,,,,,,,0,,,,,,,,,,,,,,,,,,,,,,,,,,0,,false,below_min_market_cap:8302766,
KLS.AX,KLS,Kelsian Group Limited,Industrials,Railroads,AU,AUD,AUD,4.01,271878726,1090233728,777350229,2416982016,279716000,60542876,43167824.76,revenue=provider_ttm|ebitda=provider_ttm|fcf=provider_ttm_fcf_field,0.02504895593,1,0.14959854,0.1858319735,0.09524838966,2778558997,69600001.86,65071438.93,46396746.54,757153632.1,130327268.9,1404178731,1404178731,1403860425,calculated,0.03304190949,0.1866575051,0.1952868838,,0.3143721671,0.1357746842,,0.2250734256,173,86,,,4,2025-06-30,true,,revenue_ttm_from_provider|ebitda_ttm_from_provider|fcf_ttm_from_provider_fcf_field|preferred_stock_assumed_zero
KLV.AX,KLV,Klevo Group Limited,Technology,Software - Application,AU,AUD,AUD,0.555,161412717,89584064,63874553.57,13764250,75771,-1572470,-1121190.698,revenue=provider_ttm|ebitda=provider_ttm|fcf=provider_ttm_fcf_field,-0.1142430572,1,-0.15,-0.3777065661,-0.7086463974,11699612.5,-1336599.5,-1454534.75,,,,,,,,,,,,,,,,,,,,3,2025-06-30,false,expected_fcf_not_positive,annual_history_below_preferred:3|revenue_ttm_from_provider|ebitda_ttm_from_provider|fcf_ttm_from_provider_fcf_field|growth_clamped_low
KM1.AX,KM1,Kali Metals Limited,Basic Materials,Other Industrial Metals & Mining,AU,AUD,AUD,0.095,199466909,18949356,13511126.88,,,,,,,0,,,,,,,,,,,,,,,,,,,,,,,,,,0,,false,below_min_market_cap:13511127,
KMD.AX,KMD,KMD Brands Limited,Consumer Cyclical,Apparel Manufacturing,AU,AUD,NZD,1.59,47458566,75459128,53803298.25,1023518016,197000,117435000,67615734.35,revenue=provider_ttm|ebitda=provider_ttm|fcf=provider_ttm_fcf_field,0.1147366223,1,0.005176014071,0.003306016555,0.007981010344,1028815760,118042845.2,117738922.6,67790724.34,215842367.4,19739752.51,253303541.2,253303541.2,309132996.3,calculated,0.2676264376,-0.009106824882,-0.4071446911,,-0.6343541923,-1.556180315,,-1.095267254,4,254,,,4,2025-07-31,true,,reporting_currency_differs:NZD_vs_AUD|revenue_ttm_from_provider|ebitda_ttm_from_provider|fcf_ttm_from_provider_fcf_field|preferred_stock_assumed_zero
KME.AX,KME,Kip McGrath Education Centres Limited,Consumer Defensive,Education & Training Services,AU,AUD,AUD,0.74,52490809,38843200,27695685.47,,,,,,,0,,,,,,,,,,,,,,,,,,,,,,,,,,0,,false,below_min_market_cap:27695685,
KNB.AX,KNB,Koonenberry Gold Limited,Basic Materials,Gold,AU,AUD,AUD,0.026,1233362466,32067424,22864472.77,,,,,,,0,,,,,,,,,,,,,,,,,,,,,,,,,,0,,false,below_min_market_cap:22864473,
KNG.AX,KNG,Kingsland Minerals Ltd,Basic Materials,Other Industrial Metals & Mining,AU,AUD,AUD,0.05,90619846,4530992,3230653.738,,,,,,,0,,,,,,,,,,,,,,,,,,,,,,,,,,0,,false,below_min_market_cap:3230654,
KNI.AX,KNI,Kuniko Limited,Basic Materials,Other Industrial Metals & Mining,AU,AUD,AUD,0.026,255767278,6649949,4741496.475,,,,,,,0,,,,,,,,,,,,,,,,,,,,,,,,,,0,,false,below_min_market_cap:4741496,
KNO.AX,KNO,Knosys Limited,Technology,Software - Infrastructure,AU,AUD,AUD,0.022,216138698,4755052,3390411.309,,,,,,,0,,,,,,,,,,,,,,,,,,,,,,,,,,0,,false,below_min_market_cap:3390411,
KOA.AX,KOA,The Koala Company Limited,Consumer Cyclical,"Furnishings, Fixtures & Appliances",AU,AUD,AUD,4.45,90693845,403587616,287762997.7,,,,,,,0,,,,,,,,,,,,,,,,,,,,,,,,,,0,,false,insufficient_annual_history:0,provider_returned_no_statements|statement_date_unknown
KOB.AX,KOB,Koba Resources Limited,Basic Materials,Other Precious Metals & Mining,AU,AUD,,0.028,285671584,7998804,5703246.892,,,,,,,0,,,,,,,,,,,,,,,,,,,,,,,,,,0,,false,below_min_market_cap:5703247,
KOV.AX,KOV,Korvest Ltd,Industrials,Metal Fabrication,AU,AUD,AUD,16.8,11872908,199464848,142220921.3,129590000,20800000,-5515625,-3932709.333,revenue=provider_ttm|ebitda=provider_ttm|fcf=provider_ttm_fcf_field,-0.04256211899,1,0.07187534683,0.06419208413,0.08340024087,138904326.2,-5912062.46,-5713843.73,,,,,,,,,,,,,,,,,,,,4,2026-06-30,false,expected_fcf_not_positive,revenue_ttm_from_provider|ebitda_ttm_from_provider|fcf_ttm_from_provider_fcf_field
KP2.AX,KP2,Kore Potash plc,Basic Materials,Other Industrial Metals & Mining,AU,AUD,USD,0.066,5175938315,351343392,250512215.1,0,-980814,-8534280,-8534280,revenue=latest_fiscal_year|ebitda=latest_fiscal_year|fcf=provider_ttm_fcf_field,,0,,,,,,,,,,,,,,,,,,,,,,,,,,4,2025-12-31,false,ttm_ebitda_not_positive,reporting_currency_differs:USD_vs_AUD|revenue_ttm_from_latest_fy|ebitda_ttm_from_latest_fy|fcf_ttm_from_provider_fcf_field
KPG.AX,KPG,Kelly Partners Group Holdings Limited,Industrials,Specialty Business Services,AU,AUD,AUD,4.59,45274957,207812080,148172601.7,159170000,41228000,24270124,17304900.74,revenue=provider_ttm|ebitda=provider_ttm|fcf=provider_ttm_fcf_field,0.1524792612,1,0.2081702381,0.2252974863,0.1824793659,192304456.8,29322441.49,26796282.75,19106083.4,83728339.8,2808556.068,259359051.2,259359051.2,259359022.7,calculated,0.07366653797,0.2001474069,0.1768064775,,0.3797478431,0.0838716678,,0.2318097554,76,84,,,4,2026-06-30,true,,revenue_ttm_from_provider|ebitda_ttm_from_provider|fcf_ttm_from_provider_fcf_field|preferred_stock_assumed_zero
KPO.AX,KPO,Kalina Power Limited,Utilities,Utilities - Diversified,AU,AUD,AUD,0.022,2933070702,64527552,46008948.39,,,,,,,0,,,,,,,,,,,,,,,,,,,,,,,,,,0,,false,below_min_market_cap:46008948,
KRM.AX,KRM,Kingsrose Mining Limited,Basic Materials,Other Industrial Metals & Mining,AU,AUD,AUD,0.023,753526519,17331110,12357297.32,,,,,,,0,,,,,,,,,,,,,,,,,,,,,,,,,,0,,false,below_min_market_cap:12357297,
KRR.AX,KRR,King River Resources Limited,Basic Materials,Other Industrial Metals & Mining,AU,AUD,AUD,0.078,1594587035,124377792,88682915.06,,,,,,,0,,,,,,,,,,,,,,,,,,,,,,,,,,0,2025-06-30,false,insufficient_annual_history:0,
KSC.AX,KSC,K&S Corporation Limited,Industrials,Integrated Freight & Logistics,AU,AUD,AUD,3.06,136847312,418752768,298575939.9,729180032,63127000,9877125,7042513.163,revenue=provider_ttm|ebitda=provider_ttm|fcf=provider_ttm_fcf_field,0.01354552314,1,-0.04689258871,-0.0136598323,-0.09674172333,694986892.7,9413961.04,9645543.02,6877392.327,82085559.1,18542601.95,628517463.3,628517463.3,365974874.2,calculated,0.01094224541,-0.0148367228,0.05947715889,,-0.6621228118,-0.2456527719,,-0.4538877919,243,204,,,4,2025-06-30,true,,revenue_ttm_from_provider|ebitda_ttm_from_provider|fcf_ttm_from_provider_fcf_field|preferred_stock_assumed_zero
KSL.AX,KSL,Kina Securities Limited,Financial Services,Financial Conglomerates,AU,,PGK,,,,,,,,,,,0,,,,,,,,,,,,,,,,,,,,,,,,,,0,,false,excluded_sector:Financial Services,
KSN.AX,KSN,Kingston Resources Limited,Basic Materials,Gold,AU,AUD,AUD,0.032,1213768631,38840596,27693828.78,,,,,,,0,,,,,,,,,,,,,,,,,,,,,,,,,,0,,false,below_min_market_cap:27693829,
KTA.AX,KTA,Krakatoa Resources Limited,Basic Materials,Gold,AU,AUD,AUD,0.0065,2012261009,13079697,9325986.893,,,,,,,0,,,,,,,,,,,,,,,,,,,,,,,,,,0,,false,below_min_market_cap:9325987,
KTK.AX,KTK,KTEK Aerosystems Ltd,Industrials,Aerospace & Defense,AU,AUD,USD,0.17,140500000,23885000,17030302.53,,,,,,,0,,,,,,,,,,,,,,,,,,,,,,,,,,0,,false,below_min_market_cap:17030303,
KYN.AX,KYN,Kyron Capital Group,Financial Services,Asset Management,AU,,AUD,,,,,,,,,,,0,,,,,,,,,,,,,,,,,,,,,,,,,,0,,false,excluded_sector:Financial Services,
KYP.AX,KYP,Kinatico Ltd,Technology,Information Technology Services,AU,AUD,AUD,0.13,436629484,56761828,40471890.44,,,,,,,0,,,,,,,,,,,,,,,,,,,,,,,,,,0,,false,below_min_market_cap:40471890,
KZR.AX,KZR,Kalamazoo Resources Limited,Basic Materials,Gold,AU,AUD,AUD,0.14,379769242,53167696,37909229.55,,,,,,,0,,,,,,,,,,,,,,,,,,,,,,,,,,0,,false,below_min_market_cap:37909230,
L1G.AX,L1G,L1 Group Limited,Financial Services,Asset Management,AU,,AUD,,,,,,,,,,,0,,,,,,,,,,,,,,,,,,,,,,,,,,0,,false,excluded_sector:Financial Services,
L1M.AX,L1M,Lightning Minerals Ltd,Basic Materials,Other Industrial Metals & Mining,AU,AUD,AUD,0.012,380106097,4561273,3252244.468,,,,,,,0,,,,,,,,,,,,,,,,,,,,,,,,,,0,,false,below_min_market_cap:3252244,
LAC.AX,LAC,Lac Gold Limited,Basic Materials,Gold,AU,AUD,,0.35,214906395,75217240,53630829.09,,,,,,,0,,,,,,,,,,,,,,,,,,,,,,,,,,1,2025-06-30,false,insufficient_annual_history:1,
LAM.AX,LAM,Laramide Resources Ltd.,Energy,Uranium,AU,AUD,CAD,0.645,292756500,188827952,134636682,0,-8185916,-9751712,-7004634.82,revenue=quarterly_sum|ebitda=quarterly_sum|fcf=quarterly_sum,,0,,,,,,,,,,,,,,,,,,,,,,,,,,4,2025-12-31,false,ttm_ebitda_not_positive,reporting_currency_differs:CAD_vs_AUD
LAT.AX,LAT,Latitude 66 Limited,Basic Materials,Gold,AU,AUD,AUD,0.15,182045972,27306896,19470157.01,,,,,,,0,,,,,,,,,,,,,,,,,,,,,,,,,,0,,false,below_min_market_cap:19470157,
LAU.AX,LAU,Lindsay Australia Limited,Industrials,Trucking,AU,AUD,AUD,0.74,366251559,271026144,193245016.8,1082537984,77042000,55533624,39596165.69,revenue=provider_ttm|ebitda=provider_ttm|fcf=provider_ttm_fcf_field,0.05129946923,1,0.204674464,0.1662475106,0.2623148941,1304105866,66899938.73,61216781.36,43648327.68,266645981.5,41179321.44,562594738.6,562594738.6,418711671.2,calculated,0.07758395997,0.1451347613,0.03490408185,,0.1131418329,-0.3146673161,,-0.1007627416,67,126,,,4,2026-06-30,true,,revenue_ttm_from_provider|ebitda_ttm_from_provider|fcf_ttm_from_provider_fcf_field|preferred_stock_assumed_zero
LBL.AX,LBL,LaserBond Limited,Industrials,Specialty Industrial Machinery,AU,AUD,AUD,0.545,118577668,64624828,46078307.39,,,,,,,0,,,,,,,,,,,,,,,,,,,,,,,,,,0,,false,below_min_market_cap:46078307,
LCE.AX,LCE,London City Equities Limited,Financial Services,Asset Management,AU,,AUD,,,,,,,,,,,0,,,,,,,,,,,,,,,,,,,,,,,,,,0,,false,excluded_sector:Financial Services,
LCL.AX,LCL,LCL Resources Limited,Basic Materials,Other Precious Metals & Mining,AU,AUD,AUD,0.007,1205507151,8438551,6016791.981,,,,,,,0,,,,,,,,,,,,,,,,,,,,,,,,,,0,,false,below_min_market_cap:6016792,
LCY.AX,LCY,Legacy Iron Ore Limited,Basic Materials,Gold,AU,AUD,AUD,0.005,9762042584,48810212,34802289.18,,,,,,,0,,,,,,,,,,,,,,,,,,,,,,,,,,0,,false,below_min_market_cap:34802289,
LDR.AX,LDR,Lode Resources Ltd,Basic Materials,Other Precious Metals & Mining,AU,AUD,AUD,0.105,202960949,21310898,15194935.74,,,,,,,0,,,,,,,,,,,,,,,,,,,,,,,,,,0,,false,below_min_market_cap:15194936,
LDX.AX,LDX,Lumos Diagnostics Holdings Limited,Healthcare,Medical Devices,AU,AUD,USD,0.11,944820364,103930240,74103555.77,13192000,-13562000,-1839250,-1839250,revenue=provider_ttm|ebitda=provider_ttm|fcf=provider_ttm_fcf_field,,0,,,,,,,,,,,,,,,,,,,,,,,,,,4,2026-06-30,false,ttm_ebitda_not_positive,reporting_currency_differs:USD_vs_AUD|revenue_ttm_from_provider|ebitda_ttm_from_provider|fcf_ttm_from_provider_fcf_field
LEG.AX,LEG,Legend Mining Limited,Basic Materials,Other Industrial Metals & Mining,AU,AUD,AUD,0.008,2914477185,23315820,16624470.1,,,,,,,0,,,,,,,,,,,,,,,,,,,,,,,,,,0,,false,below_min_market_cap:16624470,
LEL.AX,LEL,LE Minerals Limited,Basic Materials,Other Industrial Metals & Mining,AU,AUD,AUD,0.315,112001569,35280492,25155430.28,,,,,,,0,,,,,,,,,,,,,,,,,,,,,,,,,,0,,false,below_min_market_cap:25155430,
LEX.AX,LEX,Lefroy Exploration Limited,Basic Materials,Other Industrial Metals & Mining,AU,AUD,AUD,0.135,277220138,37424720,26684291.56,,,,,,,0,,,,,,,,,,,,,,,,,,,,,,,,,,0,,false,below_min_market_cap:26684292,
LFG.AX,LFG,Liberty Financial Group Limited,Financial Services,Credit Services,AU,,AUD,,,,,,,,,,,0,,,,,,,,,,,,,,,,,,,,,,,,,,0,,false,excluded_sector:Financial Services,
LFS.AX,LFS,Latitude Group Holdings Limited,Financial Services,Credit Services,AU,,AUD,,,,,,,,,,,0,,,,,,,,,,,,,,,,,,,,,,,,,,0,,false,excluded_sector:Financial Services,
LFT.AX,LFT,Li-FT Power Ltd.,Basic Materials,Other Industrial Metals & Mining,AU,AUD,CAD,2.22,94655017,210134144,149828262.3,0,-6373000,-4343000,-3119568.033,revenue=latest_fiscal_year|ebitda=quarterly_sum|fcf=latest_fiscal_year,,0,,,,,,,,,,,,,,,,,,,,,,,,,,3,2024-11-30,false,ttm_ebitda_not_positive,reporting_currency_differs:CAD_vs_AUD|stale_statements:654d|annual_history_below_preferred:3|revenue_ttm_from_latest_fy|fcf_ttm_from_latest_fy
LGI.AX,LGI,LGI Limited,Utilities,Utilities - Renewable,AU,AUD,AUD,2.2,103440000,227568608,162259252.3,43294000,21192000,-16091250,-11473261.7,revenue=provider_ttm|ebitda=provider_ttm|fcf=provider_ttm_fcf_field,-0.371673904,1,0.1329846774,0.1025870283,0.178581151,49051438.62,-18231139.69,-17161194.84,,,,,,,,,,,,,,,,,,,,4,2026-06-30,false,expected_fcf_not_positive,revenue_ttm_from_provider|ebitda_ttm_from_provider|fcf_ttm_from_provider_fcf_field
LGM.AX,LGM,Legacy Minerals Holdings Limited,Basic Materials,Other Industrial Metals & Mining,AU,AUD,AUD,0.115,200115229,23013252,16408735.35,,,,,,,0,,,,,,,,,,,,,,,,,,,,,,,,,,0,,false,below_min_market_cap:16408735,
LGP.AX,LGP,Little Green Pharma Ltd,Healthcare,Drug Manufacturers - Specialty & Generic,AU,AUD,AUD,0.069,827978691,57130528,40734778.13,,,,,,,0,,,,,,,,,,,,,,,,,,,,,,,,,,0,,false,below_min_market_cap:40734778,
LIB.AX,LIB,Liberty Metals Ltd,Basic Materials,Other Industrial Metals & Mining,AU,AUD,AUD,0.005,1.014121883e+10,50706092,36154075.24,,,,,,,0,,,,,,,,,,,,,,,,,,,,,,,,,,0,,false,below_min_market_cap:36154075,
LIC.AX,LIC,Lifestyle Communities Limited,Real Estate,Real Estate - Diversified,AU,AUD,AUD,4.73,121740054,575830464,410574293.9,204820000,7823000,74934000,53428875.44,revenue=provider_ttm|ebitda=provider_ttm|fcf=provider_ttm_fcf_field,0.365852944,1,0.1313676204,-0.04130424757,0.3903754224,231726716,84777901.27,79855950.63,56938287.56,208691616,15585739.3,1089084791,1089084791,606299430.4,calculated,0.05228085823,-0.0862549878,-0.3357432375,,-1.008234846,-1.355646261,,-1.181940554,115,261,,,4,2026-06-30,true,,revenue_ttm_from_provider|ebitda_ttm_from_provider|fcf_ttm_from_provider_fcf_field|preferred_stock_assumed_zero
LIN.AX,LIN,Lindian Resources Limited,Basic Materials,Other Industrial Metals & Mining,AU,AUD,AUD,0.605,1849396405,1118884864,797778845.9,,,,,,,0,,,,,,,,,,,,,,,,,,,,,,,,,,1,2025-06-30,false,insufficient_annual_history:1,
LIO.AX,LIO,Lion Energy Limited,Energy,Oil & Gas E&P,AU,AUD,AUD,0.013,452176733,5878297,4191298.986,,,,,,,0,,,,,,,,,,,,,,,,,,,,,,,,,,0,,false,below_min_market_cap:4191299,
LIS.AX,LIS,Li-S Energy Limited,Industrials,Electrical Equipment & Parts,AU,AUD,AUD,0.15,640200230,96030040,68470614.76,,,,,,,0,,,,,,,,,,,,,,,,,,,,,,,,,,1,2026-06-30,false,insufficient_annual_history:1,
LIT.AX,LIT,Livium Ltd,Industrials,Waste Management,AU,AUD,AUD,0.007,2176085869,15232601,10861034.26,,,,,,,0,,,,,,,,,,,,,,,,,,,,,,,,,,0,,false,below_min_market_cap:10861034,
LKE.AX,LKE,Lake Resources NL,Basic Materials,Other Industrial Metals & Mining,AU,AUD,AUD,0.04,2498547689,99941904,71259822.52,,,,,,,0,,,,,,,,,,,,,,,,,,,,,,,,,,0,2025-06-30,false,insufficient_annual_history:0,
LKO.AX,LKO,Lakes Blue Energy NL,Energy,Oil & Gas E&P,AU,AUD,AUD,0.27,93341083,25202092,17969405.54,,,,,,,0,,,,,,,,,,,,,,,,,,,,,,,,,,0,,false,below_min_market_cap:17969406,
LKY.AX,LKY,Locksley Resources Limited,Basic Materials,Other Precious Metals & Mining,AU,AUD,AUD,0.059,375725799,22167822,15805933.23,,,,,,,0,,,,,,,,,,,,,,,,,,,,,,,,,,0,,false,below_min_market_cap:15805933,
LLC.AX,LLC,Lendlease Group,Real Estate,Real Estate - Diversified,AU,AUD,AUD,2.64,690891185,1823952896,1300501136,5429000192,55000000,-1960000000,-1397504416,revenue=provider_ttm|ebitda=provider_ttm|fcf=provider_ttm_fcf_field,-0.3610241169,1,-0.15,-0.1957581039,-0.3001446797,4614650163,-1666000000,-1813000000,,,,,,,,,,,,,,,,,,,,4,2026-06-30,false,expected_fcf_not_positive,revenue_ttm_from_provider|ebitda_ttm_from_provider|fcf_ttm_from_provider_fcf_field|growth_clamped_low
LM1.AX,LM1,Leeuwin Metals Ltd,Basic Materials,Other Industrial Metals & Mining,AU,AUD,AUD,0.24,129848558,31163654,22220073.5,,,,,,,0,,,,,,,,,,,,,,,,,,,,,,,,,,0,,false,below_min_market_cap:22220074,
LM8.AX,LM8,Lunnon Metals Limited,Basic Materials,Other Industrial Metals & Mining,AU,AUD,AUD,0.325,227416106,73910232,52698916.11,,,,,,,0,,,,,,,,,,,,,,,,,,,,,,,,,,0,2024-06-30,false,insufficient_annual_history:0,stale_statements:807d
LMG.AX,LMG,Latrobe Magnesium Limited,Basic Materials,Other Industrial Metals & Mining,AU,AUD,AUD,0.014,3414851094,47807916,34087639.65,,,,,,,0,,,,,,,,,,,,,,,,,,,,,,,,,,0,,false,below_min_market_cap:34087640,
LML.AX,LML,Lincoln Minerals Limited,Basic Materials,Other Industrial Metals & Mining,AU,AUD,AUD,0.009,2903443339,26130990,18631721.38,,,,,,,0,,,,,,,,,,,,,,,,,,,,,,,,,,0,,false,below_min_market_cap:18631721,
LMS.AX,LMS,Litchfield Minerals Limited,Basic Materials,Other Precious Metals & Mining,AU,AUD,AUD,0.185,66291059,12263846,8744274.967,,,,,,,0,,,,,,,,,,,,,,,,,,,,,,,,,,0,,false,below_min_market_cap:8744275,
LNQ.AX,LNQ,LinQ Minerals Limited,Basic Materials,Other Industrial Metals & Mining,AU,AUD,AUD,0.425,205083369,87160440,62146479.47,,,,,,,0,,,,,,,,,,,,,,,,,,,,,,,,,,0,2025-06-30,false,insufficient_annual_history:0,
LNW.AX,LNW,"Light & Wonder, Inc.",Consumer Cyclical,Gambling,AU,AUD,USD,123.02,74775174,9198841856,6558888832,3349000000,1121000000,555000000,555000000,revenue=quarterly_sum|ebitda=quarterly_sum|fcf=quarterly_sum,0.1329821857,4,0.07386430515,0.09675836721,0.03952321205,3596371558,478253350.4,516626675.2,516626675.2,5157000000,148000000,1.186988883e+10,1.186988883e+10,1.033767579e+10,calculated,0.04352413763,0.0903658946,0.1845140033,0.7390412623,-0.1522827597,0.1055185856,0.9802193547,0.3111517269,139,75,,,4,2025-12-31,true,,reporting_currency_differs:USD_vs_AUD|preferred_stock_assumed_zero
LOT.AX,LOT,Lotus Resources Limited,Basic Materials,Other Industrial Metals & Mining,AU,AUD,AUD,0.225,546784472,123026496,87719424.18,,,,,,,0,,,,,,,,,,,,,,,,,,,,,,,,,,0,2025-06-30,false,insufficient_annual_history:0,
LOV.AX,LOV,Lovisa Holdings Limited,Consumer Cyclical,Specialty Retail,AU,AUD,AUD,22.71,110739000,2514882560,1793142593,938763008,214596992,150561632,107352319.1,revenue=provider_ttm|ebitda=provider_ttm|fcf=provider_ttm_fcf_field,0.1603830048,1,0.2090270252,0.2341391579,0.1713588261,1134989847,182033082,166297357,118572087.1,256019243.9,21761140.18,2084645615,2084645615,2117336055,calculated,0.05687877415,0.2052237615,0.217136728,,0.4043492166,0.1971409115,,0.3007450641,106,78,,,3,2025-06-30,true,,annual_history_below_preferred:3|revenue_ttm_from_provider|ebitda_ttm_from_provider|fcf_ttm_from_provider_fcf_field|preferred_stock_assumed_zero
LPE.AX,LPE,Locality Planning Energy Holdings Limited,Utilities,Utilities - Regulated Electric,AU,AUD,AUD,0.095,182624436,17349320,12370281.28,,,,,,,0,,,,,,,,,,,,,,,,,,,,,,,,,,0,,false,below_min_market_cap:12370281,
LPM.AX,LPM,Lithium Plus Minerals Ltd,Basic Materials,Other Industrial Metals & Mining,AU,AUD,AUD,0.13,154340000,20064200,14306024.54,,,,,,,0,,,,,,,,,,,,,,,,,,,,,,,,,,0,,false,below_min_market_cap:14306025,
LRD.AX,LRD,Lord Resources Limited,Basic Materials,Other Industrial Metals & Mining,AU,AUD,AUD,0.014,177202026,2480828,1768861.267,,,,,,,0,,,,,,,,,,,,,,,,,,,,,,,,,,0,,false,below_min_market_cap:1768861,
LRK.AX,LRK,LARK Distilling Co. Ltd.,Consumer Defensive,Beverages - Wineries & Distilleries,AU,AUD,AUD,0.845,107387335,90742304,64700393.12,19701000,-19152000,-16759375,-11949643.14,revenue=provider_ttm|ebitda=provider_ttm|fcf=provider_ttm_fcf_field,,0,,,,,,,,,,,,,,,,,,,,,,,,,,4,2026-06-30,false,ttm_ebitda_not_positive,revenue_ttm_from_provider|ebitda_ttm_from_provider|fcf_ttm_from_provider_fcf_field
LRM.AX,LRM,Lion Rock Minerals Ltd,Basic Materials,Other Precious Metals & Mining,AU,AUD,AUD,0.0215,3663917147,78774216,56166997.29,,,,,,,0,,,,,,,,,,,,,,,,,,,,,,,,,,0,2025-06-30,false,insufficient_annual_history:0,
LRV.AX,LRV,Larvotto Resources Limited,Basic Materials,Other Precious Metals & Mining,AU,AUD,AUD,1.01,519506376,524701440,374118662.9,,,,,,,0,,,,,,,,,,,,,,,,,,,,,,,,,,0,2025-12-31,false,insufficient_annual_history:0,
LSA.AX,LSA,Lachlan Star Limited,Basic Materials,Other Industrial Metals & Mining,AU,AUD,AUD,0.13,371556528,48302348,34440175.82,,,,,,,0,,,,,,,,,,,,,,,,,,,,,,,,,,0,,false,below_min_market_cap:34440176,
LSR.AX,LSR,Lodestar Minerals Limited,Basic Materials,Gold,AU,AUD,AUD,0.0085,1489703673,12662482,9028507.401,,,,,,,0,,,,,,,,,,,,,,,,,,,,,,,,,,0,,false,below_min_market_cap:9028507,
LTP.AX,LTP,LTR Pharma Limited,Healthcare,Biotechnology,AU,AUD,AUD,0.45,182274622,82023576,58483831.45,,,,,,,0,,,,,,,,,,,,,,,,,,,,,,,,,,1,2025-06-30,false,insufficient_annual_history:1,
LTR.AX,LTR,Liontown Limited,Basic Materials,Other Industrial Metals & Mining,AU,AUD,AUD,1.04,3191828735,3319501824,2366846151,,,,,,,0,,,,,,,,,,,,,,,,,,,,,,,,,,2,2026-06-30,false,insufficient_annual_history:2,
LU7.AX,LU7,Lithium Universe Limited,Basic Materials,Other Industrial Metals & Mining,AU,AUD,AUD,0.005,1858525232,9292626,6625758.095,,,,,,,0,,,,,,,,,,,,,,,,,,,,,,,,,,0,,false,below_min_market_cap:6625758,
LUX.AX,LUX,Lux Copper Corp. Ltd,Basic Materials,Copper,AU,AUD,AUD,0.34,120912468,41110240,29312113.23,,,,,,,0,,,,,,,,,,,,,,,,,,,,,,,,,,0,,false,below_min_market_cap:29312113,
LVE.AX,LVE,Love Group Global Ltd,Communication Services,Internet Content & Information,AU,AUD,AUD,0.095,40534169,3850746,2745629.866,,,,,,,0,,,,,,,,,,,,,,,,,,,,,,,,,,0,,false,below_min_market_cap:2745630,
LYC.AX,LYC,Lynas Rare Earths Limited,Basic Materials,Other Industrial Metals & Mining,AU,AUD,AUD,13.83,1006502578,1.391993037e+10,9925083751,977945024,278582016,-95856248,-68346698.9,revenue=provider_ttm|ebitda=provider_ttm|fcf=provider_ttm_fcf_field,-0.09801803337,1,0.3,0.07503831389,0.8021154856,1271328531,-124613122.4,-110234685.2,,,,,,,,,,,,,,,,,,,,4,2026-06-30,false,expected_fcf_not_positive,revenue_ttm_from_provider|ebitda_ttm_from_provider|fcf_ttm_from_provider_fcf_field|growth_clamped_high
LYL.AX,LYL,Lycopodium Limited,Industrials,Engineering & Construction,AU,AUD,AUD,22.77,39740226,904884928,645194225.7,374019008,47187000,49877876,35563546.91,revenue=provider_ttm|ebitda=provider_ttm|fcf=provider_ttm_fcf_field,0.1333565272,1,0.07750211678,0.04914807268,0.1200331829,403006272.8,53743516.97,51810696.49,36941671.99,8902673.537,75718357.86,578896901.5,578896901.5,568830203.7,calculated,0.06381390521,0.04062975405,-0.05634352601,,-0.3933174137,-0.5709401489,,-0.4821287813,95,213,,,4,2026-06-30,true,,revenue_ttm_from_provider|ebitda_ttm_from_provider|fcf_ttm_from_provider_fcf_field|preferred_stock_assumed_zero
M24.AX,M24,Mamba Exploration Limited,Basic Materials,Other Industrial Metals & Mining,AU,AUD,AUD,0.02,487532065,9750641,6952328.496,,,,,,,0,,,,,,,,,,,,,,,,,,,,,,,,,,0,,false,below_min_market_cap:6952328,
M2M.AX,M2M,Mt Malcolm Mines NL,Basic Materials,Gold,AU,AUD,AUD,0.008,774630248,6197042,4418568.142,,,,,,,0,,,,,,,,,,,,,,,,,,,,,,,,,,0,,false,below_min_market_cap:4418568,
M2R.AX,M2R,Miramar Resources Limited,Basic Materials,Other Industrial Metals & Mining,AU,AUD,AUD,0.002,2109589909,4219180,3008327.898,,,,,,,0,,,,,,,,,,,,,,,,,,,,,,,,,,0,,false,below_min_market_cap:3008328,
M3M.AX,M3M,M3 Mining Limited,Basic Materials,Other Precious Metals & Mining,AU,AUD,AUD,0.024,208805374,5011329,3573140.003,,,,,,,0,,,,,,,,,,,,,,,,,,,,,,,,,,0,,false,below_min_market_cap:3573140,
M4M.AX,M4M,Macro Metals Limited,Basic Materials,Steel,AU,AUD,AUD,0.007,4575630643,32029416,22837372.6,,,,,,,0,,,,,,,,,,,,,,,,,,,,,,,,,,0,,false,below_min_market_cap:22837373,
M79.AX,M79,Mammoth Minerals Limited,Basic Materials,Other Precious Metals & Mining,AU,AUD,AUD,0.041,558912975,22915432,16338988.47,,,,,,,0,,,,,,,,,,,,,,,,,,,,,,,,,,0,,false,below_min_market_cap:16338988,
M7T.AX,M7T,Mach7 Technologies Limited,Healthcare,Health Information Services,AU,AUD,AUD,0.225,235009713,52877184,37702090.88,,,,,,,0,,,,,,,,,,,,,,,,,,,,,,,,,,0,,false,below_min_market_cap:37702091,
M96.AX,M96,Maverick Minerals Australia Ltd,Basic Materials,Other Industrial Metals & Mining,AU,AUD,AUD,0.008,1847106420,14776852,10536079.55,,,,,,,0,,,,,,,,,,,,,,,,,,,,,,,,,,0,,false,below_min_market_cap:10536080,
MAD.AX,MAD,Mader Group Limited,Industrials,Specialty Business Services,AU,AUD,AUD,6,203461728,1220770304,870424433.8,1001139968,115341000,59755752,42606595.55,revenue=provider_ttm|ebitda=provider_ttm|fcf=provider_ttm_fcf_field,0.05968770992,1,0.1673382329,0.1803434322,0.1478304338,1168668961,69755173.94,64755462.97,46171451.75,6476292.146,28163279.03,1039442611,1039442611,848737538.1,calculated,0.04441943334,0.1565765842,0.1455061373,,0.16859197,-0.004036684369,,0.08227764282,136,100,,,4,2026-06-30,true,,revenue_ttm_from_provider|ebitda_ttm_from_provider|fcf_ttm_from_provider_fcf_field|preferred_stock_assumed_zero
MAF.AX,MAF,MA Financial Group Limited,Financial Services,Asset Management,AU,,AUD,,,,,,,,,,,0,,,,,,,,,,,,,,,,,,,,,,,,,,0,,false,excluded_sector:Financial Services,
MAG.AX,MAG,Magmatic Resources Limited,Basic Materials,Gold,AU,AUD,AUD,0.02,502231042,10044621,7161939.898,,,,,,,0,,,,,,,,,,,,,,,,,,,,,,,,,,0,,false,below_min_market_cap:7161940,
MAH.AX,MAH,Macmahon Holdings Limited,Basic Materials,Other Industrial Metals & Mining,AU,AUD,AUD,0.95,2154985818,2047236352,1459705021,2619243008,315284992,152406752,108667912.7,revenue=provider_ttm|ebitda=provider_ttm|fcf=provider_ttm_fcf_field,0.05818732799,1,0.09865122628,0.1117476996,0.07900651628,2877634543,167441865,159924308.5,114028024.1,299991435.1,220786446.3,2066619085,2066619085,1530725716,calculated,0.05517612071,0.1128871056,0.0963769203,,-0.04313894108,-0.1420182043,,-0.09257857268,108,124,,,4,2026-06-30,true,,revenue_ttm_from_provider|ebitda_ttm_from_provider|fcf_ttm_from_provider_fcf_field|preferred_stock_assumed_zero
MAM.AX,MAM,Microequities Asset Management Group Limited,Financial Services,Asset Management,AU,,AUD,,,,,,,,,,,0,,,,,,,,,,,,,,,,,,,,,,,,,,0,,false,excluded_sector:Financial Services,
MAN.AX,MAN,Mandrake Resources Limited,Basic Materials,Other Industrial Metals & Mining,AU,AUD,AUD,0.019,627259920,11917938,8497638.254,,,,,,,0,,,,,,,,,,,,,,,,,,,,,,,,,,0,,false,below_min_market_cap:8497638,
MAP.AX,MAP,Microba Life Sciences Limited,Healthcare,Diagnostics & Research,AU,AUD,AUD,0.054,717117274,38724332,27610931.1,,,,,,,0,,,,,,,,,,,,,,,,,,,,,,,,,,0,,false,below_min_market_cap:27610931,
MAQ.AX,MAQ,Macquarie Technology Group Limited,Technology,Information Technology Services,AU,AUD,AUD,50.78,25773732,1308790016,933183584.9,389980000,100435000,-158992624,-113363721.5,revenue=provider_ttm|ebitda=provider_ttm|fcf=provider_ttm_fcf_field,-0.4076943023,1,0.0713904973,0.08375754041,0.05283993265,417820866.1,-170343186.5,-164667905.2,,,,,,,,,,,,,,,,,,,,3,2025-06-30,false,expected_fcf_not_positive,annual_history_below_preferred:3|revenue_ttm_from_provider|ebitda_ttm_from_provider|fcf_ttm_from_provider_fcf_field
MAT.AX,MAT,Matsa Resources Limited,Basic Materials,Gold,AU,AUD,AUD,0.047,971192178,45646032,32546189.42,,,,,,,0,,,,,,,,,,,,,,,,,,,,,,,,,,0,,false,below_min_market_cap:32546189,
MAY.AX,MAY,Melbana Energy Limited,Energy,Oil & Gas E&P,AU,AUD,AUD,0.0045,3781968808,17018860,12134659.18,,,,,,,0,,,,,,,,,,,,,,,,,,,,,,,,,,0,,false,below_min_market_cap:12134659,
MBG.AX,MBG,MB Gold Limited,Basic Materials,Gold,AU,AUD,,0.165,,,,,,,,,,0,,,,,,,,,,,,,,,,,,,,,,,,,,0,,false,market_cap_unavailable,
MBH.AX,MBH,Maggie Beer Holdings Limited,Consumer Defensive,Packaged Foods,AU,AUD,AUD,0.055,447988952,24639392,17568193.43,,,,,,,0,,,,,,,,,,,,,,,,,,,,,,,,,,0,,false,below_min_market_cap:17568193,
MBK.AX,MBK,Metal Bank Limited,Basic Materials,Gold,AU,AUD,AUD,0.012,911857863,10942294,7801991.929,,,,,,,0,,,,,,,,,,,,,,,,,,,,,,,,,,0,,false,below_min_market_cap:7801992,
MC2.AX,MC2,Marimaca Copper Corp.,Basic Materials,Copper,AU,AUD,USD,9.17,135156928,1239389056,883699835.9,0,-34028000,-45069000,-45069000,revenue=quarterly_sum|ebitda=quarterly_sum|fcf=quarterly_sum,,0,,,,,,,,,,,,,,,,,,,,,,,,,,4,2025-12-31,false,ttm_ebitda_not_positive,reporting_currency_differs:USD_vs_AUD
MCA.AX,MCA,Murray Cod Australia Limited,Consumer Defensive,Farm Products,AU,AUD,AUD,0.175,247870592,43377352,30928592.32,,,,,,,0,,,,,,,,,,,,,,,,,,,,,,,,,,0,,false,below_min_market_cap:30928592,
MCM.AX,MCM,MC Mining Limited,Energy,Thermal Coal,AU,AUD,USD,0.275,844925202,232354432,165671604.4,15649000,-13689000,-26989124,-26989124,revenue=provider_ttm|ebitda=provider_ttm|fcf=provider_ttm_fcf_field,,0,,,,,,,,,,,,,,,,,,,,,,,,,,3,2024-06-30,false,ttm_ebitda_not_positive,reporting_currency_differs:USD_vs_AUD|stale_statements:807d|annual_history_below_preferred:3|revenue_ttm_from_provider|ebitda_ttm_from_provider|fcf_ttm_from_provider_fcf_field
MCO.AX,MCO,Myeco Group Ltd,Consumer Cyclical,Packaging & Containers,AU,AUD,AUD,0.022,603610027,13279421,9468392.593,,,,,,,0,,,,,,,,,,,,,,,,,,,,,,,,,,0,,false,below_min_market_cap:9468393,
MCP.AX,MCP,McPherson's Limited,Consumer Defensive,Household & Personal Products,AU,AUD,AUD,0.125,143949141,17993642,12829690.89,,,,,,,0,,,,,,,,,,,,,,,,,,,,,,,,,,0,,false,below_min_market_cap:12829691,
MCY.AX,MCY,Mercury NZ Limited,Utilities,Utilities - Renewable,AU,AUD,NZD,5.25,1425040949,7481464832,5334377621,3224000000,1026000000,49004004,28215112.33,revenue=provider_ttm|ebitda=provider_ttm|fcf=provider_ttm_fcf_field,0.0151997531,1,0.002871424025,0.05700602308,-0.07833047456,3233257471,49144715.27,49074359.64,28255621.11,1423307322,44334410.91,9743636306,9743636306,7056303115,calculated,0.00289990515,0.04812917249,0.07348643006,,-0.356973224,-0.206307131,,-0.2816401775,268,170,,,4,2026-06-30,true,,reporting_currency_differs:NZD_vs_AUD|revenue_ttm_from_provider|ebitda_ttm_from_provider|fcf_ttm_from_provider_fcf_field|preferred_stock_assumed_zero
MDI.AX,MDI,Middle Island Resources Limited,Basic Materials,Gold,AU,AUD,AUD,0.012,993321763,11919862,8499010.09,,,,,,,0,,,,,,,,,,,,,,,,,,,,,,,,,,0,,false,below_min_market_cap:8499010,
MDX.AX,MDX,Mindax Limited,Basic Materials,Gold,AU,AUD,AUD,0.035,2363218532,82712648,58975148.37,,,,,,,0,,,,,,,,,,,,,,,,,,,,,,,,,,0,2025-06-30,false,insufficient_annual_history:0,
MEC.AX,MEC,Morphic Ethical Equities Fund Limited,Financial Services,Asset Management,AU,,,,,,,,,,,,,0,,,,,,,,,,,,,,,,,,,,,,,,,,0,,false,excluded_sector:Financial Services,
MEG.AX,MEG,Megado Minerals Limited,Basic Materials,Other Industrial Metals & Mining,AU,AUD,AUD,0.013,720683262,9368883,6680130.286,,,,,,,0,,,,,,,,,,,,,,,,,,,,,,,,,,0,,false,below_min_market_cap:6680130,
MEI.AX,MEI,Meteoric Resources Limited,Basic Materials,Other Industrial Metals & Mining,AU,AUD,AUD,0.17,2906618799,494125216,352317434.3,,,,,,,0,,,,,,,,,,,,,,,,,,,,,,,,,,0,2025-06-30,false,insufficient_annual_history:0,
MEK.AX,MEK,Meeka Metals Limited,Basic Materials,Gold,AU,AUD,AUD,0.12,3101943073,372233152,265406874.2,,,,,,,0,,,,,,,,,,,,,,,,,,,,,,,,,,0,2025-06-30,false,insufficient_annual_history:0,
MEL.AX,MEL,Metgasco Limited,Energy,Oil & Gas E&P,AU,AUD,AUD,0.02,36742276,734845,523953.6389,,,,,,,0,,,,,,,,,,,,,,,,,,,,,,,,,,0,,false,below_min_market_cap:523954,
MEM.AX,MEM,Memphasys Limited,Healthcare,Medical Devices,AU,AUD,AUD,0.006,3087233743,18523402,13207416.37,,,,,,,0,,,,,,,,,,,,,,,,,,,,,,,,,,0,,false,below_min_market_cap:13207416,
MEU.AX,MEU,Marmota Limited,Basic Materials,Other Industrial Metals & Mining,AU,AUD,AUD,0.078,1291416901,100730528,71822121.25,,,,,,,0,,,,,,,,,,,,,,,,,,,,,,,,,,0,2025-06-30,false,insufficient_annual_history:0,
MEX.AX,MEX,Minerals Exploration Limited,Basic Materials,Gold,AU,AUD,AUD,0.061,191958501,11709468,8348996.548,,,,,,,0,,,,,,,,,,,,,,,,,,,,,,,,,,0,,false,below_min_market_cap:8348997,
MEZ.AX,MEZ,Meridian Energy Limited,Utilities,Utilities - Renewable,AU,AUD,NZD,4.21,2648597400,1.11505961e+10,7950513918,3883000064,769000000,455624992,262335917.1,revenue=provider_ttm|ebitda=provider_ttm|fcf=provider_ttm_fcf_field,0.1173383942,1,-0.04053896658,0.06343213539,-0.1964956195,3725587254,437154425.7,446389708.8,257018503.6,1171695145,294795043.9,1.455922e+10,1.455922e+10,9036431388,calculated,0.01765331546,0.04580335731,-0.02266723477,,-0.3682447471,-0.476358836,,-0.4223017915,224,193,,,4,2026-06-30,true,,reporting_currency_differs:NZD_vs_AUD|revenue_ttm_from_provider|ebitda_ttm_from_provider|fcf_ttm_from_provider_fcf_field|preferred_stock_assumed_zero
MFD.AX,MFD,Mayfield Childcare Limited,Consumer Cyclical,Personal Services,AU,AUD,AUD,0.1,105594351,10559435,7529008.693,,,,,,,0,,,,,,,,,,,,,,,,,,,,,,,,,,0,,false,below_min_market_cap:7529009,
MFG.AX,MFG,Magellan Financial Group Limited,Financial Services,Asset Management,AU,,AUD,,,,,,,,,,,0,,,,,,,,,,,,,,,,,,,,,,,,,,0,,false,excluded_sector:Financial Services,
MGA.AX,MGA,MetalsGrove Mining Limited,Basic Materials,Other Industrial Metals & Mining,AU,AUD,AUD,0.1,151453330,15145333,10798811.09,,,,,,,0,,,,,,,,,,,,,,,,,,,,,,,,,,0,,false,below_min_market_cap:10798811,
MGH.AX,MGH,MAAS Group Holdings Limited,Industrials,Engineering & Construction,AU,AUD,AUD,5.59,361333272,2019853056,1440180390,634204032,98046000,-441895488,-315076987.6,revenue=provider_ttm|ebitda=provider_ttm|fcf=provider_ttm_fcf_field,-0.6967718048,1,-0.15,-0.07253490546,-0.3889467872,539073427.2,-375611164.8,-408753326.4,,,,,,,,,,,,,,,,,,,,4,2026-06-30,false,expected_fcf_not_positive,revenue_ttm_from_provider|ebitda_ttm_from_provider|fcf_ttm_from_provider_fcf_field|growth_clamped_low
MGL.AX,MGL,Magontec Limited,Basic Materials,Other Industrial Metals & Mining,AU,AUD,AUD,0.195,57934806,11297287,8055106.36,,,,,,,0,,,,,,,,,,,,,,,,,,,,,,,,,,0,,false,below_min_market_cap:8055106,
MGR.AX,MGR,Mirvac Group,Real Estate,REIT - Diversified,AU,,AUD,,,,,,,,,,,0,,,,,,,,,,,,,,,,,,,,,,,,,,0,,false,excluded_industry:reit,
MGT.AX,MGT,Magnetite Mines Limited,Basic Materials,Other Industrial Metals & Mining,AU,AUD,AUD,0.018,227923708,4102626,2925223.444,,,,,,,0,,,,,,,,,,,,,,,,,,,,,,,,,,0,,false,below_min_market_cap:2925223,
MGU.AX,MGU,Magnum Mining and Exploration Limited,Basic Materials,Other Industrial Metals & Mining,AU,AUD,AUD,0.0055,3213037149,17671704,12600145.09,,,,,,,0,,,,,,,,,,,,,,,,,,,,,,,,,,0,,false,below_min_market_cap:12600145,
MGX.AX,MGX,MGX Resources Limited,Basic Materials,Steel,AU,AUD,AUD,0.345,,,,,,,,,,0,,,,,,,,,,,,,,,,,,,,,,,,,,0,,false,market_cap_unavailable,
MHC.AX,MHC,Manhattan Gold Corporation Limited,Basic Materials,Gold,AU,AUD,AUD,0.02,748950545,14979010,10680220.72,,,,,,,0,,,,,,,,,,,,,,,,,,,,,,,,,,0,,false,below_min_market_cap:10680221,
MHJ.AX,MHJ,Michael Hill International Limited,Consumer Cyclical,Luxury Goods,AU,AUD,AUD,0.335,384842602,128922272,91923185.91,658809024,50629000,90336496,64411046.96,revenue=provider_ttm|ebitda=provider_ttm|fcf=provider_ttm_fcf_field,0.1371209147,1,0.0043102335,0.01753603939,-0.01552847534,661648644.7,90725867.39,90531181.7,64549860.29,148548740.4,7867935.456,363597285.1,363597285.1,186046534.3,calculated,0.1775311943,0.01818191654,-0.1929808876,,-0.5021056448,-0.9546920581,,-0.7283988515,10,236,,,4,2025-06-30,true,,revenue_ttm_from_provider|ebitda_ttm_from_provider|fcf_ttm_from_provider_fcf_field|preferred_stock_assumed_zero
MHK.AX,MHK,Metal Hawk Limited,Basic Materials,Other Industrial Metals & Mining,AU,AUD,AUD,0.096,123392563,11845686,8446121.678,,,,,,,0,,,,,,,,,,,,,,,,,,,,,,,,,,0,,false,below_min_market_cap:8446122,
MHM.AX,MHM,Mount Hope Mining Limited,Basic Materials,Other Precious Metals & Mining,AU,AUD,AUD,0.205,59250000,12146250,8660427.555,,,,,,,0,,,,,,,,,,,,,,,,,,,,,,,,,,0,,false,below_min_market_cap:8660428,
MI6.AX,MI6,Minerals 260 Limited,Basic Materials,Other Precious Metals & Mining,AU,AUD,AUD,0.88,2271924590,1999293568,1425521219,,,,,,,0,,,,,,,,,,,,,,,,,,,,,,,,,,0,2025-06-30,false,insufficient_annual_history:0,
MIN.AX,MIN,Mineral Resources Limited,Basic Materials,Other Industrial Metals & Mining,AU,AUD,AUD,54.32,198537253,1.078454374e+10,7689514031,6461000192,2440000000,540750016,385561497.5,revenue=provider_ttm|ebitda=provider_ttm|fcf=provider_ttm_fcf_field,0.08369447453,1,0.2332930897,0.2364481076,0.2285605628,7968306889,666903258,603826637,430535914,4156149611,1113725458,1.106919308e+10,1.106919308e+10,1.097412846e+10,calculated,0.03889496831,0.1929778934,0.4122795907,,0.345002461,0.745208038,,0.5451052495,158,50,,,4,2026-06-30,true,,revenue_ttm_from_provider|ebitda_ttm_from_provider|fcf_ttm_from_provider_fcf_field|preferred_stock_assumed_zero
MIO.AX,MIO,Macarthur Minerals Limited,Basic Materials,Other Industrial Metals & Mining,AU,AUD,AUD,0.028,373883483,10468738,7464340.602,,,,,,,0,,,,,,,,,,,,,,,,,,,,,,,,,,0,,false,below_min_market_cap:7464341,
MKR.AX,MKR,Manuka Resources Limited,Basic Materials,Other Precious Metals & Mining,AU,AUD,AUD,0.062,1793960551,111225552,79305204.1,15195323,-13518954,-12142146,-8657501.351,revenue=latest_fiscal_year|ebitda=provider_ttm|fcf=provider_ttm_fcf_field,,0,,,,,,,,,,,,,,,,,,,,,,,,,,3,2024-06-30,false,ttm_ebitda_not_positive,stale_statements:807d|annual_history_below_preferred:3|revenue_ttm_from_latest_fy|ebitda_ttm_from_provider|fcf_ttm_from_provider_fcf_field
ML8.AX,ML8,Moonlight Resources Limited,Basic Materials,Gold,AU,AUD,AUD,0.16,96933835,15509413,11058404.67,,,,,,,0,,,,,,,,,,,,,,,,,,,,,,,,,,0,,false,below_min_market_cap:11058405,
MLG.AX,MLG,MLG Oz Limited,Basic Materials,Other Industrial Metals & Mining,AU,AUD,AUD,0.84,160337151,134683200,96030799.33,567011008,71320000,34860376,24855882.34,revenue=provider_ttm|ebitda=provider_ttm|fcf=provider_ttm_fcf_field,0.061480951,1,0.2023050948,0.2350652867,0.153164807,681720223.7,41912807.67,38386591.84,27370118.16,53929410.19,6588948.114,246884983.9,246884983.9,154454583.7,calculated,0.110861818,0.2044372385,0.2971461772,,0.4005375159,0.4218508925,,0.4111942042,31,64,33.40982651,0.02759007377,4,2025-06-30,true,,revenue_ttm_from_provider|ebitda_ttm_from_provider|fcf_ttm_from_provider_fcf_field|preferred_stock_assumed_zero
MLS.AX,MLS,Metals Australia Ltd,Basic Materials,Other Industrial Metals & Mining,AU,AUD,AUD,0.019,731719524,13902671,9912777.607,,,,,,,0,,,,,,,,,,,,,,,,,,,,,,,,,,0,,false,below_min_market_cap:9912778,
MLX.AX,MLX,Metals X Limited,Basic Materials,Other Industrial Metals & Mining,AU,AUD,AUD,1.965,886392538,1741761280,1241897490,342188992,209248992,143360368,102217728.2,revenue=provider_ttm|ebitda=provider_ttm|fcf=provider_ttm_fcf_field,0.4189508469,1,0.1662522451,0.07584001575,0.301870589,399078680.2,167194351,155277359.5,110714691.6,2342245.921,209344735.4,1414597663,1414597663,976016627.5,calculated,0.07826585221,0.1052895129,0.1131111244,,-0.07995890959,-0.09501947208,,-0.08748919084,66,123,,,4,2025-12-31,true,,revenue_ttm_from_provider|ebitda_ttm_from_provider|fcf_ttm_from_provider_fcf_field|preferred_stock_assumed_zero
MM1.AX,MM1,Midas Minerals Limited,Basic Materials,Other Precious Metals & Mining,AU,AUD,AUD,1.26,246177427,310183552,221164736.5,,,,,,,0,,,,,,,,,,,,,,,,,,,,,,,,,,0,2025-12-31,false,insufficient_annual_history:0,
MM8.AX,MM8,Medallion Metals Limited,Basic Materials,Other Precious Metals & Mining,AU,AUD,AUD,0.5,928262354,464131168,330931304.4,373301,-11884067,-12192626,-8693494.22,revenue=provider_ttm|ebitda=provider_ttm|fcf=provider_ttm_fcf_field,,0,,,,,,,,,,,,,,,,,,,,,,,,,,4,2025-06-30,false,ttm_ebitda_not_positive,revenue_ttm_from_provider|ebitda_ttm_from_provider|fcf_ttm_from_provider_fcf_field
MMA.AX,MMA,Maronan Metals Limited,Basic Materials,Other Precious Metals & Mining,AU,AUD,AUD,0.44,314269541,138278592,98594358.62,,,,,,,0,,,,,,,,,,,,,,,,,,,,,,,,,,0,2026-06-30,false,insufficient_annual_history:0,
MME.AX,MME,MoneyMe Limited,Financial Services,Credit Services,AU,,AUD,,,,,,,,,,,0,,,,,,,,,,,,,,,,,,,,,,,,,,0,,false,excluded_sector:Financial Services,
MMI.AX,MMI,Metro Mining Limited,Basic Materials,Other Industrial Metals & Mining,AU,AUD,AUD,1.33,308425589,410206048,292482022.1,332072992,14283000,31543250,22490730.18,revenue=provider_ttm|ebitda=provider_ttm|fcf=provider_ttm_fcf_field,0.09498890533,1,0.264051601,0.2860205947,0.2310981105,419757397.2,39872295.66,35707772.83,25460086.84,64151156.77,44752226.86,445122302.9,445122302.9,326417057.1,calculated,0.05719795812,0.2448161509,1.030266454,,0.5962245366,2.480850733,,1.538537635,105,17,,,4,2025-12-31,true,,revenue_ttm_from_provider|ebitda_ttm_from_provider|fcf_ttm_from_provider_fcf_field|preferred_stock_assumed_zero
MML.AX,MML,McLaren Minerals Limited,Basic Materials,Other Industrial Metals & Mining,AU,AUD,AUD,0.012,505461159,6065534,4324801.3,,,,,,,0,,,,,,,,,,,,,,,,,,,,,,,,,,0,,false,below_min_market_cap:4324801,
MMR.AX,MMR,MEC Resources Limited,Energy,Oil & Gas E&P,AU,AUD,AUD,0.002,1871989850,3743980,2669504.378,,,,,,,0,,,,,,,,,,,,,,,,,,,,,,,,,,0,,false,below_min_market_cap:2669504,
MMS.AX,MMS,McMillan Shakespeare Limited,Industrials,Staffing & Employment Services,AU,AUD,AUD,19.41,69643024,1351771136,963829658.8,602080000,254979008,79022000,56343670.37,revenue=provider_ttm|ebitda=provider_ttm|fcf=provider_ttm_fcf_field,0.1312483391,1,0.09748858153,0.1055114809,0.08545423242,660775925.2,86725742.69,82873871.34,59090102.62,596909073.5,68403563.06,1582461370,1582461370,1487934839,calculated,0.03734062881,0.09284709064,0.146502948,,-0.1402582193,-0.001237098767,,-0.07074765903,163,120,,,4,2026-06-30,true,,revenue_ttm_from_provider|ebitda_ttm_from_provider|fcf_ttm_from_provider_fcf_field|preferred_stock_assumed_zero
MNB.AX,MNB,Minbos Resources Limited,Basic Materials,Agricultural Inputs,AU,AUD,AUD,0.018,1336113237,24050038,17147976.68,,,,,,,0,,,,,,,,,,,,,,,,,,,,,,,,,,0,,false,below_min_market_cap:17147977,
MNC.AX,MNC,Merino & Co. Limited,Consumer Cyclical,Apparel Manufacturing,AU,AUD,AUD,0.095,84026570,7982524,5691639.049,,,,,,,0,,,,,,,,,,,,,,,,,,,,,,,,,,0,,false,below_min_market_cap:5691639,
MND.AX,MND,Monadelphous Group Limited,Industrials,Engineering & Construction,AU,AUD,AUD,28.06,,,,,,,,,,0,,,,,,,,,,,,,,,,,,,,,,,,,,0,,false,market_cap_unavailable,
MNE.AX,MNE,Macallum New Energy Limited,Energy,Oil & Gas E&P,AU,AUD,AUD,0.145,140198347,20328760,14494659.11,,,,,,,0,,,,,,,,,,,,,,,,,,,,,,,,,,0,,false,below_min_market_cap:14494659,
MNV.AX,MNV,Monvia Limited,Technology,Software - Application,AU,AUD,AUD,1.02,94133628,96016304,68460820.82,,,,,,,0,,,,,,,,,,,,,,,,,,,,,,,,,,0,2025-06-30,false,insufficient_annual_history:0,
MOH.AX,MOH,Moho Resources Limited,Basic Materials,Other Precious Metals & Mining,AU,AUD,AUD,0.005,1053092049,5265460,3754338.571,,,,,,,0,,,,,,,,,,,,,,,,,,,,,,,,,,0,,false,below_min_market_cap:3754339,
MOM.AX,MOM,Moab Minerals Limited,Basic Materials,Other Industrial Metals & Mining,AU,AUD,AUD,0.001,2015702328,2015702,1437220.635,,,,,,,0,,,,,,,,,,,,,,,,,,,,,,,,,,0,,false,below_min_market_cap:1437221,
MOV.AX,MOV,MOVE Logistics Group Limited,Industrials,Integrated Freight & Logistics,AU,AUD,NZD,0.17,127614019,21694382,15468364.61,,,,,,,0,,,,,,,,,,,,,,,,,,,,,,,,,,0,,false,below_min_market_cap:15468365,
MP1.AX,MP1,Megaport Limited,Technology,Software - Infrastructure,AU,AUD,AUD,16.79,242889030,4078106880,2907741006,312187008,4452000,-139969504,-99799999.94,revenue=provider_ttm|ebitda=provider_ttm|fcf=provider_ttm_fcf_field,-0.4483514702,1,0.3,0.2681266124,0.3749097155,405843110.4,-181960355.2,-160964929.6,,,,,,,,,,,,,,,,,,,,4,2026-06-30,false,expected_fcf_not_positive,revenue_ttm_from_provider|ebitda_ttm_from_provider|fcf_ttm_from_provider_fcf_field|growth_clamped_high
MPK.AX,MPK,Many Peaks Minerals Limited,Basic Materials,Other Precious Metals & Mining,AU,AUD,AUD,0.84,170783562,143458192,102287477.9,,,,,,,0,,,,,,,,,,,,,,,,,,,,,,,,,,1,2025-06-30,false,insufficient_annual_history:1,
MPL.AX,MPL,Medibank Private Limited,Financial Services,Insurance - Specialty,AU,,AUD,,,,,,,,,,,0,,,,,,,,,,,,,,,,,,,,,,,,,,0,,false,excluded_sector:Financial Services,
MPP.AX,MPP,Metro Performance Glass Limited,Industrials,Building Products & Equipment,AU,AUD,NZD,0.935,24591464,22993018,16394308.26,,,,,,,0,,,,,,,,,,,,,,,,,,,,,,,,,,0,,false,below_min_market_cap:16394308,
MPR.AX,MPR,MPR Australia Limited,Technology,Solar,AU,AUD,AUD,0.005,343703000,1718515,1225322.602,,,,,,,0,,,,,,,,,,,,,,,,,,,,,,,,,,0,,false,below_min_market_cap:1225323,
MPW.AX,MPW,Metal Powder Works Limited,Basic Materials,Other Industrial Metals & Mining,AU,AUD,AUD,1.49,150070008,223604320,159432665.6,1652603,-10200218,-4225515,-3012844.832,revenue=provider_ttm|ebitda=provider_ttm|fcf=provider_ttm_fcf_field,,0,,,,,,,,,,,,,,,,,,,,,,,,,,4,2026-06-30,false,ttm_ebitda_not_positive,revenue_ttm_from_provider|ebitda_ttm_from_provider|fcf_ttm_from_provider_fcf_field
MPX.AX,MPX,Mustera Property Group Limited,Real Estate,Real Estate - Development,AU,AUD,AUD,0.105,146835132,15417689,10993004.31,,,,,,,0,,,,,,,,,,,,,,,,,,,,,,,,,,0,,false,below_min_market_cap:10993004,
MQG.AX,MQG,Macquarie Group Limited,,Financial Services,AU,AUD,,239.03,,,,,,,,,,0,,,,,,,,,,,,,,,,,,,,,,,,,,0,,false,market_cap_unavailable,
MQR.AX,MQR,Marquee Resources Limited,Basic Materials,Other Industrial Metals & Mining,AU,AUD,AUD,0.0035,1135796641,3975288,2834429.864,,,,,,,0,,,,,,,,,,,,,,,,,,,,,,,,,,0,,false,below_min_market_cap:2834430,
MRD.AX,MRD,Mount Ridley Mines Limited,Basic Materials,Other Industrial Metals & Mining,AU,AUD,AUD,0.048,1390302536,66734524,47582546.92,,,,,,,0,,,,,,,,,,,,,,,,,,,,,,,,,,0,,false,below_min_market_cap:47582547,
MRQ.AX,MRQ,MRG Metals Ltd,Basic Materials,Other Industrial Metals & Mining,AU,AUD,AUD,0.002,3348151150,6696302,4774546.741,,,,,,,0,,,,,,,,,,,,,,,,,,,,,,,,,,0,,false,below_min_market_cap:4774547,
MRR.AX,MRR,MinRex Resources Limited,Basic Materials,Other Industrial Metals & Mining,AU,AUD,AUD,0.014,2143153314,30004146,21393329.86,,,,,,,0,,,,,,,,,,,,,,,,,,,,,,,,,,0,,false,below_min_market_cap:21393330,
MRT.AX,MRT,Maritana Minerals Limited,Basic Materials,Gold,AU,AUD,AUD,0.745,372535398,277538880,197888678.7,97633112,27577314,8803103,6276722.098,revenue=provider_ttm|ebitda=provider_ttm|fcf=provider_ttm_fcf_field,0.09016513783,1,0.3,2.331224231,449.0947949,126923045.6,11444033.9,10123568.45,7218230.413,5779558.476,11195007.16,252419381.6,252419381.6,82937175.47,calculated,0.02859618136,1.24945924,0.4970040166,,3,0.9831602336,,1.991580117,185,8,,,3,2025-06-30,true,,annual_history_below_preferred:3|revenue_ttm_from_provider|ebitda_ttm_from_provider|fcf_ttm_from_provider_fcf_field|growth_clamped_high|preferred_stock_assumed_zero
MRZ.AX,MRZ,Mont Royal Resources Limited,Basic Materials,Other Industrial Metals & Mining,AU,AUD,AUD,0.096,192493084,18479336,13175996.76,,,,,,,0,,,,,,,,,,,,,,,,,,,,,,,,,,0,,false,below_min_market_cap:13175997,
MSB.AX,MSB,Mesoblast Limited,Healthcare,Biotechnology,AU,AUD,USD,2.06,1298548778,2675010304,1907315669,120250000,-44605000,-51976248,-51976248,revenue=provider_ttm|ebitda=provider_ttm|fcf=provider_ttm_fcf_field,,0,,,,,,,,,,,,,,,,,,,,,,,,,,4,2026-06-30,false,ttm_ebitda_not_positive,reporting_currency_differs:USD_vs_AUD|revenue_ttm_from_provider|ebitda_ttm_from_provider|fcf_ttm_from_provider_fcf_field
MSG.AX,MSG,MCS Services Limited,Industrials,Security & Protection Services,AU,AUD,AUD,0.004,198099652,792398,564989.6448,,,,,,,0,,,,,,,,,,,,,,,,,,,,,,,,,,0,,false,below_min_market_cap:564990,
MSI.AX,MSI,Multistack International Limited,Industrials,Specialty Industrial Machinery,AU,AUD,AUD,0.003,136303924,408911,291558.6368,,,,,,,0,,,,,,,,,,,,,,,,,,,,,,,,,,0,,false,below_min_market_cap:291559,
MSV.AX,MSV,Mitchell Services Limited,Basic Materials,Other Industrial Metals & Mining,AU,AUD,AUD,0.54,212450530,114723288,81799133.44,199803760,32947028,15723439,11211007.87,revenue=provider_ttm|ebitda=provider_ttm|fcf=provider_ttm_fcf_field,0.07869440996,1,-0.009002627856,-0.05156728782,0.0548443621,198005001.1,15581886.73,15652662.87,11160543.61,8145010.101,8659059.997,130003855.7,130003855.7,77887569.92,calculated,0.08584778923,-0.06664874487,-0.02516702846,,-0.9132177436,-0.4833796141,,-0.6982986789,54,232,,,4,2026-06-30,true,,revenue_ttm_from_provider|ebitda_ttm_from_provider|fcf_ttm_from_provider_fcf_field|preferred_stock_assumed_zero
MTH.AX,MTH,Mithril Silver and Gold Limited,Basic Materials,Other Industrial Metals & Mining,AU,AUD,AUD,0.225,187487758,42184744,30078247.96,,,,,,,0,,,,,,,,,,,,,,,,,,,,,,,,,,0,,false,below_min_market_cap:30078248,
MTL.AX,MTL,Mantle Minerals Limited,Basic Materials,Other Industrial Metals & Mining,AU,AUD,AUD,0.001,7233114834,7233115,5157301.097,,,,,,,0,,,,,,,,,,,,,,,,,,,,,,,,,,0,,false,below_min_market_cap:5157301,
MTM.AX,MTM,Metallium Limited,Basic Materials,Other Industrial Metals & Mining,AU,AUD,AUD,0.34,752187269,255743680,182348429.6,,,,,,,0,,,,,,,,,,,,,,,,,,,,,,,,,,0,2024-06-30,false,insufficient_annual_history:0,stale_statements:807d
MTO.AX,MTO,MotorCycle Holdings Limited,Consumer Cyclical,Auto & Truck Dealerships,AU,AUD,AUD,2.57,73862998,189827904,135349660.2,789184000,49250000,34862752,24857576.46,revenue=provider_ttm|ebitda=provider_ttm|fcf=provider_ttm_fcf_field,0.0441756954,1,0.1520290948,0.1105112969,0.2143057915,909162929.1,40162904.63,37512828.31,26747113.88,109793223.2,30686630.12,368065517.9,368065517.9,214456259,calculated,0.07266943676,0.107224296,0.05316898065,,-0.07058243278,-0.2633695619,,-0.1669759974,79,141,,,4,2026-06-30,true,,revenue_ttm_from_provider|ebitda_ttm_from_provider|fcf_ttm_from_provider_fcf_field|preferred_stock_assumed_zero
MTS.AX,MTS,Metcash Limited,Consumer Defensive,Food Distribution,AU,AUD,AUD,2.86,,,,,,,,,,0,,,,,,,,,,,,,,,,,,,,,,,,,,0,,false,market_cap_unavailable,
MVF.AX,MVF,Monash IVF Group Limited,Healthcare,Diagnostics & Research,AU,AUD,AUD,0.755,389634840,294174304,209749943.3,269459008,28466000,6839000,4876292.193,revenue=provider_ttm|ebitda=provider_ttm|fcf=provider_ttm_fcf_field,0.02538048385,1,0.168358382,0.1514714079,0.1936888431,314824690.6,7990402.974,7414701.487,5286774.524,96520496.29,8080570.174,301579530.6,301579530.6,348850117.4,calculated,0.01753028302,0.1422408314,-0.4662844455,,0.09911707382,-1.72227686,,-0.8115798932,226,241,,,3,2024-06-30,true,,stale_statements:807d|annual_history_below_preferred:3|revenue_ttm_from_provider|ebitda_ttm_from_provider|fcf_ttm_from_provider_fcf_field|preferred_stock_assumed_zero
MVL.AX,MVL,Marvel Gold Limited,Basic Materials,Gold,AU,AUD,AUD,0.013,1422194038,18488524,13182547.92,,,,,,,0,,,,,,,,,,,,,,,,,,,,,,,,,,0,,false,below_min_market_cap:13182548,
MVP.AX,MVP,Medical Developments International Limited,Healthcare,Drug Manufacturers - Specialty & Generic,AU,AUD,AUD,0.5,112658324,56329164,40163395.62,,,,,,,0,,,,,,,,,,,,,,,,,,,,,,,,,,0,,false,below_min_market_cap:40163396,
MX1.AX,MX1,Micro-X Limited,Healthcare,Medical Devices,AU,AUD,AUD,0.015,752436839,11286553,8047452.884,,,,,,,0,,,,,,,,,,,,,,,,,,,,,,,,,,0,,false,below_min_market_cap:8047453,
MXI.AX,MXI,MaxiPARTS Limited,Consumer Cyclical,Auto Parts,AU,AUD,AUD,2.19,55565957,121689448,86766092.3,274385984,18989000,20870376,14880838.07,revenue=provider_ttm|ebitda=provider_ttm|fcf=provider_ttm_fcf_field,0.07606210673,1,0.07570915555,0.1080733895,0.02716280463,295159515.1,22450454.54,21660415.27,15444145.91,34708020.38,16768626.96,183321526.2,183321526.2,104705480,calculated,0.08424622155,0.09781374484,0.1566231814,,-0.1161884832,0.02718601231,,-0.04450123546,57,116,,,4,2026-06-30,true,,revenue_ttm_from_provider|ebitda_ttm_from_provider|fcf_ttm_from_provider_fcf_field|preferred_stock_assumed_zero
MXO.AX,MXO,Motio Limited,Communication Services,Advertising Agencies,AU,AUD,AUD,0.052,316622131,16464352,11739288.07,,,,,,,0,,,,,,,,,,,,,,,,,,,,,,,,,,0,,false,below_min_market_cap:11739288,
MYE.AX,MYE,Mastermyne Group Limited,Basic Materials,Other Industrial Metals & Mining,AU,AUD,AUD,0.72,308824148,222353408,158540749.7,237748992,12751000,22246750,15862209.88,revenue=provider_ttm|ebitda=provider_ttm|fcf=provider_ttm_fcf_field,0.09357242617,1,-0.09141308265,-0.2267974672,0.1116634942,216015623.7,20213106,21229928,15137203.12,2381461.606,33671300.26,181932549.4,181932549.4,125912923.2,calculated,0.08320228114,-0.2888768771,0.5324970881,,-1.990194774,1.082844052,,-0.4536753612,59,203,,,4,2026-06-30,true,,revenue_ttm_from_provider|ebitda_ttm_from_provider|fcf_ttm_from_provider_fcf_field|preferred_stock_assumed_zero
MYG.AX,MYG,Mayfield Group Holdings Limited,Technology,Communication Equipment,AU,AUD,AUD,1.97,117348443,231176432,164831675.8,168982336,17396640,-3624602,-2584386.377,revenue=provider_ttm|ebitda=provider_ttm|fcf=provider_ttm_fcf_field,-0.02144959104,1,0.3,0.2955515898,0.4320018391,219677036.8,-4711982.6,-4168292.3,,,,,,,,,,,,,,,,,,,,4,2026-06-30,false,expected_fcf_not_positive,revenue_ttm_from_provider|ebitda_ttm_from_provider|fcf_ttm_from_provider_fcf_field|growth_clamped_high
MYR.AX,MYR,Myer Holdings Limited,Consumer Cyclical,Department Stores,AU,AUD,AUD,0.18,,,,,,,,,,0,,,,,,,,,,,,,,,,,,,,,,,,,,0,,false,market_cap_unavailable,
MYS.AX,MYS,MyState Limited,Financial Services,Banks - Regional,AU,,AUD,,,,,,,,,,,0,,,,,,,,,,,,,,,,,,,,,,,,,,0,,false,excluded_sector:Financial Services,
MYX.AX,MYX,Mayne Pharma Group Limited,Healthcare,Medical Distribution,AU,AUD,AUD,3.03,81890887,248129392,176919347.4,383676000,33105000,37729752,26901783.17,revenue=provider_ttm|ebitda=provider_ttm|fcf=provider_ttm_fcf_field,0.09833753479,1,-0.03213814481,-0.03717807723,-0.02457824616,371345365.2,36517187.77,37123469.88,26469496.47,30799999.1,57043135.59,429422013.8,429422013.8,149282596.7,calculated,0.06163982194,0.02007287012,0.6467371831,,-0.4929415774,1.403692274,,0.4553753485,100,58,,,4,2026-06-30,true,,revenue_ttm_from_provider|ebitda_ttm_from_provider|fcf_ttm_from_provider_fcf_field|preferred_stock_assumed_zero
N1H.AX,N1H,N1 Holdings Limited,Financial Services,Mortgage Finance,AU,,AUD,,,,,,,,,,,0,,,,,,,,,,,,,,,,,,,,,,,,,,0,,false,excluded_sector:Financial Services,
NAB.AX,NAB,National Australia Bank Limited,Financial Services,Banks - Diversified,AU,,AUD,,,,,,,,,,,0,,,,,,,,,,,,,,,,,,,,,,,,,,0,,false,excluded_sector:Financial Services,
NAE.AX,NAE,New Age Exploration Limited,Basic Materials,Other Industrial Metals & Mining,AU,AUD,AUD,0.002,4342262487,8684525,6192174.507,,,,,,,0,,,,,,,,,,,,,,,,,,,,,,,,,,0,,false,below_min_market_cap:6192175,
NAG.AX,NAG,Nagambie Resources Limited,Basic Materials,Gold,AU,AUD,AUD,0.014,1264294534,17700124,12620408.9,,,,,,,0,,,,,,,,,,,,,,,,,,,,,,,,,,0,,false,below_min_market_cap:12620409,
NAN.AX,NAN,Nanosonics Limited,Healthcare,Medical Instruments & Supplies,AU,AUD,AUD,2.84,298910874,848906880,605281180.2,203892992,22113000,-72375,-51604.27657,revenue=provider_ttm|ebitda=provider_ttm|fcf=provider_ttm_fcf_field,-0.0003549656086,1,0.05060188636,0.06770072616,0.02495362667,214210362,-76037.31153,-74206.15576,,,,,,,,,,,,,,,,,,,,4,2026-06-30,false,expected_fcf_not_positive,revenue_ttm_from_provider|ebitda_ttm_from_provider|fcf_ttm_from_provider_fcf_field
NC1.AX,NC1,NICO Resources Limited,Basic Materials,Other Industrial Metals & Mining,AU,AUD,AUD,0.11,136794309,15047373,10728964.39,,,,,,,0,,,,,,,,,,,,,,,,,,,,,,,,,,0,,false,below_min_market_cap:10728964,
NC6.AX,NC6,Nanollose Limited,Consumer Cyclical,Textile Manufacturing,AU,AUD,AUD,0.075,409326908,30699520,21889140.18,,,,,,,0,,,,,,,,,,,,,,,,,,,,,,,,,,0,,false,below_min_market_cap:21889140,
NCK.AX,NCK,Nick Scali Limited,Consumer Cyclical,Specialty Retail,AU,AUD,AUD,13.94,85530699,1192297856,850123223.7,516704000,128828000,101216496,72168622.49,revenue=provider_ttm|ebitda=provider_ttm|fcf=provider_ttm_fcf_field,0.1958887409,1,0.02081710718,0.005861831498,0.0432500207,527460282.5,103323530.6,102270013.3,72919793.47,249601418.7,76002849.83,1223202001,1223202001,1023721884,calculated,0.05961386053,0.01087318823,-0.06145868701,,-0.5375256991,-0.5853062987,,-0.5614159989,102,220,,,4,2026-06-30,true,,revenue_ttm_from_provider|ebitda_ttm_from_provider|fcf_ttm_from_provider_fcf_field|preferred_stock_assumed_zero
NDO.AX,NDO,Nido Education Limited,Consumer Defensive,Education & Training Services,AU,AUD,AUD,0.26,226928885,59001508,42068810.18,,,,,,,0,,,,,,,,,,,,,,,,,,,,,,,,,,0,,false,below_min_market_cap:42068810,
NEC.AX,NEC,Nine Entertainment Co. Holdings Limited,Communication Services,Entertainment,AU,AUD,AUD,0.81,1585762123,1284467328,915841205.3,2198968064,254070000,-90044248,-64202670.5,revenue=provider_ttm|ebitda=provider_ttm|fcf=provider_ttm_fcf_field,-0.04094841097,1,-0.1106691884,-0.06550978009,-0.1784083008,1955610053,-80079124.16,-85061686.08,,,,,,,,,,,,,,,,,,,,4,2026-06-30,false,expected_fcf_not_positive,revenue_ttm_from_provider|ebitda_ttm_from_provider|fcf_ttm_from_provider_fcf_field
NEM.AX,NEM,Newmont Corporation,Basic Materials,Gold,AU,AUD,USD,170.69,1053692271,1.798547374e+11,1.282386682e+11,2.5767e+10,1.6038e+10,9733000000,9733000000,revenue=quarterly_sum|ebitda=quarterly_sum|fcf=quarterly_sum,0.2402381843,4,0.2288365743,0.2391183028,0.2134139814,3.166343201e+10,7606765414,8669882707,8669882707,5598000000,9009000000,1.249986682e+11,1.249986682e+11,1.259285067e+11,calculated,0.06935980064,0.2405236793,0.6979301263,0.6803301802,0.57542207,1.547469858,0.8657991009,0.9962303431,86,27,,,4,2025-12-31,true,,reporting_currency_differs:USD_vs_AUD|preferred_stock_assumed_zero
NES.AX,NES,Nelson Resources Limited,Basic Materials,Gold,AU,AUD,AUD,0.003,2738260995,8214783,5857242.61,,,,,,,0,,,,,,,,,,,,,,,,,,,,,,,,,,0,,false,below_min_market_cap:5857243,
NEU.AX,NEU,Neuren Pharmaceuticals Limited,Healthcare,Biotechnology,AU,AUD,AUD,20.72,126773976,2626756608,1872910183,69527000,13888000,-13546250,-9658644.994,revenue=provider_ttm|ebitda=provider_ttm|fcf=provider_ttm_fcf_field,-0.1948343809,1,0.1074910013,0.6437515229,-0.696899781,77000526.85,-15002349.98,-14274299.99,,,,,,,,,,,,,,,,,,,,4,2025-12-31,false,expected_fcf_not_positive,revenue_ttm_from_provider|ebitda_ttm_from_provider|fcf_ttm_from_provider_fcf_field
NFL.AX,NFL,Norfolk Metals Limited,Basic Materials,Other Precious Metals & Mining,AU,AUD,AUD,0.11,100801141,11088126,7905971.962,,,,,,,0,,,,,,,,,,,,,,,,,,,,,,,,,,0,,false,below_min_market_cap:7905972,
NFM.AX,NFM,New Frontier Minerals Limited,Basic Materials,Other Industrial Metals & Mining,AU,AUD,AUD,0.006,1738296401,10429779,7436562.35,,,,,,,0,,,,,,,,,,,,,,,,,,,,,,,,,,0,,false,below_min_market_cap:7436562,
NGI.AX,NGI,Navigator Global Investments Limited,Financial Services,Asset Management,AU,,USD,,,,,,,,,,,0,,,,,,,,,,,,,,,,,,,,,,,,,,0,,false,excluded_sector:Financial Services,
NGS.AX,NGS,Nutritional Growth Solutions Ltd.,Consumer Defensive,Packaged Foods,AU,AUD,USD,0.022,487313207,10720891,7644128.832,,,,,,,0,,,,,,,,,,,,,,,,,,,,,,,,,,0,,false,below_min_market_cap:7644129,
NGX.AX,NGX,NGX Limited,Basic Materials,Other Industrial Metals & Mining,AU,AUD,AUD,0.08,90611840,7248947,5168589.51,,,,,,,0,,,,,,,,,,,,,,,,,,,,,,,,,,0,,false,below_min_market_cap:5168590,
NGY.AX,NGY,NuEnergy Gas Limited,Energy,Oil & Gas E&P,AU,AUD,AUD,0.03,1999767372,59993020,42775770.59,,,,,,,0,,,,,,,,,,,,,,,,,,,,,,,,,,0,,false,below_min_market_cap:42775771,
NH3.AX,NH3,NH3 Clean Energy Limited,Basic Materials,Other Industrial Metals & Mining,AU,AUD,AUD,0.125,762155222,95269400,67928268.96,,,,,,,0,,,,,,,,,,,,,,,,,,,,,,,,,,0,2025-06-30,false,insufficient_annual_history:0,
NHC.AX,NHC,New Hope Corporation Limited,Energy,Thermal Coal,AU,AUD,AUD,6.47,843773054,5459211264,3892485636,1591378944,445684992,44258752,31557041.5,revenue=provider_ttm|ebitda=provider_ttm|fcf=provider_ttm_fcf_field,0.02781157321,1,-0.07337455481,-0.1167656278,-0.008287945347,1474612222,41011285.78,42635018.89,30399299.57,265845268.5,236613183.8,3921717721,3921717721,3720437943,calculated,0.007751526686,-0.1509943726,-0.1933989878,,-1.32197924,-0.9558663106,,-1.138922775,253,258,,,4,2025-07-31,true,,revenue_ttm_from_provider|ebitda_ttm_from_provider|fcf_ttm_from_provider_fcf_field|preferred_stock_assumed_zero|minority_interest_assumed_zero
NHE.AX,NHE,Noble Helium Limited,Basic Materials,Specialty Chemicals,AU,AUD,AUD,0.027,1247027149,33669736,24006941.19,,,,,,,0,,,,,,,,,,,,,,,,,,,,,,,,,,0,,false,below_min_market_cap:24006941,
NHF.AX,NHF,nib holdings limited,Financial Services,Insurance - Specialty,AU,,AUD,,,,,,,,,,,0,,,,,,,,,,,,,,,,,,,,,,,,,,0,,false,excluded_sector:Financial Services,
NHU.AX,NHU,Neu Horizon Uranium Limited,Energy,Uranium,AU,AUD,AUD,0.066,159966669,10557800,7527842.917,,,,,,,0,,,,,,,,,,,,,,,,,,,,,,,,,,0,,false,below_min_market_cap:7527843,
NIC.AX,NIC,Nickel Industries Limited,Basic Materials,Other Industrial Metals & Mining,AU,AUD,USD,0.785,4341935875,3408420096,2430245987,292889376,113436704,-73174608,-73174608,revenue=provider_ttm|ebitda=provider_ttm|fcf=provider_ttm_fcf_field,-0.249837017,1,0.0420800606,0.1065739807,-0.05466081952,305214178.7,-76253799.94,-74714203.97,,,,,,,,,,,,,,,,,,,,4,2025-12-31,false,expected_fcf_not_positive,reporting_currency_differs:USD_vs_AUD|revenue_ttm_from_provider|ebitda_ttm_from_provider|fcf_ttm_from_provider_fcf_field
NIM.AX,NIM,Nimy Resources Limited,Basic Materials,Other Industrial Metals & Mining,AU,AUD,AUD,0.04,356960124,14278405,10180680.63,,,,,,,0,,,,,,,,,,,,,,,,,,,,,,,,,,0,,false,below_min_market_cap:10180681,
NME.AX,NME,Nex Metals Explorations Limited,Basic Materials,Gold,AU,AUD,AUD,0.015,341783653,5126754,3655439.465,,,,,,,0,,,,,,,,,,,,,,,,,,,,,,,,,,0,,false,below_min_market_cap:3655439,
NMG.AX,NMG,New Murchison Gold Limited,Basic Materials,Other Industrial Metals & Mining,AU,AUD,AUD,0.082,1.088520484e+10,892586816,636425518.7,,,,,,,0,,,,,,,,,,,,,,,,,,,,,,,,,,1,2025-09-30,false,insufficient_annual_history:1,
NMR.AX,NMR,Native Mineral Resources Holdings Limited,Basic Materials,Other Industrial Metals & Mining,AU,AUD,AUD,0.061,1131712817,69034480,49222444.2,,,,,,,0,,,,,,,,,,,,,,,,,,,,,,,,,,0,,false,below_min_market_cap:49222444,
NMT.AX,NMT,Neometals Ltd,Industrials,Waste Management,AU,AUD,AUD,0.032,875897398,28028718,19984825.08,,,,,,,0,,,,,,,,,,,,,,,,,,,,,,,,,,0,,false,below_min_market_cap:19984825,
NNL.AX,NNL,Nordic Resources Limited,Basic Materials,Other Industrial Metals & Mining,AU,AUD,AUD,0.1925,381397969,73419112,52348741.43,,,,,,,0,,,,,,,,,,,,,,,,,,,,,,,,,,0,2024-06-30,false,insufficient_annual_history:0,stale_statements:807d
NOL.AX,NOL,NobleOak Life Limited,Financial Services,Insurance - Life,AU,,AUD,,,,,,,,,,,0,,,,,,,,,,,,,,,,,,,,,,,,,,0,,false,excluded_sector:Financial Services,
NOR.AX,NOR,Norwood Systems Limited,Communication Services,Telecom Services,AU,AUD,AUD,0.014,579907899,8118711,5788742.077,,,,,,,0,,,,,,,,,,,,,,,,,,,,,,,,,,0,,false,below_min_market_cap:5788742,
NOU.AX,NOU,Noumi Limited,Consumer Defensive,Packaged Foods,AU,AUD,AUD,0.12,277109319,33253116,23709885.94,,,,,,,0,,,,,,,,,,,,,,,,,,,,,,,,,,0,,false,below_min_market_cap:23709886,
NOV.AX,NOV,Novatti Group Limited,Technology,Software - Infrastructure,AU,AUD,AUD,0.017,623370189,10597294,7556002.631,,,,,,,0,,,,,,,,,,,,,,,,,,,,,,,,,,0,,false,below_min_market_cap:7556003,
NOX.AX,NOX,Noxopharm Limited,Healthcare,Biotechnology,AU,AUD,AUD,0.075,307237950,23042848,16429837.67,,,,,,,0,,,,,,,,,,,,,,,,,,,,,,,,,,0,,false,below_min_market_cap:16429838,
NPM.AX,NPM,NewPeak Metals Limited,Basic Materials,Gold,AU,AUD,AUD,0.009,609912557,5489213,3913877.248,,,,,,,0,,,,,,,,,,,,,,,,,,,,,,,,,,0,,false,below_min_market_cap:3913877,
NRX.AX,NRX,Noronex Limited,Basic Materials,Copper,AU,AUD,AUD,0.014,740484805,10366788,7391648.982,,,,,,,0,,,,,,,,,,,,,,,,,,,,,,,,,,0,,false,below_min_market_cap:7391649,
NRZ.AX,NRZ,NeuRizer Ltd.,Basic Materials,Agricultural Inputs,AU,AUD,AUD,0.001,3402758410,3402758,2426208.842,,,,,,,0,,,,,,,,,,,,,,,,,,,,,,,,,,0,,false,below_min_market_cap:2426209,
NS1.AX,NS1,Nodestream Ltd,Technology,Software - Application,AU,AUD,AUD,0.006,1985995556,11915973,8496237.185,,,,,,,0,,,,,,,,,,,,,,,,,,,,,,,,,,0,,false,below_min_market_cap:8496237,
NSB.AX,NSB,NeuroScientific Biopharmaceuticals Limited,Healthcare,Biotechnology,AU,AUD,AUD,0.059,389718547,22993396,16394577.77,,,,,,,0,,,,,,,,,,,,,,,,,,,,,,,,,,0,,false,below_min_market_cap:16394578,
NSM.AX,NSM,North Stawell Minerals Limited,Basic Materials,Gold,AU,AUD,AUD,0.022,373871248,8225167,5864646.531,,,,,,,0,,,,,,,,,,,,,,,,,,,,,,,,,,0,,false,below_min_market_cap:5864647,
NST.AX,NST,Northern Star Resources Limited,Basic Materials,Gold,AU,AUD,AUD,22.04,1424805062,3.140270694e+10,2.239052123e+10,7623099904,4147599872,385012512,274518717.1,revenue=provider_ttm|ebitda=provider_ttm|fcf=provider_ttm_fcf_field,0.05050602994,1,0.2112728326,0.2265595446,0.1883427645,9233653814,466355196,425683854,303517890.6,1229732584,725917982.4,3.407572588e+10,3.407572588e+10,2.287361558e+10,calculated,0.008907158476,0.2073546034,0.3633700971,,0.4146758474,0.607843621,,0.5112597342,249,53,,,4,2026-06-30,true,,revenue_ttm_from_provider|ebitda_ttm_from_provider|fcf_ttm_from_provider_fcf_field|preferred_stock_assumed_zero
NTD.AX,NTD,NTAW Holdings Limited,Consumer Cyclical,Auto Parts,AU,AUD,AUD,0.19,167707610,31864446,22719746.93,,,,,,,0,,,,,,,,,,,,,,,,,,,,,,,,,,0,,false,below_min_market_cap:22719747,
NTI.AX,NTI,Neurotech International Limited,Healthcare,Biotechnology,AU,AUD,AUD,0.013,1616069964,21008910,14979614.54,,,,,,,0,,,,,,,,,,,,,,,,,,,,,,,,,,0,,false,below_min_market_cap:14979615,
NTM.AX,NTM,NT Minerals Limited,Basic Materials,Copper,AU,AUD,AUD,0.003,1210902915,3632708,2590166.056,,,,,,,0,,,,,,,,,,,,,,,,,,,,,,,,,,0,,false,below_min_market_cap:2590166,
NTU.AX,NTU,Northern Minerals Limited,Basic Materials,Other Industrial Metals & Mining,AU,AUD,AUD,0.025,9548507513,238712688,170205120.2,,,,,,,0,,,,,,,,,,,,,,,,,,,,,,,,,,2,2025-06-30,false,insufficient_annual_history:2,
NUC.AX,NUC,Nuchev Limited,Consumer Defensive,Packaged Foods,AU,AUD,AUD,0.085,156818766,13329595,9504167.28,,,,,,,0,,,,,,,,,,,,,,,,,,,,,,,,,,0,,false,below_min_market_cap:9504167,
NUF.AX,NUF,Nufarm Limited,Basic Materials,Agricultural Inputs,AU,AUD,AUD,3.22,,,,,,,,,,0,,,,,,,,,,,,,,,,,,,,,,,,,,0,,false,market_cap_unavailable,
NUZ.AX,NUZ,Neurizon Therapeutics Limited,Healthcare,Biotechnology,AU,AUD,AUD,0.075,791652365,59373928,42334350.28,,,,,,,0,,,,,,,,,,,,,,,,,,,,,,,,,,0,,false,below_min_market_cap:42334350,
NVA.AX,NVA,Nova Minerals Corp,Basic Materials,Other Industrial Metals & Mining,AU,AUD,AUD,0.68,458172602,311557376,222144290.1,-1655963,-15076300,-4955292,-3533184.924,revenue=provider_ttm|ebitda=provider_ttm|fcf=provider_ttm_fcf_field,,0,,,,,,,,,,,,,,,,,,,,,,,,,,4,2025-06-30,false,ttm_ebitda_not_positive,revenue_ttm_from_provider|ebitda_ttm_from_provider|fcf_ttm_from_provider_fcf_field
NVO.AX,NVO,Novo Resources Corp.,Basic Materials,Gold,AU,AUD,CAD,0.075,432602519,32445190,23133824.64,,,,,,,0,,,,,,,,,,,,,,,,,,,,,,,,,,0,,false,below_min_market_cap:23133825,
NVQ.AX,NVQ,NoviqTech Limited,Technology,Software - Application,AU,AUD,AUD,0.039,405402690,15810705,11273229.62,,,,,,,0,,,,,,,,,,,,,,,,,,,,,,,,,,0,,false,below_min_market_cap:11273230,
NVU.AX,NVU,Nanoveu Limited,Technology,Software - Application,AU,AUD,AUD,0.0585,1087314827,63607916,45353236.47,,,,,,,0,,,,,,,,,,,,,,,,,,,,,,,,,,0,,false,below_min_market_cap:45353236,
NVX.AX,NVX,NOVONIX Limited,Industrials,Electrical Equipment & Parts,AU,AUD,USD,0.11,997784585,109756304,78257611.97,5617119,-47458856,-65809208,-65809208,revenue=provider_ttm|ebitda=provider_ttm|fcf=provider_ttm_fcf_field,,0,,,,,,,,,,,,,,,,,,,,,,,,,,4,2025-12-31,false,ttm_ebitda_not_positive,reporting_currency_differs:USD_vs_AUD|revenue_ttm_from_provider|ebitda_ttm_from_provider|fcf_ttm_from_provider_fcf_field
NWH.AX,NWH,NRW Holdings Limited,Industrials,Conglomerates,AU,AUD,AUD,7.54,459466948,3464380672,2470146575,4296647168,431188000,211033744,150469688.3,revenue=provider_ttm|ebitda=provider_ttm|fcf=provider_ttm_fcf_field,0.04911591195,1,0.2287269233,0.1719748405,0.3138550474,5279406055,259302843,235168293.5,167677922.7,417465941.5,227927266.1,2659764394,2659764394,2659764537,calculated,0.06304239694,0.159296591,0.1631391813,,0.1817738515,0.04548647849,,0.113630165,96,96,,,4,2026-06-30,true,,revenue_ttm_from_provider|ebitda_ttm_from_provider|fcf_ttm_from_provider_fcf_field|preferred_stock_assumed_zero
NWL.AX,NWL,Netwealth Group Limited,Technology,Software - Application,AU,AUD,AUD,18.77,245506272,4608153088,3285670555,389676000,187180992,100967376,71990996.83,revenue=provider_ttm|ebitda=provider_ttm|fcf=provider_ttm_fcf_field,0.259105965,1,0.2056688945,0.2160683724,0.1900696775,469820232.1,121733224.6,111350300.3,79394151.19,50202494.08,106521209,3344782853,3344782853,3210450547,calculated,0.02373671317,0.1971291462,,,,,,,,,,,4,2026-06-30,false,no_secondary_trend_available,revenue_ttm_from_provider|ebitda_ttm_from_provider|fcf_ttm_from_provider_fcf_field|preferred_stock_assumed_zero
NWM.AX,NWM,Norwest Minerals Limited,Basic Materials,Gold,AU,AUD,AUD,0.008,1187843549,9502749,6775578.412,,,,,,,0,,,,,,,,,,,,,,,,,,,,,,,,,,0,,false,below_min_market_cap:6775578,
NWS.AX,NWS,News Corporation,Communication Services,Entertainment,AU,AUD,USD,47.21,177488312,2.532203315e+10,1.805492507e+10,9028000000,1627000000,811000000,811000000,revenue=quarterly_sum|ebitda=quarterly_sum|fcf=quarterly_sum,0.07869480468,4,0.05161941048,0.0405993172,0.0681495504,9494020038,747130052.5,779065026.2,779065026.2,2915000000,2095000000,1.958492507e+10,1.958492507e+10,1.929917594e+10,calculated,0.03977881066,0.03850165955,0.1331347729,0.2116499123,-0.4036307295,-0.03878219366,-0.04759771096,-0.163336878,156,140,,,4,2026-06-30,true,,market_cap_discrepancy:ratio=3.02|reporting_currency_differs:USD_vs_AUD|preferred_stock_assumed_zero
NX1.AX,NX1,Nexalis Therapeutics Limited,Healthcare,Biotechnology,AU,AUD,AUD,0.01,253037323,2530373,1804187.47,,,,,,,0,,,,,,,,,,,,,,,,,,,,,,,,,,0,,false,below_min_market_cap:1804187,
NXD.AX,NXD,NextEd Group Limited,Consumer Defensive,Education & Training Services,AU,AUD,AUD,0.07,223609723,15652681,11160556.54,,,,,,,0,,,,,,,,,,,,,,,,,,,,,,,,,,0,,false,below_min_market_cap:11160557,
NXG.AX,NXG,NexGen Energy Ltd.,Energy,Uranium,AU,AUD,CAD,13.3,670506101,8917731328,6358453524,0,-209311000,-342691000,-246154245.7,revenue=quarterly_sum|ebitda=quarterly_sum|fcf=quarterly_sum,,0,,,,,,,,,,,,,,,,,,,,,,,,,,4,2025-12-31,false,ttm_ebitda_not_positive,reporting_currency_differs:CAD_vs_AUD
NXL.AX,NXL,Nuix Limited,Technology,Software - Application,AU,AUD,AUD,1.85,343541266,635551360,453156036.7,263212000,76691000,65867000,46963991.5,revenue=provider_ttm|ebitda=provider_ttm|fcf=provider_ttm_fcf_field,0.25024315,1,0.2057521317,0.2035254497,0.2090921547,317368430.1,79419275.66,72643137.83,51795462.18,6967557.729,27117289.76,637421271.9,637421271.9,425938948,calculated,0.08125781875,0.1844832119,0.6329739896,,0.3038349599,1.365037753,,0.8344363567,62,35,,,3,2026-06-30,true,,annual_history_below_preferred:3|revenue_ttm_from_provider|ebitda_ttm_from_provider|fcf_ttm_from_provider_fcf_field|preferred_stock_assumed_zero
NXM.AX,NXM,Nexus Minerals Limited,Basic Materials,Gold,AU,AUD,AUD,0.059,603759613,35621816,25398798.55,,,,,,,0,,,,,,,,,,,,,,,,,,,,,,,,,,0,,false,below_min_market_cap:25398799,
NXN.AX,NXN,Nexsen Limited,Healthcare,Biotechnology,AU,AUD,AUD,0.18,201996200,36359316,25924645.23,,,,,,,0,,,,,,,,,,,,,,,,,,,,,,,,,,0,,false,below_min_market_cap:25924645,
NXT.AX,NXT,NEXTDC Limited,Technology,Information Technology Services,AU,AUD,AUD,11.24,760488511,8547890688,6094752541,496492000,189076000,-1722313856,-1228031234,revenue=provider_ttm|ebitda=provider_ttm|fcf=provider_ttm_fcf_field,-3.468965977,1,0.1312754728,0.1106751944,0.1621758905,561669222.1,-1948411422,-1835362639,,,,,,,,,,,,,,,,,,,,4,2026-06-30,false,expected_fcf_not_positive,revenue_ttm_from_provider|ebitda_ttm_from_provider|fcf_ttm_from_provider_fcf_field
NYM.AX,NYM,Narryer Metals Limited,Basic Materials,Other Industrial Metals & Mining,AU,AUD,AUD,0.045,211254803,9506466,6778228.679,,,,,,,0,,,,,,,,,,,,,,,,,,,,,,,,,,0,,false,below_min_market_cap:6778229,
NYR.AX,NYR,Nyrada Inc.,Healthcare,Biotechnology,AU,AUD,AUD,0.725,247592830,179504816,127989169.9,,,,,,,0,,,,,,,,,,,,,,,,,,,,,,,,,,0,2026-06-30,false,insufficient_annual_history:0,
NZK.AX,NZK,New Zealand King Salmon Investments Limited,Consumer Defensive,Farm Products,AU,AUD,NZD,0.19,538182273,102303632,72943764,176578496,-8527500,,,revenue=provider_ttm|ebitda=provider_ttm,,0,,,,,,,,,,,,,,,,,,,,,,,,,,4,2025-01-31,false,ttm_fcf_unavailable,reporting_currency_differs:NZD_vs_AUD|revenue_ttm_from_provider|ebitda_ttm_from_provider
NZM.AX,NZM,NZME Limited,Communication Services,Entertainment,AU,AUD,NZD,0.84,188181619,158072560,112707704.4,342830016,28809822,40020640,23042746.73,revenue=provider_ttm|ebitda=provider_ttm|fcf=provider_ttm_fcf_field,0.1167361028,1,-0.01344361366,-0.01345415279,-0.01342780495,338221141.7,39482617.98,39751628.99,22887857.84,55268313.02,5069092.904,219251930.4,219251930.4,174067651.2,calculated,0.1043906788,-0.01078222451,-0.1132658111,,-0.6424736275,-0.7308088358,,-0.6866412317,38,231,,,4,2025-12-31,true,,reporting_currency_differs:NZD_vs_AUD|revenue_ttm_from_provider|ebitda_ttm_from_provider|fcf_ttm_from_provider_fcf_field|preferred_stock_assumed_zero
OAK.AX,OAK,Oakridge International Limited,Healthcare,Health Information Services,AU,AUD,AUD,0.064,31997851,2047862,1460151.116,,,,,,,0,,,,,,,,,,,,,,,,,,,,,,,,,,0,,false,below_min_market_cap:1460151,
OB1.AX,OB1,Orbminco Limited,Basic Materials,Other Industrial Metals & Mining,AU,AUD,AUD,0.012,591003402,7092041,5056713.578,,,,,,,0,,,,,,,,,,,,,,,,,,,,,,,,,,0,,false,below_min_market_cap:5056714,
OBL.AX,OBL,Omni Bridgeway Limited,Financial Services,Asset Management,AU,,AUD,,,,,,,,,,,0,,,,,,,,,,,,,,,,,,,,,,,,,,0,,false,excluded_sector:Financial Services,
OBM.AX,OBM,Ora Banda Mining Limited,Basic Materials,Gold,AU,AUD,AUD,1.44,1935777242,2787519488,1987536119,807499008,402731008,111050128,79180124.6,revenue=provider_ttm|ebitda=provider_ttm|fcf=provider_ttm_fcf_field,0.1375235473,1,0.3,0.7363153991,2.769203122,1049748710,144365166.4,127707647.2,91057143.29,22653831.78,190876286.8,2202214187,2202214187,1818122351,calculated,0.04134799595,0.6214153081,1.087324588,,2.421324888,2.64110096,,2.531212924,147,4,,,4,2026-06-30,true,,revenue_ttm_from_provider|ebitda_ttm_from_provider|fcf_ttm_from_provider_fcf_field|growth_clamped_high|preferred_stock_assumed_zero
OBT.AX,OBT,Orbit Resources Limited,Basic Materials,Other Precious Metals & Mining,AU,AUD,AUD,0.017,848582148,14425897,10285844.26,,,,,,,0,,,,,,,,,,,,,,,,,,,,,,,,,,0,,false,below_min_market_cap:10285844,
OCA.AX,OCA,Oceania Healthcare Limited,Healthcare,Medical Care Facilities,AU,AUD,NZD,0.6,724231030,436673152,311353397,268774016,2523000,129579000,74607904.3,revenue=provider_ttm|ebitda=provider_ttm|fcf=provider_ttm_fcf_field,0.4821113362,1,0.02581576235,0.02622477234,0.02520224736,275712622.1,132924180.7,131251590.3,75570934.26,303322796.7,9550323.035,1283346204,1283346204,673602558.6,calculated,0.05888585173,0.02114361293,-0.006135298305,,-0.4877524711,-0.4299281811,,-0.4588403261,103,206,,,4,2026-03-31,true,,reporting_currency_differs:NZD_vs_AUD|revenue_ttm_from_provider|ebitda_ttm_from_provider|fcf_ttm_from_provider_fcf_field|preferred_stock_assumed_zero
OCC.AX,OCC,Orthocell Limited,Healthcare,Biotechnology,AU,AUD,AUD,0.71,272393711,193399520,137896266.9,11407156,-17775432,-9811836,-6995961.293,revenue=provider_ttm|ebitda=provider_ttm|fcf=provider_ttm_fcf_field,,0,,,,,,,,,,,,,,,,,,,,,,,,,,4,2026-06-30,false,ttm_ebitda_not_positive,revenue_ttm_from_provider|ebitda_ttm_from_provider|fcf_ttm_from_provider_fcf_field
OCL.AX,OCL,Objective Corporation Limited,Technology,Software - Application,AU,AUD,AUD,5.98,95613303,571767552,407677387,134711008,46336000,19628124,13995096.92,revenue=provider_ttm|ebitda=provider_ttm|fcf=provider_ttm_fcf_field,0.14570542,1,0.04495719911,0.03890801376,0.05403097715,140767237.6,20510549.48,20069336.74,14309687.1,9588591.52,68434222.6,414643518.7,414643518.7,348409395.9,calculated,0.03451081821,0.03834420414,0.2301502627,,-0.4043938006,0.2336899839,,-0.08535190834,169,122,,,3,2025-06-30,true,,annual_history_below_preferred:3|revenue_ttm_from_provider|ebitda_ttm_from_provider|fcf_ttm_from_provider_fcf_field|preferred_stock_assumed_zero
OCN.AX,OCN,Oceana Metals Limited,Basic Materials,Other Industrial Metals & Mining,AU,AUD,AUD,0.37,235397510,87097080,62101303,,,,,,,0,,,,,,,,,,,,,,,,,,,,,,,,,,0,2025-06-30,false,insufficient_annual_history:0,
OCT.AX,OCT,Octava Minerals Limited,Basic Materials,Other Precious Metals & Mining,AU,AUD,AUD,0.021,119515720,2509830,1789540.055,,,,,,,0,,,,,,,,,,,,,,,,,,,,,,,,,,0,,false,below_min_market_cap:1789540,
OD6.AX,OD6,OD6 Metals Limited,Basic Materials,Other Industrial Metals & Mining,AU,AUD,AUD,0.12,294862352,35383480,25228862.01,,,,,,,0,,,,,,,,,,,,,,,,,,,,,,,,,,0,,false,below_min_market_cap:25228862,
ODA.AX,ODA,Orcoda Limited,Industrials,Integrated Freight & Logistics,AU,AUD,AUD,0.062,187514212,11625881,8289397.975,,,,,,,0,,,,,,,,,,,,,,,,,,,,,,,,,,0,,false,below_min_market_cap:8289398,
ODE.AX,ODE,Odessa Minerals Limited,Basic Materials,Other Precious Metals & Mining,AU,AUD,AUD,0.022,1763818250,38804000,27667735.38,,,,,,,0,,,,,,,,,,,,,,,,,,,,,,,,,,0,,false,below_min_market_cap:27667735,
ODY.AX,ODY,Odyssey Gold Limited,Basic Materials,Gold,AU,AUD,AUD,0.031,1412820913,43797448,31228126,,,,,,,0,,,,,,,,,,,,,,,,,,,,,,,,,,0,,false,below_min_market_cap:31228126,
OEC.AX,OEC,Orbital Corporation Limited,Industrials,Aerospace & Defense,AU,AUD,AUD,0.135,179256746,24199662,17254660.46,,,,,,,0,,,,,,,,,,,,,,,,,,,,,,,,,,0,,false,below_min_market_cap:17254660,
OEL.AX,OEL,Otto Energy Limited,Energy,Oil & Gas E&P,AU,AUD,USD,0.0075,4795009773,35962572,25641761.82,,,,,,,0,,,,,,,,,,,,,,,,,,,,,,,,,,0,,false,below_min_market_cap:25641762,
OEQ.AX,OEQ,Orion Equities Limited,Financial Services,Asset Management,AU,,AUD,,,,,,,,,,,0,,,,,,,,,,,,,,,,,,,,,,,,,,0,,false,excluded_sector:Financial Services,
OFX.AX,OFX,OFX Group Limited,Financial Services,Capital Markets,AU,,AUD,,,,,,,,,,,0,,,,,,,,,,,,,,,,,,,,,,,,,,0,,false,excluded_sector:Financial Services,
OIL.AX,OIL,Optiscan Imaging Limited,Technology,Scientific & Technical Instruments,AU,AUD,AUD,0.145,1045016399,151527376,108040906.6,3613430,-7301227,-5337347,-3805594.898,revenue=provider_ttm|ebitda=provider_ttm|fcf=provider_ttm_fcf_field,,0,,,,,,,,,,,,,,,,,,,,,,,,,,4,2026-06-30,false,ttm_ebitda_not_positive,revenue_ttm_from_provider|ebitda_ttm_from_provider|fcf_ttm_from_provider_fcf_field
OKJ.AX,OKJ,Oakajee Corporation Limited,Basic Materials,Other Industrial Metals & Mining,AU,AUD,AUD,0.04,91446030,3657841,2608086.198,,,,,,,0,,,,,,,,,,,,,,,,,,,,,,,,,,0,,false,below_min_market_cap:2608086,
OLI.AX,OLI,Oliver's Real Food Limited,Consumer Cyclical,Restaurants,AU,AUD,AUD,0.006,540731917,3244391,2313291.198,,,,,,,0,,,,,,,,,,,,,,,,,,,,,,,,,,0,,false,below_min_market_cap:2313291,
OLL.AX,OLL,OpenLearning Limited,Technology,Software - Application,AU,AUD,AUD,0.013,782139799,10167817,7249780.18,,,,,,,0,,,,,,,,,,,,,,,,,,,,,,,,,,0,,false,below_min_market_cap:7249780,
OLY.AX,OLY,Olympio Metals Limited,Basic Materials,Other Industrial Metals & Mining,AU,AUD,AUD,0.037,236098860,8735658,6228632.973,,,,,,,0,,,,,,,,,,,,,,,,,,,,,,,,,,0,,false,below_min_market_cap:6228633,
OM1.AX,OM1,Omnia Metals Group Ltd,Basic Materials,Other Industrial Metals & Mining,AU,AUD,AUD,0.014,406895879,5696542,4061705.407,,,,,,,0,,,,,,,,,,,,,,,,,,,,,,,,,,0,,false,below_min_market_cap:4061705,
OMA.AX,OMA,Omega Oil & Gas Limited,Energy,Oil & Gas E&P,AU,AUD,AUD,0.815,540742257,440704960,314228126.3,,,,,,,0,,,,,,,,,,,,,,,,,,,,,,,,,,1,2025-06-30,false,insufficient_annual_history:1,
OMG.AX,OMG,OMG Group Limited,Consumer Defensive,Packaged Foods,AU,AUD,AUD,0.007,946294897,6624064,4723040.147,,,,,,,0,,,,,,,,,,,,,,,,,,,,,,,,,,0,,false,below_min_market_cap:4723040,
OMH.AX,OMH,OM Holdings Limited,Basic Materials,Other Industrial Metals & Mining,AU,AUD,USD,0.215,766257000,164745264,117465425.4,592262016,37442000,-112235504,-112235504,revenue=provider_ttm|ebitda=provider_ttm|fcf=provider_ttm_fcf_field,-0.1895031269,1,-0.06758292085,-0.09432884886,-0.02746402883,552235219.1,-104650300.8,-108442902.4,,,,,,,,,,,,,,,,,,,,4,2025-12-31,false,expected_fcf_not_positive,reporting_currency_differs:USD_vs_AUD|revenue_ttm_from_provider|ebitda_ttm_from_provider|fcf_ttm_from_provider_fcf_field
OML.AX,OML,oOh!media Limited,Communication Services,Advertising Agencies,AU,AUD,AUD,1.65,528211762,871549440,621425607.5,696052992,155571008,185342128,132151246.1,revenue=provider_ttm|ebitda=provider_ttm|fcf=provider_ttm_fcf_field,0.2662758872,1,0.06670114446,0.05271213456,0.08768465931,742480523.2,197704660.1,191523394,136558565.7,760976091.9,13017468.43,1368738955,1368738955,1425306745,calculated,0.09976962025,0.04667188037,-0.006272019792,,-0.3640356518,-0.4303121693,,-0.3971739105,41,189,51.37730285,0.03,4,2025-12-31,true,,revenue_ttm_from_provider|ebitda_ttm_from_provider|fcf_ttm_from_provider_fcf_field|preferred_stock_assumed_zero
OMX.AX,OMX,Orange Minerals NL,Basic Materials,Other Precious Metals & Mining,AU,AUD,AUD,0.072,216721175,15603923,11125791.48,,,,,,,0,,,,,,,,,,,,,,,,,,,,,,,,,,0,,false,below_min_market_cap:11125791,
ONE.AX,ONE,Oneview Healthcare PLC,Healthcare,Health Information Services,AU,AUD,EUR,0.165,880038289,145206320,103533915,11144000,-10330000,-3135625,-3618724.825,revenue=provider_ttm|ebitda=provider_ttm|fcf=provider_ttm_fcf_field,,0,,,,,,,,,,,,,,,,,,,,,,,,,,4,2025-12-31,false,ttm_ebitda_not_positive,reporting_currency_differs:EUR_vs_AUD|revenue_ttm_from_provider|ebitda_ttm_from_provider|fcf_ttm_from_provider_fcf_field
OR3.AX,OR3,Ore Resources Limited,Basic Materials,Other Industrial Metals & Mining,AU,AUD,AUD,0.075,829728955,62229676,44370534.18,,,,,,,0,,,,,,,,,,,,,,,,,,,,,,,,,,0,,false,below_min_market_cap:44370534,
ORA.AX,ORA,Orora Limited,Consumer Cyclical,Packaging & Containers,AU,AUD,AUD,1.43,1225342799,1752240256,1249369130,2225900032,389000000,-11612500,-8279857.156,revenue=provider_ttm|ebitda=provider_ttm|fcf=provider_ttm_fcf_field,-0.005216990805,1,-0.09194631606,-0.1965252048,0.06492201703,2021236724,-10544773.4,-11078636.7,,,,,,,,,,,,,,,,,,,,4,2026-06-30,false,expected_fcf_not_positive,revenue_ttm_from_provider|ebitda_ttm_from_provider|fcf_ttm_from_provider_fcf_field
ORD.AX,ORD,Ordell Minerals Limited,Basic Materials,Gold,AU,AUD,AUD,0.505,75634383,38195364,27233770.33,,,,,,,0,,,,,,,,,,,,,,,,,,,,,,,,,,0,,false,below_min_market_cap:27233770,
ORE.AX,ORE,Orezone Gold Corporation,Basic Materials,Gold,AU,AUD,USD,2.78,668102990,1857326208,1324296723,656968000,301319000,210870000,210870000,revenue=quarterly_sum|ebitda=quarterly_sum|fcf=quarterly_sum,0.08405891023,4,0.3,1.054483799,0.3284000607,854058400,71791218.38,141330609.2,141330609.2,99750000,96674000,1337545723,1337545723,1334900690,calculated,0.105664133,0.4149906211,0.4996444999,0.4907321002,1.420935584,0.9905761447,0.4962971319,0.9692696202,36,28,55.03931299,0.03,4,2025-12-31,true,,reporting_currency_differs:USD_vs_AUD|growth_clamped_high|preferred_stock_assumed_zero
ORG.AX,ORG,Origin Energy Limited,Utilities,Utilities - Diversified,AU,AUD,AUD,11.71,1722747671,2.017337549e+10,1.438386802e+10,1.561200026e+10,1715000064,818625024,583689839.6,revenue=provider_ttm|ebitda=provider_ttm|fcf=provider_ttm_fcf_field,0.05243562712,1,-0.05128742897,-0.01966139046,-0.09872648674,1.48113009e+10,776639851.2,797632437.6,568721864,3555080110,218894824.3,1.771934029e+10,1.771934029e+10,1.729315525e+10,calculated,0.03209610824,-0.01047197867,0.01329431438,,-0.6409700931,-0.3753592779,,-0.5081646855,176,216,,,4,2026-06-30,true,,revenue_ttm_from_provider|ebitda_ttm_from_provider|fcf_ttm_from_provider_fcf_field|preferred_stock_assumed_zero
ORI.AX,ORI,Orica Limited,Basic Materials,Specialty Chemicals,AU,AUD,AUD,21.86,,,,,,,,,,0,,,,,,,,,,,,,,,,,,,,,,,,,,0,,false,market_cap_unavailable,
ORN.AX,ORN,Orion Minerals Limited,Basic Materials,Other Industrial Metals & Mining,AU,AUD,AUD,0.024,8954380361,214905136,153230039,,,,,,,0,,,,,,,,,,,,,,,,,,,,,,,,,,0,2024-06-30,false,insufficient_annual_history:0,stale_statements:807d
ORP.AX,ORP,Orpheus Uranium Limited,Basic Materials,Other Industrial Metals & Mining,AU,AUD,AUD,0.13,399343628,51914668,37015804.98,,,,,,,0,,,,,,,,,,,,,,,,,,,,,,,,,,0,,false,below_min_market_cap:37015805,
OSL.AX,OSL,OncoSil Medical Limited,Healthcare,Medical Devices,AU,AUD,AUD,1.015,36703641,37254196,26562705.82,,,,,,,0,,,,,,,,,,,,,,,,,,,,,,,,,,0,,false,below_min_market_cap:26562706,
OSM.AX,OSM,Osmond Resources Limited,Basic Materials,Other Precious Metals & Mining,AU,AUD,AUD,0.63,139419916,87834552,62627129.72,,,,,,,0,,,,,,,,,,,,,,,,,,,,,,,,,,2,2025-06-30,false,insufficient_annual_history:2,
OSX.AX,OSX,Osteopore Limited,Healthcare,Medical Instruments & Supplies,AU,AUD,AUD,0.004,693592914,2774371,1978161.083,,,,,,,0,,,,,,,,,,,,,,,,,,,,,,,,,,0,,false,below_min_market_cap:1978161,
OVT.AX,OVT,Ovanti Limited,Technology,Software - Infrastructure,AU,AUD,AUD,0.0015,1181674065,1772511,1263822.423,,,,,,,0,,,,,,,,,,,,,,,,,,,,,,,,,,0,,false,below_min_market_cap:1263822,
OZM.AX,OZM,OzAurum Resources Limited,Basic Materials,Gold,AU,AUD,AUD,0.083,290201873,24086756,17174157.07,,,,,,,0,,,,,,,,,,,,,,,,,,,,,,,,,,0,,false,below_min_market_cap:17174157,
OZZ.AX,OZZ,Ozz Resources Limited,Basic Materials,Gold,AU,AUD,AUD,0.03,274387575,8231627,5869252.592,,,,,,,0,,,,,,,,,,,,,,,,,,,,,,,,,,0,,false,below_min_market_cap:5869253,
P1E.AX,P1E,Pure One Corporation Limited,Energy,Oil & Gas E&P,AU,AUD,AUD,0.044,406535331,17887554,12754048.83,,,,,,,0,,,,,,,,,,,,,,,,,,,,,,,,,,0,,false,below_min_market_cap:12754049,
PAB.AX,PAB,Patrys Limited,,"Pharmaceuticals, Biotechnology & Life Sciences",AU,AUD,AUD,0.035,340728636,12266231,8745975.502,,,,,,,0,,,,,,,,,,,,,,,,,,,,,,,,,,0,,false,below_min_market_cap:8745976,
PAC.AX,PAC,Pacific Current Group Limited,Financial Services,Asset Management,AU,,AUD,,,,,,,,,,,0,,,,,,,,,,,,,,,,,,,,,,,,,,0,,false,excluded_sector:Financial Services,
PAF.AX,PAF,Pan African Resources PLC,Basic Materials,Gold,AU,AUD,USD,2.25,,,,,,,,,,0,,,,,,,,,,,,,,,,,,,,,,,,,,0,,false,market_cap_unavailable,
PAR.AX,PAR,Paradigm Biopharmaceuticals Limited,Healthcare,Biotechnology,AU,AUD,AUD,0.25,625725121,156431280,111537451.3,80150,-61041308,-28629080,-20412890.67,revenue=latest_fiscal_year|ebitda=provider_ttm|fcf=provider_ttm_fcf_field,,0,,,,,,,,,,,,,,,,,,,,,,,,,,4,2026-06-30,false,ttm_ebitda_not_positive,revenue_ttm_from_latest_fy|ebitda_ttm_from_provider|fcf_ttm_from_provider_fcf_field
PAT.AX,PAT,Patriot Resources Limited,Basic Materials,Other Industrial Metals & Mining,AU,AUD,AUD,0.051,345161594,17603242,12551330.83,,,,,,,0,,,,,,,,,,,,,,,,,,,,,,,,,,0,,false,below_min_market_cap:12551331,
PBH.AX,PBH,PointsBet Holdings Limited,Consumer Cyclical,Gambling,AU,AUD,AUD,0.9,347587000,312828288,223050466.2,248794608,-35055992,,,revenue=provider_ttm|ebitda=provider_ttm,,0,,,,,,,,,,,,,,,,,,,,,,,,,,3,2024-06-30,false,ttm_fcf_unavailable,stale_statements:807d|annual_history_below_preferred:3|revenue_ttm_from_provider|ebitda_ttm_from_provider
PBL.AX,PBL,Parabellum Resources Limited,Basic Materials,Other Industrial Metals & Mining,AU,AUD,AUD,0.057,62300001,3551100,2531978.536,,,,,,,0,,,,,,,,,,,,,,,,,,,,,,,,,,0,,false,below_min_market_cap:2531979,
PC2.AX,PC2,PC Gold Limited,Basic Materials,Gold,AU,AUD,AUD,1.01,384978791,388828576,277239618.3,,,,,,,0,,,,,,,,,,,,,,,,,,,,,,,,,,0,,false,insufficient_annual_history:0,provider_returned_no_statements|statement_date_unknown
PCG.AX,PCG,Pengana Capital Group Limited,Financial Services,Asset Management,AU,,AUD,,,,,,,,,,,0,,,,,,,,,,,,,,,,,,,,,,,,,,0,,false,excluded_sector:Financial Services,
PCK.AX,PCK,PainChek Limited,Healthcare,Health Information Services,AU,AUD,AUD,0.115,209007312,24035842,17137854.76,,,,,,,0,,,,,,,,,,,,,,,,,,,,,,,,,,0,,false,below_min_market_cap:17137855,
PCL.AX,PCL,Pancontinental Energy NL,Energy,Oil & Gas E&P,AU,AUD,AUD,0.007,8286080255,58002560,41356547.81,,,,,,,0,,,,,,,,,,,,,,,,,,,,,,,,,,0,,false,below_min_market_cap:41356548,
PDI.AX,PDI,PDI Gold Limited,Basic Materials,Gold,AU,AUD,AUD,4.61,988171947,4555472896,3248108922,,,,,,,0,,,,,,,,,,,,,,,,,,,,,,,,,,0,2024-06-30,false,insufficient_annual_history:0,stale_statements:807d
PDN.AX,PDN,Paladin Energy Ltd,Energy,Uranium,AU,AUD,USD,9.52,449358421,4277892352,3050190536,304320000,77181000,4091875,4091875,revenue=provider_ttm|ebitda=provider_ttm|fcf=provider_ttm_fcf_field,0.01344596149,1,0.3,7.046672366,0.7127805669,395616000,5319437.5,4705656.25,4705656.25,155008000,151947000,2932987536,2932987536,2903387637,calculated,0.001604390128,0.9234306425,0.2181835632,,3,0.2000809935,,1.600040497,270,13,,,3,2026-06-30,true,,reporting_currency_differs:USD_vs_AUD|annual_history_below_preferred:3|revenue_ttm_from_provider|ebitda_ttm_from_provider|fcf_ttm_from_provider_fcf_field|growth_clamped_high|preferred_stock_assumed_zero
PEB.AX,PEB,Pacific Edge Limited,Healthcare,Diagnostics & Research,AU,AUD,NZD,0.21,1241852687,260789056,185945845.5,13012000,-35480000,-19161250,-11032503,revenue=provider_ttm|ebitda=provider_ttm|fcf=provider_ttm_fcf_field,,0,,,,,,,,,,,,,,,,,,,,,,,,,,4,2026-03-31,false,ttm_ebitda_not_positive,reporting_currency_differs:NZD_vs_AUD|revenue_ttm_from_provider|ebitda_ttm_from_provider|fcf_ttm_from_provider_fcf_field
PEC.AX,PEC,Perpetual Resources Limited,Basic Materials,Other Industrial Metals & Mining,AU,AUD,AUD,0.012,1083934159,13007211,9274303.472,,,,,,,0,,,,,,,,,,,,,,,,,,,,,,,,,,0,,false,below_min_market_cap:9274303,
PEN.AX,PEN,Peninsula Energy Limited,Energy,Uranium,AU,AUD,USD,0.265,571527409,151454752,107989124.8,,-4529000,-55131124,-55131124,ebitda=latest_fiscal_year|fcf=provider_ttm_fcf_field,,0,,,,,,,,,,,,,,,,,,,,,,,,,,3,2025-06-30,false,ttm_revenue_unavailable,reporting_currency_differs:USD_vs_AUD|annual_history_below_preferred:3|ebitda_ttm_from_latest_fy|fcf_ttm_from_provider_fcf_field
PER.AX,PER,Percheron Therapeutics Limited,Healthcare,Drug Manufacturers - Specialty & Generic,AU,AUD,AUD,0.0045,1822415536,8200869,5847321.754,,,,,,,0,,,,,,,,,,,,,,,,,,,,,,,,,,0,,false,below_min_market_cap:5847322,
PET.AX,PET,Phoslock Environmental Technologies Limited,Industrials,Pollution & Treatment Controls,AU,AUD,AUD,0.007,624390509,4370734,3116387.788,,,,,,,0,,,,,,,,,,,,,,,,,,,,,,,,,,0,,false,below_min_market_cap:3116388,
PFE.AX,PFE,Pantera Minerals Limited,Basic Materials,Other Industrial Metals & Mining,AU,AUD,AUD,0.014,492778054,6898893,4918996.648,,,,,,,0,,,,,,,,,,,,,,,,,,,,,,,,,,0,,false,below_min_market_cap:4918997,
PFG.AX,PFG,Prime Financial Group Limited,Financial Services,Asset Management,AU,,AUD,,,,,,,,,,,0,,,,,,,,,,,,,,,,,,,,,,,,,,0,,false,excluded_sector:Financial Services,
PFM.AX,PFM,Platformo Ltd,Technology,Software - Application,AU,AUD,AUD,0.015,94908301,1423624,1015061.646,,,,,,,0,,,,,,,,,,,,,,,,,,,,,,,,,,0,,false,below_min_market_cap:1015062,
PFP.AX,PFP,Propel Funeral Partners Limited,Consumer Cyclical,Personal Services,AU,AUD,AUD,2.8,137973594,386326080,275455307.5,226620992,49240000,4516000,3219964.255,revenue=provider_ttm|ebitda=provider_ttm|fcf=provider_ttm_fcf_field,0.01992754493,1,0.06306383228,0.1030103426,0.003144066741,240912580.2,4800796.267,4658398.133,3321495.898,132852759,8935472.11,640019289.7,640019289.7,399372583,calculated,0.005189680923,0.09088121772,0.06196728336,,-0.1497853658,-0.2386591502,,-0.194222258,261,149,,,4,2026-06-30,true,,revenue_ttm_from_provider|ebitda_ttm_from_provider|fcf_ttm_from_provider_fcf_field|preferred_stock_assumed_zero
PFT.AX,PFT,Pure Foods Tasmania Limited,Consumer Defensive,Packaged Foods,AU,AUD,AUD,0.023,342544604,7878526,5617487.18,,,,,,,0,,,,,,,,,,,,,,,,,,,,,,,,,,0,,false,below_min_market_cap:5617487,
PGC.AX,PGC,Paragon Care Limited,Healthcare,Medical Distribution,AU,AUD,AUD,0.13,1655305389,215189680,153432922.4,3680544000,36257000,14855875,10592423.93,revenue=provider_ttm|ebitda=provider_ttm|fcf=provider_ttm_fcf_field,0.00403632588,1,0.3,2.461154947,8.654081201,4784707200,19312637.5,17084256.25,12181287.52,309745445.5,14220320.44,656885314.1,656885314.1,413901381.1,calculated,0.01854400953,1.158146091,0.2880454229,,3,0.3962910322,,1.698145516,220,10,,,3,2024-06-30,true,,stale_statements:807d|annual_history_below_preferred:3|revenue_ttm_from_provider|ebitda_ttm_from_provider|fcf_ttm_from_provider_fcf_field|growth_clamped_high|preferred_stock_assumed_zero
PGD.AX,PGD,Peregrine Gold Limited,Basic Materials,Gold,AU,AUD,AUD,0.165,98808615,16303422,11624542.98,,,,,,,0,,,,,,,,,,,,,,,,,,,,,,,,,,0,,false,below_min_market_cap:11624543,
PGL.AX,PGL,Pilbara Gold Limited,Basic Materials,Gold,AU,AUD,AUD,0.475,234016028,111157616,79256764.89,,,,,,,0,,,,,,,,,,,,,,,,,,,,,,,,,,0,2025-06-30,false,insufficient_annual_history:0,
PGM.AX,PGM,Platina Resources Limited,Basic Materials,Other Precious Metals & Mining,AU,AUD,AUD,0.025,690555638,17263892,12309370.05,,,,,,,0,,,,,,,,,,,,,,,,,,,,,,,,,,0,,false,below_min_market_cap:12309370,
PGY.AX,PGY,Pilot Energy Limited,Energy,Oil & Gas E&P,AU,AUD,AUD,0.054,125059113,6753192,4815110.02,,,,,,,0,,,,,,,,,,,,,,,,,,,,,,,,,,0,,false,below_min_market_cap:4815110,
PHO.AX,PHO,PhosCo Ltd,Basic Materials,Other Industrial Metals & Mining,AU,AUD,AUD,0.155,540796676,83823488,59767191.12,,,,,,,0,,,,,,,,,,,,,,,,,,,,,,,,,,0,2025-06-30,false,insufficient_annual_history:0,
PHX.AX,PHX,Pharmx Technologies Limited,Healthcare,Health Information Services,AU,AUD,AUD,0.085,666118655,56620088,40370828.05,,,,,,,0,,,,,,,,,,,,,,,,,,,,,,,,,,0,,false,below_min_market_cap:40370828,
PIL.AX,PIL,PEPPERMINT INNOVATION LIMITED,,Software & Services,AU,,AUD,,,,,,,,,,,0,,,,,,,,,,,,,,,,,,,,,,,,,,0,,false,quote_type:NONE,
PIM.AX,PIM,Pinnacle Minerals Limited,Basic Materials,Other Industrial Metals & Mining,AU,AUD,AUD,0.04,115463413,4618536,3293073.701,,,,,,,0,,,,,,,,,,,,,,,,,,,,,,,,,,0,,false,below_min_market_cap:3293074,
PIQ.AX,PIQ,Proteomics International Laboratories Ltd,Healthcare,Biotechnology,AU,AUD,AUD,0.135,165373116,22325372,15918268.34,,,,,,,0,,,,,,,,,,,,,,,,,,,,,,,,,,0,,false,below_min_market_cap:15918268,
PKD.AX,PKD,PARKD Limited,Industrials,Engineering & Construction,AU,AUD,AUD,0.031,149350686,4629871,3301155.697,,,,,,,0,,,,,,,,,,,,,,,,,,,,,,,,,,0,,false,below_min_market_cap:3301156,
PKO.AX,PKO,Peako Limited,Basic Materials,Other Precious Metals & Mining,AU,AUD,AUD,0.011,2782330055,30605632,21822196.87,,,,,,,0,,,,,,,,,,,,,,,,,,,,,,,,,,0,,false,below_min_market_cap:21822197,
PKP.AX,PKP,Peak Processing Limited,Healthcare,Drug Manufacturers - Specialty & Generic,AU,AUD,AUD,0.0155,1339192925,20757490,14800348.94,,,,,,,0,,,,,,,,,,,,,,,,,,,,,,,,,,0,,false,below_min_market_cap:14800349,
PKY.AX,PKY,Pathkey.AI Ltd,Healthcare,Health Information Services,AU,AUD,AUD,0.032,1351572955,43250336,30838028.33,,,,,,,0,,,,,,,,,,,,,,,,,,,,,,,,,,0,,false,below_min_market_cap:30838028,
PL3.AX,PL3,Patagonia Lithium Limited,Basic Materials,Other Industrial Metals & Mining,AU,AUD,AUD,0.14,327732207,45882508,32714799.76,,,,,,,0,,,,,,,,,,,,,,,,,,,,,,,,,,0,,false,below_min_market_cap:32714800,
PL9.AX,PL9,Prairie Lithium Limited,Basic Materials,Other Industrial Metals & Mining,AU,AUD,AUD,0.006,5780314446,34681888,24728618.17,,,,,,,0,,,,,,,,,,,,,,,,,,,,,,,,,,0,,false,below_min_market_cap:24728618,
PLA.AX,PLA,Pacific Lime and Cement Limited,Basic Materials,Other Industrial Metals & Mining,AU,AUD,AUD,0.365,860943662,314244448,224060205.9,,,,,,,0,,,,,,,,,,,,,,,,,,,,,,,,,,0,2025-06-30,false,insufficient_annual_history:0,
PLC.AX,PLC,PLC Resources Limited,Basic Materials,Other Industrial Metals & Mining,AU,AUD,AUD,0.007,1173491614,8214441,5856998.759,,,,,,,0,,,,,,,,,,,,,,,,,,,,,,,,,,0,,false,below_min_market_cap:5856999,
PLG.AX,PLG,Pearl Gull Iron Limited,Basic Materials,Steel,AU,AUD,AUD,0.031,204541790,6340795,4521065.822,,,,,,,0,,,,,,,,,,,,,,,,,,,,,,,,,,0,,false,below_min_market_cap:4521066,
PLS.AX,PLS,PLS Group Limited,Basic Materials,Other Industrial Metals & Mining,AU,AUD,AUD,4.26,3225946768,1.374253466e+10,9798598399,1934018048,1060846976,800153600,570519484.2,revenue=provider_ttm|ebitda=provider_ttm|fcf=provider_ttm_fcf_field,0.4137260254,1,0.1173956908,-0.290746486,0.7296089561,2161063433,894088184.6,847120892.3,604007748.7,878580366.5,1632782127,9047105373,9047105373,9043588801,calculated,0.06676254159,-0.4324093419,-0.5666338484,,-2.68579153,-2.004112476,,-2.344952003,90,273,,,4,2026-06-30,true,,revenue_ttm_from_provider|ebitda_ttm_from_provider|fcf_ttm_from_provider_fcf_field|preferred_stock_assumed_zero
PLT.AX,PLT,Plenti Group Limited,Financial Services,Credit Services,AU,,AUD,,,,,,,,,,,0,,,,,,,,,,,,,,,,,,,,,,,,,,0,,false,excluded_sector:Financial Services,
PLY.AX,PLY,PlaySide Studios Limited,Communication Services,Electronic Gaming & Multimedia,AU,AUD,AUD,0.115,453834612,52190984,37212821.73,,,,,,,0,,,,,,,,,,,,,,,,,,,,,,,,,,0,,false,below_min_market_cap:37212822,
PM1.AX,PM1,Palisade Metals Ltd,Basic Materials,Gold,AU,AUD,AUD,0.052,289936261,15076686,10749864.93,,,,,,,0,,,,,,,,,,,,,,,,,,,,,,,,,,0,,false,below_min_market_cap:10749865,
PME.AX,PME,Pro Medicus Limited,Healthcare,Health Information Services,AU,AUD,AUD,165.45,104469963,1.72845568e+10,1.232410431e+10,261688000,196487008,98867504,70493761.93,revenue=provider_ttm|ebitda=provider_ttm|fcf=provider_ttm_fcf_field,0.3778067928,1,0.259437329,0.2798674254,0.2287921843,329579635.7,124517425.2,111692464.6,79638118.59,1590730.791,154100530.3,1.249310252e+10,1.249310252e+10,1.214581807e+10,calculated,0.006374566961,0.2429028692,0.2624414276,,0.5869522614,0.3243811099,,0.4556666856,258,57,,,4,2026-06-30,true,,revenue_ttm_from_provider|ebitda_ttm_from_provider|fcf_ttm_from_provider_fcf_field|preferred_stock_assumed_zero
PMM.AX,PMM,Pioneer Minerals Limited,Basic Materials,Other Industrial Metals & Mining,AU,AUD,AUD,0.16,74896027,11983364,8544287.807,,,,,,,0,,,,,,,,,,,,,,,,,,,,,,,,,,0,,false,below_min_market_cap:8544288,
PMT.AX,PMT,PMET Resources Inc.,Basic Materials,Other Industrial Metals & Mining,AU,AUD,CAD,0.43,1859428010,799554048,570091996.2,0,-8029000,-3113000,-2236061.544,revenue=quarterly_sum|ebitda=quarterly_sum|fcf=quarterly_sum,,0,,,,,,,,,,,,,,,,,,,,,,,,,,4,2026-03-31,false,ttm_ebitda_not_positive,reporting_currency_differs:CAD_vs_AUD
PMV.AX,PMV,Premier Investments Limited,Consumer Cyclical,Apparel Retail,AU,AUD,AUD,11.15,159569451,1779199360,1268591307,826788992,198250000,9073375,6469429.401,revenue=provider_ttm|ebitda=provider_ttm|fcf=provider_ttm_fcf_field,0.01097423295,1,0.008135044279,0.0325657869,-0.02851106965,833514957.1,9147187.307,9110281.154,6495743.948,390211753.3,291965053.9,2647067559,2647067559,1177835978,calculated,0.002453939616,0.03138380798,-0.0305793903,,-0.438125744,-0.4985804652,,-0.4683531046,269,208,,,3,2024-07-31,true,,stale_statements:776d|annual_history_below_preferred:3|revenue_ttm_from_provider|ebitda_ttm_from_provider|fcf_ttm_from_provider_fcf_field|preferred_stock_assumed_zero
PNC.AX,PNC,Pioneer Credit Limited,Financial Services,Credit Services,AU,,AUD,,,,,,,,,,,0,,,,,,,,,,,,,,,,,,,,,,,,,,0,,false,excluded_sector:Financial Services,
PNI.AX,PNI,Pinnacle Investment Management Group Limited,Financial Services,Asset Management,AU,,AUD,,,,,,,,,,,0,,,,,,,,,,,,,,,,,,,,,,,,,,0,,false,excluded_sector:Financial Services,
PNN.AX,PNN,Power Minerals Limited,Basic Materials,Other Industrial Metals & Mining,AU,AUD,AUD,0.145,437714045,63468536,45253856.79,,,,,,,0,,,,,,,,,,,,,,,,,,,,,,,,,,0,,false,below_min_market_cap:45253857,
PNR.AX,PNR,Pantoro Gold Limited,Basic Materials,Gold,AU,AUD,AUD,2.58,389727051,1005495744,716930990.8,442470848,231827664,42214168,30099227.64,revenue=provider_ttm|ebitda=provider_ttm|fcf=provider_ttm_fcf_field,0.09540553506,1,0.3,0.6938507967,0.5573353325,575212102.4,54878418.4,48546293.2,34614111.79,55867882.15,108125464.9,1027813083,1027813083,649015607.4,calculated,0.0336774384,0.5177825211,0.7673170651,,1.919092654,1.742346061,,1.830719358,171,9,,,4,2025-06-30,true,,revenue_ttm_from_provider|ebitda_ttm_from_provider|fcf_ttm_from_provider_fcf_field|growth_clamped_high|preferred_stock_assumed_zero
PNT.AX,PNT,Panther Metals Ltd,Basic Materials,Other Precious Metals & Mining,AU,AUD,AUD,0.006,408372731,2450236,1747048.79,,,,,,,0,,,,,,,,,,,,,,,,,,,,,,,,,,0,,false,below_min_market_cap:1747049,
PNV.AX,PNV,PolyNovo Limited,Healthcare,Medical Devices,AU,AUD,AUD,0.96,690842000,663208320,472875793.7,149848992,15463000,-1822000,-1299108.696,revenue=provider_ttm|ebitda=provider_ttm|fcf=provider_ttm_fcf_field,-0.01215890728,1,0.2324244131,0.3011191133,0.1293823629,184677556,-2245477.281,-2033738.64,,,,,,,,,,,,,,,,,,,,4,2026-06-30,false,expected_fcf_not_positive,revenue_ttm_from_provider|ebitda_ttm_from_provider|fcf_ttm_from_provider_fcf_field
POD.AX,POD,Podium Minerals Limited,Basic Materials,Other Industrial Metals & Mining,AU,AUD,AUD,0.033,1000767985,33025344,23547481.67,,,,,,,0,,,,,,,,,,,,,,,,,,,,,,,,,,0,,false,below_min_market_cap:23547482,
POL.AX,POL,Polymetals Resources Ltd,Basic Materials,Gold,AU,AUD,AUD,0.845,308113677,260356048,185637105.5,,,,,,,0,,,,,,,,,,,,,,,,,,,,,,,,,,2,2026-06-30,false,insufficient_annual_history:2,
POW.AX,POW,Powerhaus Uranium Limited,Energy,Uranium,AU,AUD,AUD,0.225,227486000,146387920,104376410.5,,,,,,,0,,,,,,,,,,,,,,,,,,,,,,,,,,0,,false,insufficient_annual_history:0,market_cap_discrepancy:ratio=2.86|provider_returned_no_statements|statement_date_unknown
PPC.AX,PPC,Peet Limited,Real Estate,Real Estate - Development,AU,AUD,AUD,1.68,468158956,786507008,560789294.1,419128000,114759000,-7276625,-5188324.269,revenue=provider_ttm|ebitda=provider_ttm|fcf=provider_ttm_fcf_field,-0.01736134307,1,0.07343745687,0.1647079139,-0.06346822867,449907694.4,-7811001.835,-7543813.417,,,,,,,,,,,,,,,,,,,,3,2025-06-30,false,expected_fcf_not_positive,annual_history_below_preferred:3|revenue_ttm_from_provider|ebitda_ttm_from_provider|fcf_ttm_from_provider_fcf_field
PPE.AX,PPE,Peoplein Limited,Industrials,Staffing & Employment Services,AU,AUD,AUD,0.595,100874789,60020504,42795367.02,,,,,,,0,,,,,,,,,,,,,,,,,,,,,,,,,,0,,false,below_min_market_cap:42795367,
PPK.AX,PPK,PPK Group Limited,Industrials,Electrical Equipment & Parts,AU,AUD,AUD,0.38,90812498,34508748,24605167.2,,,,,,,0,,,,,,,,,,,,,,,,,,,,,,,,,,0,,false,below_min_market_cap:24605167,
PPL.AX,PPL,Pureprofile Ltd,Communication Services,Advertising Agencies,AU,AUD,AUD,0.03,1204433560,36133004,25763281.96,,,,,,,0,,,,,,,,,,,,,,,,,,,,,,,,,,0,,false,below_min_market_cap:25763282,
PPM.AX,PPM,Pepper Money Limited,Financial Services,Credit Services,AU,,AUD,,,,,,,,,,,0,,,,,,,,,,,,,,,,,,,,,,,,,,0,,false,excluded_sector:Financial Services,
PPS.AX,PPS,Praemium Limited,Financial Services,Capital Markets,AU,,AUD,,,,,,,,,,,0,,,,,,,,,,,,,,,,,,,,,,,,,,0,,false,excluded_sector:Financial Services,
PPT.AX,PPT,Perpetual Limited,Financial Services,Asset Management,AU,,AUD,,,,,,,,,,,0,,,,,,,,,,,,,,,,,,,,,,,,,,0,,false,excluded_sector:Financial Services,
PPY.AX,PPY,Papyrus Australia Limited,Consumer Cyclical,Packaging & Containers,AU,AUD,AUD,0.01,648881733,6488817,4626607.352,,,,,,,0,,,,,,,,,,,,,,,,,,,,,,,,,,0,,false,below_min_market_cap:4626607,
PR1.AX,PR1,Pure Resources Limited,Basic Materials,Other Industrial Metals & Mining,AU,AUD,AUD,0.325,71563127,23258016,16583255.13,,,,,,,0,,,,,,,,,,,,,,,,,,,,,,,,,,0,,false,below_min_market_cap:16583255,
PRG.AX,PRG,PRL Global Ltd.,Industrials,Integrated Freight & Logistics,AU,AUD,AUD,1.41,110750189,156157760,111342428.1,2260841984,63847000,-8099750,-5775222.648,revenue=provider_ttm|ebitda=provider_ttm|fcf=provider_ttm_fcf_field,-0.003582625437,1,0.3,0.4006856215,0.1650348118,2939094579,-10529675,-9314712.5,,,,,,,,,,,,,,,,,,,,4,2025-06-30,false,expected_fcf_not_positive,revenue_ttm_from_provider|ebitda_ttm_from_provider|fcf_ttm_from_provider_fcf_field|growth_clamped_high
PRM.AX,PRM,Prominence Energy Ltd,Energy,Oil & Gas E&P,AU,AUD,AUD,0.001,2675467296,2675467,1907641.299,,,,,,,0,,,,,,,,,,,,,,,,,,,,,,,,,,0,,false,below_min_market_cap:1907641,
PRN.AX,PRN,Perenti Limited,Basic Materials,Other Industrial Metals & Mining,AU,AUD,AUD,2.19,934800376,2047212928,1459688320,3340558080,601884032,51930000,37026736.89,revenue=provider_ttm|ebitda=provider_ttm|fcf=provider_ttm_fcf_field,0.01554530673,1,0.01290498164,0.0504262957,-0.04337698944,3383667921,52600155.7,52265077.85,37265651.57,407350433.7,229963629.6,1677917190,1677917190,1677917042,calculated,0.02220947004,0.04664127997,0.01481958247,,-0.3641839495,-0.3710754968,,-0.3676297232,208,182,,,4,2026-06-30,true,,revenue_ttm_from_provider|ebitda_ttm_from_provider|fcf_ttm_from_provider_fcf_field|preferred_stock_assumed_zero
PRO.AX,PRO,Prophecy International Holdings Limited,Technology,Software - Application,AU,AUD,AUD,0.068,80562934,5478280,3906081.882,,,,,,,0,,,,,,,,,,,,,,,,,,,,,,,,,,0,,false,below_min_market_cap:3906082,
PRU.AX,PRU,Perseus Mining Limited,Basic Materials,Gold,AU,AUD,USD,6.34,1327131493,8414013952,5999296760,1483907968,828004992,143585376,143585376,revenue=provider_ttm|ebitda=provider_ttm|fcf=provider_ttm_fcf_field,0.09676164499,1,0.1731699811,0.1626494845,0.188950726,1740876283,168450052.8,156017714.4,156017714.4,2110000,924057000,5241035760,5241035760,5458647045,calculated,0.02976848882,0.1566513484,0.1571493229,,0.1689542975,0.02866370335,,0.09880900044,182,97,,,4,2026-06-30,true,,reporting_currency_differs:USD_vs_AUD|revenue_ttm_from_provider|ebitda_ttm_from_provider|fcf_ttm_from_provider_fcf_field|preferred_stock_assumed_zero
PRX.AX,PRX,Prodigy Gold NL,Basic Materials,Gold,AU,AUD,AUD,0.06,337093373,20225602,14421106.17,,,,,,,0,,,,,,,,,,,,,,,,,,,,,,,,,,0,,false,below_min_market_cap:14421106,
PSC.AX,PSC,Prospect Resources Limited,Basic Materials,Other Industrial Metals & Mining,AU,AUD,AUD,0.235,835299705,196295424,139961082.5,,,,,,,0,,,,,,,,,,,,,,,,,,,,,,,,,,0,2024-06-30,false,insufficient_annual_history:0,stale_statements:807d
PSL.AX,PSL,Paterson Resources Ltd,Basic Materials,Other Industrial Metals & Mining,AU,AUD,AUD,0.038,552241268,20985168,14962686.19,,,,,,,0,,,,,,,,,,,,,,,,,,,,,,,,,,0,,false,below_min_market_cap:14962686,
PTL.AX,PTL,Prestal Holdings Limited,Consumer Defensive,Household & Personal Products,AU,AUD,AUD,0.023,170459499,3920568,2795413.822,,,,,,,0,,,,,,,,,,,,,,,,,,,,,,,,,,0,,false,below_min_market_cap:2795414,
PTN.AX,PTN,Patronus Resources Limited,Basic Materials,Gold,AU,AUD,AUD,0.0515,1479271821,76182496,54319068.65,,,,,,,0,,,,,,,,,,,,,,,,,,,,,,,,,,0,2024-06-30,false,insufficient_annual_history:0,stale_statements:807d
PTR.AX,PTR,PTR Minerals Ltd,Basic Materials,Other Precious Metals & Mining,AU,AUD,AUD,0.1,395264770,39526476,28182869.77,,,,,,,0,,,,,,,,,,,,,,,,,,,,,,,,,,0,,false,below_min_market_cap:28182870,
PTX.AX,PTX,Prescient Therapeutics Limited,Healthcare,Biotechnology,AU,AUD,AUD,0.066,1051514543,69399960,49483035.99,,,,,,,0,,,,,,,,,,,,,,,,,,,,,,,,,,0,,false,below_min_market_cap:49483036,
PUR.AX,PUR,Pursuit Minerals Limited,Basic Materials,Other Industrial Metals & Mining,AU,AUD,AUD,0.089,262011190,23318998,16626736.06,,,,,,,0,,,,,,,,,,,,,,,,,,,,,,,,,,0,,false,below_min_market_cap:16626736,
PV1.AX,PV1,Provaris Energy Ltd,Energy,Oil & Gas E&P,AU,AUD,AUD,0.006,1171362351,7028174,5011175.611,,,,,,,0,,,,,,,,,,,,,,,,,,,,,,,,,,0,,false,below_min_market_cap:5011176,
PVE.AX,PVE,Po Valley Energy Limited,Energy,Oil & Gas E&P,AU,AUD,EUR,0.091,1158961620,105465512,75198223.83,7047458,4415639,3103806,3582003.532,revenue=provider_ttm|ebitda=provider_ttm|fcf=provider_ttm_fcf_field,0.4404149695,1,0.3,0.7364313778,0.08022978414,9161695.4,4034947.8,3569376.9,4119304.061,92050.78078,2841985.052,93978512.71,93978512.71,58458026.1,calculated,0.0438324032,0.4441070667,0.7130743622,,1.562041676,1.590003096,,1.576022386,138,14,,,3,2025-12-31,true,,reporting_currency_differs:EUR_vs_AUD|annual_history_below_preferred:3|revenue_ttm_from_provider|ebitda_ttm_from_provider|fcf_ttm_from_provider_fcf_field|growth_clamped_high|preferred_stock_assumed_zero
PVL.AX,PVL,Powerhouse Ventures Limited,Financial Services,Asset Management,AU,,AUD,,,,,,,,,,,0,,,,,,,,,,,,,,,,,,,,,,,,,,0,,false,excluded_sector:Financial Services,
PVT.AX,PVT,Pivotal Metals Limited,Basic Materials,Other Industrial Metals & Mining,AU,AUD,AUD,0.021,1315095494,27617006,19691269.3,,,,,,,0,,,,,,,,,,,,,,,,,,,,,,,,,,0,,false,below_min_market_cap:19691269,
PWH.AX,PWH,PWR Holdings Limited,Consumer Cyclical,Auto Parts,AU,AUD,AUD,10.39,100574122,1044965120,745073147.6,170732000,37045000,8432375,6012388.416,revenue=provider_ttm|ebitda=provider_ttm|fcf=provider_ttm_fcf_field,0.04938954033,1,0.2029291718,0.1299994916,0.312323692,205378503.4,10143549.87,9287962.437,6622432.917,42953296.43,5219251.184,863195782.3,863195782.3,782807181.4,calculated,0.007671994063,0.1059352,-0.03939427901,,-0.07682973719,-0.5233374595,,-0.3000835983,254,173,,,4,2026-06-30,true,,revenue_ttm_from_provider|ebitda_ttm_from_provider|fcf_ttm_from_provider_fcf_field|preferred_stock_assumed_zero
PWN.AX,PWN,Parkway Corporate Limited,Industrials,Pollution & Treatment Controls,AU,AUD,AUD,0.011,2776410555,30540516,21775768.35,,,,,,,0,,,,,,,,,,,,,,,,,,,,,,,,,,0,,false,below_min_market_cap:21775768,
PWR.AX,PWR,Peter Warren Automotive Holdings Limited,Consumer Cyclical,Auto & Truck Dealerships,AU,AUD,AUD,0.74,172256068,127469488,90887332.82,2488656896,69856000,-15940250,-11365596.82,revenue=provider_ttm|ebitda=provider_ttm|fcf=provider_ttm_fcf_field,-0.006405161766,1,0.04007082684,0.06492987143,0.002782259949,2588379436,-16578989,-16259619.5,,,,,,,,,,,,,,,,,,,,4,2026-06-30,false,expected_fcf_not_positive,revenue_ttm_from_provider|ebitda_ttm_from_provider|fcf_ttm_from_provider_fcf_field
PXA.AX,PXA,PEXA Group Limited,Technology,Software - Application,AU,AUD,AUD,6.94,175936202,1220997248,870586247.7,406884000,81821000,77388496,55178961.67,revenue=provider_ttm|ebitda=provider_ttm|fcf=provider_ttm_fcf_field,0.1901979336,1,0.08553280141,0.1312732613,0.01692211154,441685928.4,84007750.86,80698123.43,57538767.25,165992865,45365417.57,1789044688,1789044688,990757937.6,calculated,0.03216172723,0.1205232918,0.1749302486,,-0.006131938316,0.07860219822,,0.03623512995,175,105,,,4,2026-06-30,true,,revenue_ttm_from_provider|ebitda_ttm_from_provider|fcf_ttm_from_provider_fcf_field|preferred_stock_assumed_zero
PXR.AX,PXR,Pacific Resources Limited,Energy,Thermal Coal,AU,AUD,AUD,0.001,3600383635,3600384,2567118.642,,,,,,,0,,,,,,,,,,,,,,,,,,,,,,,,,,0,,false,below_min_market_cap:2567119,
PXX.AX,PXX,PolarX Limited,Basic Materials,Other Industrial Metals & Mining,AU,AUD,AUD,0.02,2725019256,54500380,38859449.85,,,,,,,0,,,,,,,,,,,,,,,,,,,,,,,,,,0,,false,below_min_market_cap:38859450,
PYC.AX,PYC,PYC Therapeutics Limited,Healthcare,Biotechnology,AU,AUD,AUD,2.26,983510447,2222733568,1584836722,,,,,,,0,,,,,,,,,,,,,,,,,,,,,,,,,,0,2026-06-30,false,insufficient_annual_history:0,
QAL.AX,QAL,Qualitas Limited,Financial Services,Asset Management,AU,,AUD,,,,,,,,,,,0,,,,,,,,,,,,,,,,,,,,,,,,,,0,,false,excluded_sector:Financial Services,
QAN.AX,QAN,Qantas Airways Limited,Industrials,Airlines,AU,AUD,AUD,8.87,1513199279,1.342207693e+10,9570108047,2.551599923e+10,4120000000,-438124992,-312388577,revenue=provider_ttm|ebitda=provider_ttm|fcf=provider_ttm_fcf_field,-0.01717059904,1,0.08362772867,0.08868679429,0.07603913025,2.764984429e+10,-474764390,-456444691,,,,,,,,,,,,,,,,,,,,4,2026-06-30,false,expected_fcf_not_positive,revenue_ttm_from_provider|ebitda_ttm_from_provider|fcf_ttm_from_provider_fcf_field
QBE.AX,QBE,QBE Insurance Group Limited,Financial Services,Insurance - Property & Casualty,AU,,USD,,,,,,,,,,,0,,,,,,,,,,,,,,,,,,,,,,,,,,0,,false,excluded_sector:Financial Services,
QEM.AX,QEM,QEM Limited,Energy,Oil & Gas E&P,AU,AUD,AUD,0.018,362350356,6522306,4650485.426,,,,,,,0,,,,,,,,,,,,,,,,,,,,,,,,,,0,,false,below_min_market_cap:4650485,
QFE.AX,QFE,QuickFee Limited,Technology,Software - Infrastructure,AU,AUD,AUD,0.08,385075491,30806038,21965088.84,,,,,,,0,,,,,,,,,,,,,,,,,,,,,,,,,,0,,false,below_min_market_cap:21965089,
QGL.AX,QGL,Quantum Graphite Limited,Basic Materials,Other Industrial Metals & Mining,AU,AUD,AUD,0.32,352600000,112832000,80450621.54,,,,,,,0,,,,,,,,,,,,,,,,,,,,,,,,,,0,2025-06-30,false,insufficient_annual_history:0,
QML.AX,QML,QMines Limited,Basic Materials,Copper,AU,AUD,AUD,0.067,771991470,51723432,36879451.33,,,,,,,0,,,,,,,,,,,,,,,,,,,,,,,,,,0,,false,below_min_market_cap:36879451,
QUE.AX,QUE,Queste Communications Ltd,Financial Services,Asset Management,AU,,AUD,,,,,,,,,,,0,,,,,,,,,,,,,,,,,,,,,,,,,,0,,false,excluded_sector:Financial Services,
QXR.AX,QXR,QX Resources Limited,Basic Materials,Other Industrial Metals & Mining,AU,AUD,AUD,0.004,2158663368,8634654,6156615.863,,,,,,,0,,,,,,,,,,,,,,,,,,,,,,,,,,0,,false,below_min_market_cap:6156616,
R8R.AX,R8R,Regener8 Resources NL,Basic Materials,Gold,AU,AUD,AUD,0.13,77341263,10054364,7168886.778,,,,,,,0,,,,,,,,,,,,,,,,,,,,,,,,,,0,,false,below_min_market_cap:7168887,
RAC.AX,RAC,Racura Oncology Ltd,Healthcare,Biotechnology,AU,AUD,AUD,2,196068940,392137888,279599199,,,,,,,0,,,,,,,,,,,,,,,,,,,,,,,,,,0,2026-06-30,false,insufficient_annual_history:0,
RAD.AX,RAD,Radiopharm Theranostics Limited,Healthcare,Biotechnology,AU,AUD,AUD,0.008,4337549491,34700396,24741814.61,,,,,,,0,,,,,,,,,,,,,,,,,,,,,,,,,,0,,false,below_min_market_cap:24741815,
RAG.AX,RAG,Ragnar Metals Limited,Basic Materials,Other Industrial Metals & Mining,AU,AUD,AUD,0.02,488489372,9769787,6965979.832,,,,,,,0,,,,,,,,,,,,,,,,,,,,,,,,,,0,,false,below_min_market_cap:6965980,
RAN.AX,RAN,Range International Limited,Basic Materials,Specialty Chemicals,AU,AUD,USD,0.1,18737430,1873743,1336002.1,,,,,,,0,,,,,,,,,,,,,,,,,,,,,,,,,,0,,false,below_min_market_cap:1336002,
RAP.AX,RAP,Raptor Metals Limited,Basic Materials,Other Precious Metals & Mining,AU,AUD,AUD,0.027,641478017,17319906,12349308.73,,,,,,,0,,,,,,,,,,,,,,,,,,,,,,,,,,0,,false,below_min_market_cap:12349309,
RAS.AX,RAS,Ragusa Minerals Limited,Basic Materials,Gold,AU,AUD,AUD,0.018,198198786,3567578,2543727.555,,,,,,,0,,,,,,,,,,,,,,,,,,,,,,,,,,0,,false,below_min_market_cap:2543728,
RAU.AX,RAU,Resouro Strategic Metals Inc.,Basic Materials,Gold,AU,AUD,CAD,0.28,118010049,33042814,23559937.99,,,,,,,0,,,,,,,,,,,,,,,,,,,,,,,,,,0,,false,below_min_market_cap:23559938,
RB6.AX,RB6,Rubix Resources Limited,Basic Materials,Other Precious Metals & Mining,AU,AUD,AUD,0.145,61450000,8910250,6353119.244,,,,,,,0,,,,,,,,,,,,,,,,,,,,,,,,,,0,,false,below_min_market_cap:6353119,
RBR.AX,RBR,RBR Group Limited,Industrials,Specialty Business Services,AU,AUD,AUD,0.015,152944618,2294169,1635771.075,,,,,,,0,,,,,,,,,,,,,,,,,,,,,,,,,,0,,false,below_min_market_cap:1635771,
RBX.AX,RBX,Resource Base Limited,Basic Materials,Gold,AU,AUD,AUD,0.024,139184486,3340427,2381766.062,,,,,,,0,,,,,,,,,,,,,,,,,,,,,,,,,,0,,false,below_min_market_cap:2381766,
RC1.AX,RC1,Redcastle Resources Limited,Basic Materials,Gold,AU,AUD,AUD,0.085,134835275,11460999,8171835.055,,,,,,,0,,,,,,,,,,,,,,,,,,,,,,,,,,0,,false,below_min_market_cap:8171835,
RCE.AX,RCE,Recce Pharmaceuticals Ltd,Healthcare,Biotechnology,AU,AUD,AUD,0.32,305770071,97846424,69765719.17,,,,,,,0,,,,,,,,,,,,,,,,,,,,,,,,,,0,2026-06-30,false,insufficient_annual_history:0,
RCL.AX,RCL,ReadCloud Limited,Technology,Software - Application,AU,AUD,AUD,0.06,153619763,9217185,6571967.722,,,,,,,0,,,,,,,,,,,,,,,,,,,,,,,,,,0,,false,below_min_market_cap:6571968,
RCM.AX,RCM,Rapid Critical Metals Limited,Basic Materials,Other Industrial Metals & Mining,AU,AUD,AUD,0.027,1196026888,32292726,23025115.91,,,,,,,0,,,,,,,,,,,,,,,,,,,,,,,,,,0,,false,below_min_market_cap:23025116,
RCR.AX,RCR,Rincon Resources Limited,Basic Materials,Other Precious Metals & Mining,AU,AUD,AUD,0.014,522229100,7311207,5212981.666,,,,,,,0,,,,,,,,,,,,,,,,,,,,,,,,,,0,,false,below_min_market_cap:5212982,
RCT.AX,RCT,Reef Casino Trust,Consumer Cyclical,Resorts & Casinos,AU,AUD,AUD,3.48,49061036,170732400,121734328,25994000,15867000,2244625,1600445.586,revenue=provider_ttm|ebitda=provider_ttm|fcf=provider_ttm_fcf_field,0.08635165807,1,-0.004015903615,-0.0428819885,0.05428322371,25889610.6,2235610.802,2240117.901,1597231.968,713725.4694,2718003.486,128423810.9,128423810.9,63760283.34,calculated,0.01243719492,-0.0440605231,-0.1082625306,,-0.8037491729,-0.7167569074,,-0.7602530401,239,240,,,4,2025-12-31,true,,revenue_ttm_from_provider|ebitda_ttm_from_provider|fcf_ttm_from_provider_fcf_field|preferred_stock_assumed_zero
RDM.AX,RDM,Red Metal Limited,Basic Materials,Other Industrial Metals & Mining,AU,AUD,AUD,0.125,387944633,48493080,34576170.11,,,,,,,0,,,,,,,,,,,,,,,,,,,,,,,,,,0,,false,below_min_market_cap:34576170,
RDN.AX,RDN,Raiden Resources Limited,Basic Materials,Other Precious Metals & Mining,AU,AUD,AUD,0.003,3450891442,10352675,7381586.237,,,,,,,0,,,,,,,,,,,,,,,,,,,,,,,,,,0,,false,below_min_market_cap:7381586,
RDS.AX,RDS,Redstone Resources Limited,Basic Materials,Copper,AU,AUD,AUD,0.003,1304981643,3914945,2791404.553,,,,,,,0,,,,,,,,,,,,,,,,,,,,,,,,,,0,,false,below_min_market_cap:2791405,
RDX.AX,RDX,Redox Limited,Basic Materials,Chemicals,AU,AUD,AUD,3.47,525081428,1822032640,1299131969,1330214016,124240000,63550376,45312209.73,revenue=provider_ttm|ebitda=provider_ttm|fcf=provider_ttm_fcf_field,0.04777454999,1,0.03913694806,0.01890932709,0.06947837951,1382274533,66037543.76,64793959.88,46198900.53,32432797.63,37408911.56,1695196842,1695196842,1244095165,calculated,0.02725282362,0.02612680295,0.00723181882,,-0.463602598,-0.3923860575,,-0.4279943277,192,196,,,4,2026-06-30,true,,revenue_ttm_from_provider|ebitda_ttm_from_provider|fcf_ttm_from_provider_fcf_field|preferred_stock_assumed_zero
RDY.AX,RDY,ReadyTech Holdings Limited,Technology,Software - Application,AU,AUD,AUD,1.42,123564107,175461040,125105907.2,125013000,5117000,16785500,11968270.6,revenue=provider_ttm|ebitda=provider_ttm|fcf=provider_ttm_fcf_field,0.1342700359,1,0.04981010848,0.06563843752,0.02606761493,131239911.1,17621587.58,17203543.79,12266341.02,45259178.71,19585739.18,246823550.7,246823550.7,150775291.1,calculated,0.04969680157,0.06307122627,-0.05188558361,,-0.2845600306,-0.5584198259,,-0.4214899282,124,192,,,4,2026-06-30,true,,revenue_ttm_from_provider|ebitda_ttm_from_provider|fcf_ttm_from_provider_fcf_field|preferred_stock_assumed_zero
REA.AX,REA,REA Group Limited,Communication Services,Internet Content & Information,AU,AUD,AUD,157.23,130859812,2.057508659e+10,1.467029304e+10,1976899968,991400000,515700000,367700524,revenue=provider_ttm|ebitda=provider_ttm|fcf=provider_ttm_fcf_field,0.2608629715,1,0.09551844761,0.1304704228,0.04309048483,2165730384,564958863.4,540329431.7,385261615.6,53903741.74,260677354.2,1.447136257e+10,1.447136257e+10,1.443484387e+10,calculated,0.02662234561,0.1186695676,0.2172696127,,-0.01511558209,0.197514124,,0.09119927096,195,98,,,4,2026-06-30,true,,revenue_ttm_from_provider|ebitda_ttm_from_provider|fcf_ttm_from_provider_fcf_field|preferred_stock_assumed_zero
REC.AX,REC,Recharge Metals Limited,Basic Materials,Other Industrial Metals & Mining,AU,AUD,AUD,0.032,1119781941,35833028,25549395.33,,,,,,,0,,,,,,,,,,,,,,,,,,,,,,,,,,0,,false,below_min_market_cap:25549395,
REE.AX,REE,RareX Limited,Basic Materials,Other Industrial Metals & Mining,AU,AUD,AUD,0.012,1216550383,14598605,10408987.22,,,,,,,0,,,,,,,,,,,,,,,,,,,,,,,,,,0,,false,below_min_market_cap:10408987,
REG.AX,REG,Regis Healthcare Limited,Healthcare,Medical Care Facilities,AU,AUD,AUD,4.52,302464409,1367139200,974787279.9,1350599936,125510000,348566496,248532253.7,revenue=provider_ttm|ebitda=provider_ttm|fcf=provider_ttm_fcf_field,0.2580827133,1,0.3,0.8015425423,0.1630189927,1755779917,453136444.8,400851470.4,285812091.8,2842780.666,123902313.7,845078192.8,845078192.8,853396099.1,calculated,0.3382078655,0.3732907383,0.2144618965,,1.218846787,0.1896285322,,0.7042376594,1,40,98.80633533,0.03,4,2026-06-30,true,,revenue_ttm_from_provider|ebitda_ttm_from_provider|fcf_ttm_from_provider_fcf_field|growth_clamped_high|preferred_stock_assumed_zero
REH.AX,REH,Reece Limited,Industrials,Industrial Distribution,AU,AUD,AUD,16.56,615091957,1.018592256e+10,7262689670,9378430976,698873984,503716992,359156490,revenue=provider_ttm|ebitda=provider_ttm|fcf=provider_ttm_fcf_field,0.05371015613,1,0.02977505968,0.01992048973,0.0445569146,9657674318,518715195.5,511216093.7,364503443,1606553251,233631365.7,1.130825675e+10,1.130825675e+10,8635611880,calculated,0.03223338937,0.01642027002,-0.03638666009,,-0.5106430555,-0.5148904323,,-0.5127667439,174,217,,,4,2026-06-30,true,,revenue_ttm_from_provider|ebitda_ttm_from_provider|fcf_ttm_from_provider_fcf_field|preferred_stock_assumed_zero
REM.AX,REM,RemSense Technologies Limited,Technology,Information Technology Services,AU,AUD,AUD,0.027,242497121,6547422,4668393.447,,,,,,,0,,,,,,,,,,,,,,,,,,,,,,,,,,0,,false,below_min_market_cap:4668393,
REZ.AX,REZ,Resources & Energy Group Limited,Basic Materials,Gold,AU,AUD,AUD,0.01,929277346,9292774,6625863.621,,,,,,,0,,,,,,,,,,,,,,,,,,,,,,,,,,0,,false,below_min_market_cap:6625864,
RFF.AX,RFF,Rural Funds Group,Real Estate,REIT - Specialty,AU,,AUD,,,,,,,,,,,0,,,,,,,,,,,,,,,,,,,,,,,,,,0,,false,excluded_industry:reit,
RFG.AX,RFG,Retail Food Group Limited,Consumer Cyclical,Restaurants,AU,AUD,AUD,1.12,63259405,70850536,50517314.75,125373000,14533000,2448125,1745543.621,revenue=provider_ttm|ebitda=provider_ttm|fcf=provider_ttm_fcf_field,0.01952673223,1,-0.01209078557,0.04025561053,-0.09061037972,123857141.9,2418525.246,2433325.123,1734991.124,85496610.69,17243493.26,258273458.4,258273458.4,118752327.4,calculated,0.006717651651,0.04376469364,0.1221864952,,-0.3781246571,-0.06953090272,,-0.2238277799,257,157,,,4,2026-06-30,true,,revenue_ttm_from_provider|ebitda_ttm_from_provider|fcf_ttm_from_provider_fcf_field|preferred_stock_assumed_zero
RFT.AX,RFT,Rectifier Technologies Ltd,Industrials,Electrical Equipment & Parts,AU,AUD,AUD,0.006,1382780602,8296683,5915638.33,,,,,,,0,,,,,,,,,,,,,,,,,,,,,,,,,,0,,false,below_min_market_cap:5915638,
RGL.AX,RGL,Riversgold Limited,Basic Materials,Gold,AU,AUD,AUD,0.011,2301837593,25320214,18053627.99,,,,,,,0,,,,,,,,,,,,,,,,,,,,,,,,,,0,,false,below_min_market_cap:18053628,
RGN.AX,RGN,Region Group,Real Estate,REIT - Retail,AU,,AUD,,,,,,,,,,,0,,,,,,,,,,,,,,,,,,,,,,,,,,0,,false,excluded_industry:reit,
RGT.AX,RGT,Argent BioPharma Limited,Healthcare,Drug Manufacturers - Specialty & Generic,AU,AUD,AUD,0.031,116609584,3614897,2577466.591,,,,,,,0,,,,,,,,,,,,,,,,,,,,,,,,,,0,,false,below_min_market_cap:2577467,
RHC.AX,RHC,Ramsay Health Care Limited,Healthcare,Medical Care Facilities,AU,AUD,AUD,53.57,230829811,1.236555264e+10,8816793069,1.857779917e+10,1698000000,651487488,464518694.5,revenue=provider_ttm|ebitda=provider_ttm|fcf=provider_ttm_fcf_field,0.03506806603,1,0.09019712426,0.1054860868,0.06726368039,2.025346323e+10,710249785.9,680868637,485467819.7,8641639676,559286971.2,1.738763061e+10,1.738763061e+10,1.675159397e+10,calculated,0.02792029751,0.09953907564,-0.007100801799,,-0.1078270682,-0.4326398392,,-0.2702334537,189,165,,,4,2025-06-30,true,,revenue_ttm_from_provider|ebitda_ttm_from_provider|fcf_ttm_from_provider_fcf_field|preferred_stock_assumed_zero
RHI.AX,RHI,Red Hill Minerals Limited,Basic Materials,Other Industrial Metals & Mining,AU,AUD,AUD,4.54,64229019,291599744,207914249.9,,,,,,,0,,,,,,,,,,,,,,,,,,,,,,,,,,0,2026-06-30,false,insufficient_annual_history:0,
RHT.AX,RHT,Resonance Health Limited,Healthcare,Health Information Services,AU,AUD,AUD,0.057,477120233,27195852,19390981.25,,,,,,,0,,,,,,,,,,,,,,,,,,,,,,,,,,0,,false,below_min_market_cap:19390981,
RHY.AX,RHY,Rhythm Biosciences Limited,Healthcare,Diagnostics & Research,AU,AUD,AUD,0.08,353866857,28309348,20184917.77,,,,,,,0,,,,,,,,,,,,,,,,,,,,,,,,,,0,,false,below_min_market_cap:20184918,
RIC.AX,RIC,Ridley Corporation Limited,Consumer Defensive,Packaged Foods,AU,AUD,AUD,2.64,374853074,989612160,705605797.6,2864209920,140660992,-280970880,-200335737.5,revenue=provider_ttm|ebitda=provider_ttm|fcf=provider_ttm_fcf_field,-0.0980971674,1,0.0574751951,0.07482063259,0.03145703886,3028830944,-297119736.1,-289045308.1,,,,,,,,,,,,,,,,,,,,4,2025-06-30,false,expected_fcf_not_positive,revenue_ttm_from_provider|ebitda_ttm_from_provider|fcf_ttm_from_provider_fcf_field
RIE.AX,RIE,Riedel Resources Limited,Basic Materials,Gold,AU,AUD,AUD,0.018,472714889,8508867,6066928.165,,,,,,,0,,,,,,,,,,,,,,,,,,,,,,,,,,0,,false,below_min_market_cap:6066928,
RIM.AX,RIM,Rimfire Pacific Mining Limited,Basic Materials,Other Precious Metals & Mining,AU,AUD,AUD,0.011,2999138802,32990526,23522656,,,,,,,0,,,,,,,,,,,,,,,,,,,,,,,,,,0,,false,below_min_market_cap:23522656,
RIO.AX,RIO,Rio Tinto Group,Basic Materials,Other Industrial Metals & Mining,AU,AUD,USD,164.5,371750238,2.673476239e+11,1.906221862e+11,6.179300147e+10,2.291100058e+10,3595500032,3595500032,revenue=provider_ttm|ebitda=provider_ttm|fcf=provider_ttm_fcf_field,0.09471537005,4,0.03708008999,0.01235117064,0.07417346901,6.408429153e+10,6069767386,4832633709,4832633709,2.3517e+10,6904000000,2.120561862e+11,2.120561862e+11,2.046545999e+11,calculated,0.02278940217,0.01062786623,-0.02416414193,-0.2433714891,-0.5387145952,-0.4805629642,-0.9343751705,-0.6512175766,206,229,,,4,2025-12-31,true,,market_cap_discrepancy:ratio=4.37|reporting_currency_differs:USD_vs_AUD|revenue_ttm_from_provider|ebitda_ttm_from_provider|fcf_ttm_from_provider_fcf_field|preferred_stock_assumed_zero
RIV.AX,RIV,Rivco Australia Ltd,,Utilities,AU,AUD,AUD,1.17,,,,,,,,,,0,,,,,,,,,,,,,,,,,,,,,,,,,,0,,false,market_cap_unavailable,
RKB.AX,RKB,Rokeby Resources Limited,Basic Materials,Other Industrial Metals & Mining,AU,AUD,AUD,0.003,2976730079,8930190,6367336.712,,,,,,,0,,,,,,,,,,,,,,,,,,,,,,,,,,0,,false,below_min_market_cap:6367337,
RKN.AX,RKN,Reckon Limited,Technology,Software - Application,AU,AUD,AUD,0.435,113294832,49283252,35139572.59,,,,,,,0,,,,,,,,,,,,,,,,,,,,,,,,,,0,,false,below_min_market_cap:35139573,
RKT.AX,RKT,RocketDNA Ltd.,Technology,Computer Hardware,AU,AUD,AUD,0.022,1235075487,27171660,19373732.05,,,,,,,0,,,,,,,,,,,,,,,,,,,,,,,,,,0,,false,below_min_market_cap:19373732,
RLC.AX,RLC,Reedy Lagoon Corporation Limited,Basic Materials,Other Industrial Metals & Mining,AU,AUD,AUD,0.002,776706676,1553413,1107602.82,,,,,,,0,,,,,,,,,,,,,,,,,,,,,,,,,,0,,false,below_min_market_cap:1107603,
RLF.AX,RLF,RLF AgTech Ltd,Basic Materials,Agricultural Inputs,AU,AUD,AUD,0.028,665871333,18644398,13293688.03,,,,,,,0,,,,,,,,,,,,,,,,,,,,,,,,,,0,,false,below_min_market_cap:13293688,
RLG.AX,RLG,RooLife Group Ltd,Technology,Software - Application,AU,AUD,AUD,0.004,2312495564,9249983,6595353.105,,,,,,,0,,,,,,,,,,,,,,,,,,,,,,,,,,0,,false,below_min_market_cap:6595353,
RMC.AX,RMC,Resimac Group Limited,Financial Services,Mortgage Finance,AU,,AUD,,,,,,,,,,,0,,,,,,,,,,,,,,,,,,,,,,,,,,0,,false,excluded_sector:Financial Services,
RMD.AX,RMD,ResMed Inc.,Healthcare,Medical Instruments & Supplies,AU,AUD,USD,31.37,1442523060,4.525194854e+10,3.226520301e+10,5653443000,2152616000,1628656000,1628656000,revenue=quarterly_sum|ebitda=quarterly_sum|fcf=quarterly_sum,0.2880821475,4,0.1006908101,0.1021250803,0.0985394049,6222692756,1792646692,1710651346,1710651346,825919000,1469234000,3.820728101e+10,3.820728101e+10,1.244739026e+10,calculated,0.04477291502,0.09645556184,0.155474335,0.2817603137,-0.1227706017,0.02395942777,0.08903833181,-0.003257614044,135,110,,,4,2026-06-30,true,,reporting_currency_differs:USD_vs_AUD
RMI.AX,RMI,Resource Minerals International Ltd,Basic Materials,Other Industrial Metals & Mining,AU,AUD,AUD,0.15,939609864,140941488,100493036.6,,,,,,,0,,,,,,,,,,,,,,,,,,,,,,,,,,0,2024-06-30,false,insufficient_annual_history:0,stale_statements:807d
RML.AX,RML,Resolution Minerals Ltd,Basic Materials,Other Industrial Metals & Mining,AU,AUD,AUD,0.046,2568514340,118151656,84243602.53,,,,,,,0,,,,,,,,,,,,,,,,,,,,,,,,,,0,2025-06-30,false,insufficient_annual_history:0,
RMS.AX,RMS,Ramelius Resources Limited,Basic Materials,Gold,AU,AUD,AUD,3.6,1889030475,6800509952,4848848309,1032825024,737420032,654598976,466737224.2,revenue=provider_ttm|ebitda=provider_ttm|fcf=provider_ttm_fcf_field,0.6337946514,1,0.2847789274,0.2092050506,0.3981397427,1326951827,841014970.3,747806973.1,533195687.2,7463101.386,302512647.1,5501483584,5501483584,4470904705,calculated,0.09691852735,0.1976252933,0.4135562977,,0.3675250054,0.7487937245,,0.558159365,43,47,78.59031253,0.03,3,2024-06-30,true,,stale_statements:807d|annual_history_below_preferred:3|revenue_ttm_from_provider|ebitda_ttm_from_provider|fcf_ttm_from_provider_fcf_field|preferred_stock_assumed_zero
RMX.AX,RMX,Red Mountain Mining Limited,Basic Materials,Gold,AU,AUD,AUD,0.012,1109354965,13312260,9491807.209,,,,,,,0,,,,,,,,,,,,,,,,,,,,,,,,,,0,,false,below_min_market_cap:9491807,
RMY.AX,RMY,RMA Global Limited,Communication Services,Internet Content & Information,AU,AUD,AUD,0.019,664331637,12622301,8999857.848,,,,,,,0,,,,,,,,,,,,,,,,,,,,,,,,,,0,,false,below_min_market_cap:8999858,
RND.AX,RND,Rand Mining Limited,Basic Materials,Gold,AU,AUD,AUD,2.11,56875961,120008272,85567392.87,43883572,28924852,2729644,1946270.175,revenue=provider_ttm|ebitda=provider_ttm|fcf=provider_ttm_fcf_field,0.06220195567,1,0.08613058346,0.04126087794,0.1534351417,47663289.66,2964749.83,2847196.915,2030086.868,,2259550.023,83205399.35,,83205399.35,provider,0.02439849918,0.04177484516,-0.1198854446,,-0.3877679956,-0.7494003614,,-0.5685841785,197,221,,,3,2024-06-30,true,,stale_statements:807d|annual_history_below_preferred:3|revenue_ttm_from_provider|ebitda_ttm_from_provider|fcf_ttm_from_provider_fcf_field|total_debt_unavailable|ev_from_provider_fallback
RNT.AX,RNT,Rent.com.au Limited,Communication Services,Internet Content & Information,AU,AUD,AUD,0.065,1166623243,75830504,54068093.96,4418967,-3244344,-7274094,-5186519.635,revenue=provider_ttm|ebitda=provider_ttm|fcf=provider_ttm_fcf_field,,0,,,,,,,,,,,,,,,,,,,,,,,,,,3,2025-06-30,false,ttm_ebitda_not_positive,annual_history_below_preferred:3|revenue_ttm_from_provider|ebitda_ttm_from_provider|fcf_ttm_from_provider_fcf_field
RNU.AX,RNU,Renascor Resources Limited,Basic Materials,Other Industrial Metals & Mining,AU,AUD,AUD,0.057,2546237633,145135552,103483456.5,,,,,,,0,,,,,,,,,,,,,,,,,,,,,,,,,,0,2025-06-30,false,insufficient_annual_history:0,
RNV.AX,RNV,ReNerve Limited,Healthcare,Biotechnology,AU,AUD,AUD,0.071,173276436,12302627,8771926.304,,,,,,,0,,,,,,,,,,,,,,,,,,,,,,,,,,0,,false,below_min_market_cap:8771926,
RNX.AX,RNX,Renegade Exploration Limited,Basic Materials,Other Industrial Metals & Mining,AU,AUD,AUD,0.002,2069796757,4139593,2951581.375,,,,,,,0,,,,,,,,,,,,,,,,,,,,,,,,,,0,,false,below_min_market_cap:2951581,
ROC.AX,ROC,RocketBoots Limited,Technology,Software - Application,AU,AUD,AUD,0.215,205463352,44174624,31497057.19,,,,,,,0,,,,,,,,,,,,,,,,,,,,,,,,,,0,,false,below_min_market_cap:31497057,
ROG.AX,ROG,Red Sky Energy Limited,Energy,Oil & Gas E&P,AU,AUD,AUD,0.001,1.057038055e+10,10570381,7536813.327,,,,,,,0,,,,,,,,,,,,,,,,,,,,,,,,,,0,,false,below_min_market_cap:7536813,
RON.AX,RON,Ronin Resources Ltd,Basic Materials,Other Precious Metals & Mining,AU,AUD,AUD,0.18,40375010,7267502,5181819.457,,,,,,,0,,,,,,,,,,,,,,,,,,,,,,,,,,0,,false,below_min_market_cap:5181819,
RPL.AX,RPL,Regal Partners Limited,Financial Services,Asset Management,AU,,AUD,,,,,,,,,,,0,,,,,,,,,,,,,,,,,,,,,,,,,,0,,false,excluded_sector:Financial Services,
RPM.AX,RPM,RPM Automotive Group Limited,Consumer Cyclical,Auto Parts,AU,AUD,AUD,0.012,272422777,3269073,2330889.771,,,,,,,0,,,,,,,,,,,,,,,,,,,,,,,,,,0,,false,below_min_market_cap:2330890,
RR1.AX,RR1,Reach Resources Limited,Basic Materials,Gold,AU,AUD,AUD,0.013,1324270555,17215518,12274878.79,,,,,,,0,,,,,,,,,,,,,,,,,,,,,,,,,,0,,false,below_min_market_cap:12274879,
RRE.AX,RRE,Right Resources Limited,Basic Materials,Gold,AU,AUD,AUD,0.09,142075999,12786841,9117176.917,,,,,,,0,,,,,,,,,,,,,,,,,,,,,,,,,,0,,false,below_min_market_cap:9117177,
RRL.AX,RRL,Regis Resources Limited,Basic Materials,Gold,AU,AUD,AUD,7.55,758696364,5728157696,4084247792,2349099008,1217447936,709559488,505924753.9,revenue=provider_ttm|ebitda=provider_ttm|fcf=provider_ttm_fcf_field,0.3020560162,1,0.3,0.2748633565,0.4259329178,3053828710,922427334.4,815993411.2,581813466.9,72502671.68,812206036.9,4900462385,4900462385,3337501746,calculated,0.1187262387,0.2521922767,0.5556862263,,0.6319712175,1.147971745,,0.889971481,25,31,99.11543679,0.03,4,2026-06-30,true,,revenue_ttm_from_provider|ebitda_ttm_from_provider|fcf_ttm_from_provider_fcf_field|growth_clamped_high|preferred_stock_assumed_zero
RRR.AX,RRR,Revolver Resources Holdings Ltd,Basic Materials,Copper,AU,AUD,AUD,0.049,337402945,16532744,11788052.42,,,,,,,0,,,,,,,,,,,,,,,,,,,,,,,,,,0,,false,below_min_market_cap:11788052,
RSG.AX,RSG,Resolute Mining Limited,Basic Materials,Gold,AU,AUD,USD,1.31,2137417613,2800016896,1996446926,1002800000,364500000,213120992,213120992,revenue=provider_ttm|ebitda=provider_ttm|fcf=provider_ttm_fcf_field,0.2125259194,1,0.09200691028,0.09955443972,0.08068561612,1095064530,232729596,222925294,222925294,201500000,64500000,2088146926,2088146926,1793595088,calculated,0.1067574753,0.110325542,0.3115881278,,-0.0555529643,0.4624117321,,0.2034293839,34,88,64.7318587,0.03,4,2025-12-31,true,,reporting_currency_differs:USD_vs_AUD|revenue_ttm_from_provider|ebitda_ttm_from_provider|fcf_ttm_from_provider_fcf_field|preferred_stock_assumed_zero
RTG.AX,RTG,RTG Mining Inc.,Basic Materials,Other Industrial Metals & Mining,AU,AUD,USD,0.045,1919705411,86386752,61594830.29,0,-4370911,-2852200,-2852200,revenue=latest_fiscal_year|ebitda=provider_ttm|fcf=provider_ttm_fcf_field,,0,,,,,,,,,,,,,,,,,,,,,,,,,,4,2025-12-31,false,ttm_ebitda_not_positive,reporting_currency_differs:USD_vs_AUD|ttm_quarter_window_unusable|revenue_ttm_from_latest_fy|ebitda_ttm_from_provider|fcf_ttm_from_provider_fcf_field
RTH.AX,RTH,RAS Technology Holdings Limited,Technology,Software - Infrastructure,AU,AUD,AUD,0.65,47885899,31125834,22193107.37,,,,,,,0,,,,,,,,,,,,,,,,,,,,,,,,,,0,,false,below_min_market_cap:22193107,
RTR.AX,RTR,Rumble Resources Limited,Basic Materials,Other Industrial Metals & Mining,AU,AUD,AUD,0.055,1326938331,72981608,52036795.63,,,,,,,0,,,,,,,,,,,,,,,,,,,,,,,,,,0,2024-06-30,false,insufficient_annual_history:0,stale_statements:807d
RVT.AX,RVT,Richmond Vanadium Technology Limited,Basic Materials,Other Industrial Metals & Mining,AU,AUD,AUD,0.098,220315100,21590880,15394566.4,,,,,,,0,,,,,,,,,,,,,,,,,,,,,,,,,,0,,false,below_min_market_cap:15394566,
RWC.AX,RWC,Reliance Worldwide Corporation Limited,Industrials,Building Products & Equipment,AU,AUD,USD,4.33,748038799,3239008000,2309453052,1305603968,224984000,199921376,199921376,revenue=provider_ttm|ebitda=provider_ttm|fcf=provider_ttm_fcf_field,0.1531255885,1,0.007014758803,0.01629566644,-0.006906602651,1314762465,201323776.2,200622576.1,200622576.1,378268000,28566000,3944820052,3944820052,2550201834,calculated,0.0508572187,0.01990949234,-0.1791250482,,-0.4937333499,-0.915777337,,-0.7047553434,119,233,,,4,2026-06-30,true,,reporting_currency_differs:USD_vs_AUD|revenue_ttm_from_provider|ebitda_ttm_from_provider|fcf_ttm_from_provider_fcf_field|preferred_stock_assumed_zero
RWD.AX,RWD,Reward Minerals Ltd,Basic Materials,Other Industrial Metals & Mining,AU,AUD,AUD,0.032,280819570,8986227,6407291.791,,,,,,,0,,,,,,,,,,,,,,,,,,,,,,,,,,0,,false,below_min_market_cap:6407292,
RWL.AX,RWL,Rubicon Water Limited,Utilities,Utilities - Regulated Water,AU,AUD,AUD,0.19,244338386,46424292,33101098.5,,,,,,,0,,,,,,,,,,,,,,,,,,,,,,,,,,0,,false,below_min_market_cap:33101098,
RXL.AX,RXL,Rox Resources Limited,Basic Materials,Gold,AU,AUD,AUD,0.6,1393768440,836261120,596264595.8,,,,,,,0,,,,,,,,,,,,,,,,,,,,,,,,,,0,2025-06-30,false,insufficient_annual_history:0,
RYM.AX,RYM,Ryman Healthcare Limited,Healthcare,Medical Care Facilities,AU,AUD,NZD,1.54,1015745376,1564247936,1115328264,854470976,77920000,352426624,202917230.7,revenue=provider_ttm|ebitda=provider_ttm|fcf=provider_ttm_fcf_field,0.4124500819,1,0.1128095393,0.1231840324,0.0972477995,950863453.1,392183709.1,372305166.5,214362730.3,976084815.2,10166974.39,4534679585,4534679585,2239353409,calculated,0.0472718582,0.1186955435,-0.8926940767,,-0.01498969582,-2.919866657,,-1.467428176,130,266,,,4,2025-03-31,true,,reporting_currency_differs:NZD_vs_AUD|revenue_ttm_from_provider|ebitda_ttm_from_provider|fcf_ttm_from_provider_fcf_field|preferred_stock_assumed_zero
RZI.AX,RZI,Raiz Invest Limited,Technology,Software - Infrastructure,AU,AUD,AUD,0.56,105390009,59018404,42080857.24,,,,,,,0,,,,,,,,,,,,,,,,,,,,,,,,,,0,,false,below_min_market_cap:42080857,
S2R.AX,S2R,S2 Resources Ltd,Basic Materials,Other Industrial Metals & Mining,AU,AUD,AUD,0.065,531586373,34553112,24636799.28,,,,,,,0,,,,,,,,,,,,,,,,,,,,,,,,,,0,,false,below_min_market_cap:24636799,
S32.AX,S32,South32 Limited,Basic Materials,Other Industrial Metals & Mining,AU,AUD,USD,4.86,4481425781,2.177973043e+10,1.552921911e+10,5939999744,1232000000,-13375000,-13375000,revenue=provider_ttm|ebitda=provider_ttm|fcf=provider_ttm_fcf_field,0.02851659501,4,0.008453863044,0.009937522605,0.006228373702,5990215688,170820554.8,78722777.4,78722777.4,1851000000,2129000000,1.526521911e+10,1.526521911e+10,1.533741825e+10,calculated,0.005157002782,0.02466952402,0.5608938547,0.4233835583,-0.4706649618,1.162597593,0.3650435937,0.3523254083,262,69,,,4,2026-06-30,true,,reporting_currency_differs:USD_vs_AUD|revenue_ttm_from_provider|ebitda_ttm_from_provider|fcf_ttm_from_provider_fcf_field|preferred_stock_assumed_zero
S66.AX,S66,Star Combo Pharma Limited,Consumer Defensive,Household & Personal Products,AU,AUD,AUD,0.14,135082901,18911606,13484210.66,,,,,,,0,,,,,,,,,,,,,,,,,,,,,,,,,,0,,false,below_min_market_cap:13484211,
SAN.AX,SAN,Sagalio Energy Limited,Energy,Oil & Gas E&P,AU,AUD,USD,0.009,204660130,1841941,1313326.878,,,,,,,0,,,,,,,,,,,,,,,,,,,,,,,,,,0,,false,below_min_market_cap:1313327,
SAU.AX,SAU,SIGMA LITHIUM CORPORATION,,Materials,AU,,USD,,,,,,,,,,,0,,,,,,,,,,,,,,,,,,,,,,,,,,0,,false,quote_type:NONE,
SBM.AX,SBM,St Barbara Limited,Basic Materials,Gold,AU,AUD,AUD,0.795,1226057431,974715712,694984444.6,3625000,-30938000,-30259624,-21575488.85,revenue=provider_ttm|ebitda=provider_ttm|fcf=provider_ttm_fcf_field,,0,,,,,,,,,,,,,,,,,,,,,,,,,,3,2026-06-30,false,ttm_ebitda_not_positive,annual_history_below_preferred:3|revenue_ttm_from_provider|ebitda_ttm_from_provider|fcf_ttm_from_provider_fcf_field
SBR.AX,SBR,Sabre Resources Limited,Basic Materials,Other Industrial Metals & Mining,AU,AUD,AUD,0.007,914461933,6401234,4564159.581,,,,,,,0,,,,,,,,,,,,,,,,,,,,,,,,,,0,,false,below_min_market_cap:4564160,
SBZ.AX,SBZ,Schoolblazer Limited,Financial Services,Asset Management,AU,,AUD,,,,,,,,,,,0,,,,,,,,,,,,,,,,,,,,,,,,,,0,,false,excluded_sector:Financial Services,
SCG.AX,SCG,Scentre Group,Real Estate,REIT - Retail,AU,,AUD,,,,,,,,,,,0,,,,,,,,,,,,,,,,,,,,,,,,,,0,,false,excluded_industry:reit,
SCN.AX,SCN,Scorpion Minerals Limited,Basic Materials,Other Precious Metals & Mining,AU,AUD,AUD,0.019,542331192,10304292,7347088.555,,,,,,,0,,,,,,,,,,,,,,,,,,,,,,,,,,0,,false,below_min_market_cap:7347089,
SCP.AX,SCP,Scalare Partners Holdings Limited,Industrials,Consulting Services,AU,AUD,AUD,3.64,2440369,8882943,6333649.013,,,,,,,0,,,,,,,,,,,,,,,,,,,,,,,,,,0,,false,below_min_market_cap:6333649,
SCX.AX,SCX,SCX.ai Holdings Limited,Technology,Information Technology Services,AU,AUD,AUD,0.28,250124413,70034840,49935713.34,,,,,,,0,,,,,,,,,,,,,,,,,,,,,,,,,,0,,false,below_min_market_cap:49935713,
SDF.AX,SDF,Steadfast Group Limited,Financial Services,Insurance Brokers,AU,,AUD,,,,,,,,,,,0,,,,,,,,,,,,,,,,,,,,,,,,,,0,,false,excluded_sector:Financial Services,
SDR.AX,SDR,SiteMinder Limited,Technology,Software - Application,AU,AUD,AUD,2.71,283084867,767160000,546994636.4,266195008,-8406000,13984250,9970944.45,revenue=provider_ttm|ebitda=provider_ttm|fcf=provider_ttm_fcf_field,,0,,,,,,,,,,,,,,,,,,,,,,,,,,4,2026-06-30,false,ttm_ebitda_not_positive,revenue_ttm_from_provider|ebitda_ttm_from_provider|fcf_ttm_from_provider_fcf_field
SDV.AX,SDV,SciDev Limited,Basic Materials,Specialty Chemicals,AU,AUD,AUD,0.16,190088581,30414172,21685683.5,,,,,,,0,,,,,,,,,,,,,,,,,,,,,,,,,,0,,false,below_min_market_cap:21685684,
SEA.AX,SEA,Sea Forest Limited,Consumer Defensive,Packaged Foods,AU,AUD,AUD,1.56,56059770,87453232,62355243.81,4983726,-4790734,-1995255,-1422641.67,revenue=provider_ttm|ebitda=provider_ttm|fcf=provider_ttm_fcf_field,,0,,,,,,,,,,,,,,,,,,,,,,,,,,3,2025-06-30,false,ttm_ebitda_not_positive,annual_history_below_preferred:3|revenue_ttm_from_provider|ebitda_ttm_from_provider|fcf_ttm_from_provider_fcf_field
SEG.AX,SEG,Sports Entertainment Group Limited,Communication Services,Broadcasting,AU,AUD,AUD,0.26,315479502,82024664,58484607.2,152934000,19209000,23096500,16468092.21,revenue=provider_ttm|ebitda=provider_ttm|fcf=provider_ttm_fcf_field,0.1510226634,1,0.164662632,0.1226408721,0.2276952717,178116515,26899630.48,24998065.24,17823931.91,21555792.6,17438858.67,62242895.86,62242895.86,60324898.06,calculated,0.2863609038,0.1130699137,0.2247262994,,-0.04225300428,0.2184565495,,0.0881017726,2,99,39.18252601,0.03,4,2026-06-30,true,,revenue_ttm_from_provider|ebitda_ttm_from_provider|fcf_ttm_from_provider_fcf_field|preferred_stock_assumed_zero
SEK.AX,SEK,SEEK Limited,Communication Services,Internet Content & Information,AU,AUD,AUD,12.43,357970190,4449569280,3172598324,1284199936,324900000,201400000,143600708.8,revenue=provider_ttm|ebitda=provider_ttm|fcf=provider_ttm_fcf_field,0.1568291622,1,0.07772279909,0.01577318535,0.1706472197,1384011550,217053371.7,209226685.9,149181233.3,900819938,97397501.61,5489175797,5489175797,3977777715,calculated,0.02717734663,0.01616850723,-0.4173266935,,-0.5118631654,-1.584776907,,-1.048320036,193,249,,,4,2026-06-30,true,,revenue_ttm_from_provider|ebitda_ttm_from_provider|fcf_ttm_from_provider_fcf_field|preferred_stock_assumed_zero
SEN.AX,SEN,Senetas Corporation Limited,Technology,Software - Infrastructure,AU,AUD,AUD,2.42,16577389,40117284,28604123.23,,,,,,,0,,,,,,,,,,,,,,,,,,,,,,,,,,0,,false,below_min_market_cap:28604123,
SEQ.AX,SEQ,Sequoia Financial Group Limited,Financial Services,Financial Conglomerates,AU,,AUD,,,,,,,,,,,0,,,,,,,,,,,,,,,,,,,,,,,,,,0,,false,excluded_sector:Financial Services,
SER.AX,SER,Strategic Energy Resources Limited,Basic Materials,Other Industrial Metals & Mining,AU,AUD,AUD,0.175,70722653,12376465,8824573.717,,,,,,,0,,,,,,,,,,,,,,,,,,,,,,,,,,0,,false,below_min_market_cap:8824574,
SFC.AX,SFC,Schaffer Corporation Limited,Consumer Cyclical,Auto Parts,AU,AUD,AUD,18.9,13448179,254170576,181226786.9,202700000,29441000,20345500,14506594.94,revenue=provider_ttm|ebitda=provider_ttm|fcf=provider_ttm_fcf_field,0.1003724716,1,0.06768886999,0.104521467,0.01243997446,216420533.9,21722663.9,21034081.95,14997562.45,69149374.09,28554722.87,231816446.7,231816446.7,230255999,calculated,0.06469585167,0.109655733,0.04605829953,,-0.05879903804,-0.2833402158,,-0.1710696269,93,143,,,4,2025-06-30,true,,revenue_ttm_from_provider|ebitda_ttm_from_provider|fcf_ttm_from_provider_fcf_field|preferred_stock_assumed_zero
SFG.AX,SFG,Seafarms Group Limited,Consumer Defensive,Farm Products,AU,AUD,AUD,0.002,4836599179,9733499,6940106.036,,,,,,,0,,,,,,,,,,,,,,,,,,,,,,,,,,0,,false,below_min_market_cap:6940106,
SFM.AX,SFM,Santa Fe Minerals Limited,Basic Materials,Gold,AU,AUD,AUD,0.23,162818789,37448320,26701118.65,,,,,,,0,,,,,,,,,,,,,,,,,,,,,,,,,,0,,false,below_min_market_cap:26701119,
SFR.AX,SFR,Sandfire Resources Limited,Basic Materials,Copper,AU,AUD,USD,20.66,467954573,9667941376,6893362634,1646897024,828956032,411615008,411615008,revenue=provider_ttm|ebitda=provider_ttm|fcf=provider_ttm_fcf_field,0.2499336643,1,0.3,0.2811331506,0.3878300629,2140966131,535099510.4,473357259.2,473357259.2,36432000,352629000,6570569634,6570569634,6648605102,calculated,0.07204204287,0.2515889346,0.3918599584,,0.62904726,0.6878586222,,0.6584529411,81,42,,,4,2026-06-30,true,,reporting_currency_differs:USD_vs_AUD|revenue_ttm_from_provider|ebitda_ttm_from_provider|fcf_ttm_from_provider_fcf_field|growth_clamped_high|preferred_stock_assumed_zero
SFX.AX,SFX,Sheffield Resources Limited,Basic Materials,Other Industrial Metals & Mining,AU,AUD,AUD,0.044,396040264,17425772,12424792.51,,,,,,,0,,,,,,,,,,,,,,,,,,,,,,,,,,0,,false,below_min_market_cap:12424793,
SGA.AX,SGA,Sarytogan Graphite Limited,Basic Materials,Other Industrial Metals & Mining,AU,AUD,AUD,0.07,264800892,18536062,13216443.11,,,,,,,0,,,,,,,,,,,,,,,,,,,,,,,,,,0,,false,below_min_market_cap:13216443,
SGC.AX,SGC,Sinclair Gold Ltd,Basic Materials,Gold,AU,AUD,AUD,1.3,185671217,241372576,172101653.4,,,,,,,0,,,,,,,,,,,,,,,,,,,,,,,,,,0,2025-06-30,false,insufficient_annual_history:0,
SGH.AX,SGH,SGH Limited,,Capital Goods,AU,AUD,,36.26,405562046,1.470567936e+10,1.048533257e+10,1.0589e+10,1701100000,,,revenue=latest_fiscal_year|ebitda=latest_fiscal_year,,0,,,,,,,,,,,,,,,,,,,,,,,,,,4,2026-06-30,false,ttm_fcf_unavailable,financial_currency_missing_assumed_quote_currency|revenue_ttm_from_latest_fy|ebitda_ttm_from_latest_fy
SGI.AX,SGI,Stealth Group Holdings Ltd,Industrials,Industrial Distribution,AU,AUD,AUD,1.32,149557089,197415360,140759610.9,146018976,11180747,5131662,3658938.931,revenue=provider_ttm|ebitda=provider_ttm|fcf=provider_ttm_fcf_field,0.03514380213,1,0.06955453133,0.09573267183,0.03028732057,156175257.4,5488592.345,5310127.173,3786186.822,45722176.2,22906423.57,201809372.4,201809372.4,156303750.2,calculated,0.01876120409,0.1039183288,0.3619674573,,-0.08660403497,0.6039042465,,0.2586501058,219,81,,,4,2026-06-30,true,,revenue_ttm_from_provider|ebitda_ttm_from_provider|fcf_ttm_from_provider_fcf_field|preferred_stock_assumed_zero
SGM.AX,SGM,Sims Limited,Basic Materials,Steel,AU,AUD,AUD,24.01,193232991,4639524352,3308038657,8031900160,353100000,184137504,131292334.1,revenue=provider_ttm|ebitda=provider_ttm|fcf=provider_ttm_fcf_field,0.02292577103,1,0.02607579181,-0.002221336217,0.06852148385,8241338316,188939035.2,186538269.6,133004109.9,589447398.1,126559711.1,5664473526,5664473526,3738588115,calculated,0.02348040101,0.0017920541,0.08975781777,,-0.5815353066,-0.1606082386,,-0.3710717726,201,184,,,4,2026-06-30,true,,revenue_ttm_from_provider|ebitda_ttm_from_provider|fcf_ttm_from_provider_fcf_field|preferred_stock_assumed_zero
SGP.AX,SGP,Stockland,Real Estate,REIT - Diversified,AU,,AUD,,,,,,,,,,,0,,,,,,,,,,,,,,,,,,,,,,,,,,0,,false,excluded_industry:reit,
SGQ.AX,SGQ,St George Mining Limited,Basic Materials,Other Industrial Metals & Mining,AU,AUD,AUD,0.064,4698760028,300720672,214417585.2,,,,,,,0,,,,,,,,,,,,,,,,,,,,,,,,,,0,2024-06-30,false,insufficient_annual_history:0,stale_statements:807d
SGR.AX,SGR,The Star Entertainment Group Limited,Consumer Cyclical,Resorts & Casinos,AU,AUD,AUD,0.135,6636202776,895887424,638778893.3,1306200064,-44300000,-273362496,-194910864.9,revenue=provider_ttm|ebitda=provider_ttm|fcf=provider_ttm_fcf_field,,0,,,,,,,,,,,,,,,,,,,,,,,,,,4,2026-06-30,false,ttm_ebitda_not_positive,revenue_ttm_from_provider|ebitda_ttm_from_provider|fcf_ttm_from_provider_fcf_field
SHA.AX,SHA,SHAPE Australia Corporation Limited,Industrials,Engineering & Construction,AU,AUD,AUD,7.11,84980668,604212608,430811116.1,1239997952,50977000,38777000,27648484.04,revenue=provider_ttm|ebitda=provider_ttm|fcf=provider_ttm_fcf_field,0.03127182584,1,0.1972039178,0.1286359107,0.3000559284,1484530406,46423976.32,42600488.16,30374678.73,27165774.61,74113366.82,415310225.3,415310225.3,351844199.3,calculated,0.07313732453,0.1283410798,0.2974165555,,0.03175515559,0.4226102615,,0.2271827085,77,85,,,4,2026-06-30,true,,revenue_ttm_from_provider|ebitda_ttm_from_provider|fcf_ttm_from_provider_fcf_field|preferred_stock_assumed_zero
SHE.AX,SHE,Stonehorse Energy Limited,Energy,Oil & Gas E&P,AU,AUD,AUD,0.011,684460287,7529063,5368315.708,,,,,,,0,,,,,,,,,,,,,,,,,,,,,,,,,,0,,false,below_min_market_cap:5368316,
SHG.AX,SHG,Singular Health Group Ltd,Healthcare,Health Information Services,AU,AUD,AUD,0.19,326091299,61957344,44176358.07,,,,,,,0,,,,,,,,,,,,,,,,,,,,,,,,,,0,,false,below_min_market_cap:44176358,
SHJ.AX,SHJ,Shine Justice Ltd,Consumer Cyclical,Personal Services,AU,AUD,AUD,0.72,169390396,121961096,86959780.7,209256992,21202000,-12752250,-9092513.103,revenue=provider_ttm|ebitda=provider_ttm|fcf=provider_ttm_fcf_field,-0.06094061602,1,0.02365718022,-0.006323935261,0.06862885344,214207422.4,-13053932.28,-12903091.14,,,,,,,,,,,,,,,,,,,,4,2026-06-30,false,expected_fcf_not_positive,revenue_ttm_from_provider|ebitda_ttm_from_provider|fcf_ttm_from_provider_fcf_field
SHL.AX,SHL,Sonic Healthcare Limited,Healthcare,Diagnostics & Research,AU,AUD,AUD,19.35,494237953,9563504640,6818897940,1.086736998e+10,1872980992,736208000,524925474.9,revenue=provider_ttm|ebitda=provider_ttm|fcf=provider_ttm_fcf_field,0.06774481784,1,0.03700716322,0.0105652691,0.0766700044,1.126954052e+10,763452969.6,749830484.8,534638476.2,3686851942,480408542.1,1.013209214e+10,1.013209214e+10,1.062545519e+10,calculated,0.05276683916,0.01871091109,-0.1775148978,,-0.4995419956,-0.9112551603,,-0.7053985779,114,234,,,4,2025-06-30,true,,revenue_ttm_from_provider|ebitda_ttm_from_provider|fcf_ttm_from_provider_fcf_field|preferred_stock_assumed_zero
SHM.AX,SHM,Shriro Holdings Limited,Consumer Cyclical,Specialty Retail,AU,AUD,AUD,0.78,63944921,49877036,35562947.98,,,,,,,0,,,,,,,,,,,,,,,,,,,,,,,,,,0,,false,below_min_market_cap:35562948,
SHN.AX,SHN,Sunshine Metals Limited,Basic Materials,Other Industrial Metals & Mining,AU,AUD,AUD,0.039,3598094435,140325680,100053957.9,,,,,,,0,,,,,,,,,,,,,,,,,,,,,,,,,,0,2025-06-30,false,insufficient_annual_history:0,
SHO.AX,SHO,SportsHero Limited,Communication Services,Internet Content & Information,AU,AUD,AUD,0.051,908116678,46313948,33022421.85,,,,,,,0,,,,,,,,,,,,,,,,,,,,,,,,,,0,,false,below_min_market_cap:33022422,
SHV.AX,SHV,Select Harvests Limited,Consumer Defensive,Packaged Foods,AU,AUD,AUD,4.55,140168698,637767616,454736254.8,352752000,81379000,-19829366,-14138584.97,revenue=provider_ttm|ebitda=provider_ttm|fcf=provider_ttm_fcf_field,-0.05621333401,1,0.2282823208,0.2597933347,0.1810157999,433279045.2,-24356059.69,-22092712.84,,,,,,,,,,,,,,,,,,,,4,2025-09-30,false,expected_fcf_not_positive,revenue_ttm_from_provider|ebitda_ttm_from_provider|fcf_ttm_from_provider_fcf_field
SIG.AX,SIG,Sigma Healthcare Limited,Healthcare,Medical Distribution,AU,AUD,AUD,2.64,1.1502746e+10,3.036725043e+10,2.165222784e+10,1.08349655e+10,1037872000,390570752,278481811.5,revenue=provider_ttm|ebitda=provider_ttm|fcf=provider_ttm_fcf_field,0.03604725385,1,0.3,0.4750896169,0.8052755532,1.408545516e+10,507741977.6,449156364.8,320254083.2,1440675894,93493045.4,2.299499571e+10,2.299499571e+10,2.299499444e+10,calculated,0.0139271208,0.375459219,0.7752186767,,1.229355825,1.764538078,,1.496946951,235,18,,,4,2026-06-30,true,,revenue_ttm_from_provider|ebitda_ttm_from_provider|fcf_ttm_from_provider_fcf_field|growth_clamped_high|preferred_stock_assumed_zero
SIO.AX,SIO,Simonds Group Limited,Consumer Cyclical,Residential Construction,AU,AUD,AUD,0.16,359906450,57585032,41058845.15,,,,,,,0,,,,,,,,,,,,,,,,,,,,,,,,,,0,,false,below_min_market_cap:41058845,
SIQ.AX,SIQ,Smartgroup Corporation Ltd,Industrials,Specialty Business Services,AU,AUD,AUD,11.3,129977983,1468751232,1047237924,349665984,136682000,56195624,40068179.93,revenue=provider_ttm|ebitda=provider_ttm|fcf=provider_ttm_fcf_field,0.1607122985,1,0.10933018,0.1342205066,0.07199469007,387895029,62339501.69,59267562.84,42258510.6,65003919.67,222960421.3,1086832219,1086832219,1078829327,calculated,0.03888227626,0.1310710093,0.1368749903,,0.04498512524,-0.02827763208,,0.00835374658,159,108,,,4,2025-12-31,true,,revenue_ttm_from_provider|ebitda_ttm_from_provider|fcf_ttm_from_provider_fcf_field|preferred_stock_assumed_zero
SIS.AX,SIS,Simble Solutions Limited,Technology,Software - Application,AU,AUD,AUD,0.005,2218330351,11091652,7908486.044,,,,,,,0,,,,,,,,,,,,,,,,,,,,,,,,,,0,,false,below_min_market_cap:7908486,
SIV.AX,SIV,SIV Capital Limited,Industrials,Rental & Leasing Services,AU,AUD,AUD,0.15,47352839,7102926,5064474.718,,,,,,,0,,,,,,,,,,,,,,,,,,,,,,,,,,0,,false,below_min_market_cap:5064475,
SIX.AX,SIX,Sprintex Limited,Consumer Cyclical,Auto Parts,AU,AUD,AUD,0.059,725070912,42779184,30502091.09,,,,,,,0,,,,,,,,,,,,,,,,,,,,,,,,,,0,,false,below_min_market_cap:30502091,
SK1.AX,SK1,Skinkandy Limited,Consumer Cyclical,Luxury Goods,AU,AUD,AUD,2.7,111667000,301500896,214973894.6,90512000,17862000,11420750,8143137.017,revenue=provider_ttm|ebitda=provider_ttm|fcf=provider_ttm_fcf_field,0.1261794016,1,0.3,0.3638561607,0.3887814313,117665600,14846975,13133862.5,9364607.57,,,224971082.2,,224971082.2,provider,0.04162582799,0.3072177668,0.2920353982,,0.8986394757,0.4074970497,,0.6530682627,146,43,,,3,2025-06-30,true,,annual_history_below_preferred:3|revenue_ttm_from_provider|ebitda_ttm_from_provider|fcf_ttm_from_provider_fcf_field|growth_clamped_high|total_debt_unavailable|cash_unavailable|ev_from_provider_fallback
SKC.AX,SKC,SkyCity Entertainment Group Limited,Consumer Cyclical,Resorts & Casinos,AU,AUD,NZD,0.525,1103055047,579103872,412908274.6,816953024,130472000,-361370496,-208066857.9,revenue=provider_ttm|ebitda=provider_ttm|fcf=provider_ttm_fcf_field,-0.4423393823,1,-0.01374124622,-0.01668839622,-0.009320521219,805727071.3,-356404815,-358887655.5,,,,,,,,,,,,,,,,,,,,4,2026-06-30,false,expected_fcf_not_positive,reporting_currency_differs:NZD_vs_AUD|revenue_ttm_from_provider|ebitda_ttm_from_provider|fcf_ttm_from_provider_fcf_field
SKG.AX,SKG,Storage King Group,Real Estate,REIT - Industrial,AU,,AUD,,,,,,,,,,,0,,,,,,,,,,,,,,,,,,,,,,,,,,0,,false,excluded_industry:reit,
SKK.AX,SKK,Stakk Limited,Technology,Software - Application,AU,AUD,AUD,0.017,5678638538,96536864,68831986.58,14892187,1164823,-2124127,-1514529.011,revenue=provider_ttm|ebitda=provider_ttm|fcf=provider_ttm_fcf_field,-0.1426336508,1,0.3,-0.09541873603,2.292430895,19359843.1,-2761365.1,-2442746.05,,,,,,,,,,,,,,,,,,,,3,2025-06-30,false,expected_fcf_not_positive,annual_history_below_preferred:3|revenue_ttm_from_provider|ebitda_ttm_from_provider|fcf_ttm_from_provider_fcf_field|growth_clamped_high
SKM.AX,SKM,Skylark Minerals Limited,Basic Materials,Other Industrial Metals & Mining,AU,AUD,AUD,0.28,130766888,36614728,26106757.17,,,,,,,0,,,,,,,,,,,,,,,,,,,,,,,,,,0,,false,below_min_market_cap:26106757,
SKN.AX,SKN,Skin Elements Limited,Consumer Defensive,Household & Personal Products,AU,AUD,AUD,0.003,3491334115,10474003,7468094.613,,,,,,,0,,,,,,,,,,,,,,,,,,,,,,,,,,0,,false,below_min_market_cap:7468095,
SKO.AX,SKO,Serko Limited,Technology,Software - Infrastructure,AU,AUD,NZD,1.23,126139278,155151312,110624818.2,119391000,-8900000,2745750,1580924.789,revenue=provider_ttm|ebitda=provider_ttm|fcf=provider_ttm_fcf_field,,0,,,,,,,,,,,,,,,,,,,,,,,,,,4,2026-03-31,false,ttm_ebitda_not_positive,reporting_currency_differs:NZD_vs_AUD|revenue_ttm_from_provider|ebitda_ttm_from_provider|fcf_ttm_from_provider_fcf_field
SKS.AX,SKS,SKS Technologies Group Limited,Industrials,Electrical Equipment & Parts,AU,AUD,AUD,7.71,115370809,889508928,634230946.2,347927744,40388064,39123184,27895317.55,revenue=provider_ttm|ebitda=provider_ttm|fcf=provider_ttm_fcf_field,0.11244629,1,0.3,0.5725205146,0.9195703179,452306067.2,50860139.2,44991661.6,32079615.18,5982440.467,23156479.18,617201531.3,617201531.3,604180015.2,calculated,0.05197591637,0.4638956613,0.7139829365,,1.657942503,1.592554866,,1.625248685,116,11,,,4,2025-06-30,true,,revenue_ttm_from_provider|ebitda_ttm_from_provider|fcf_ttm_from_provider_fcf_field|growth_clamped_high|preferred_stock_assumed_zero
SKT.AX,SKT,SKY Network Television Limited,Communication Services,Entertainment,AU,AUD,NZD,2.9,137675010,399257536,284675596.7,824844992,74791000,57748000,33249656.64,revenue=provider_ttm|ebitda=provider_ttm|fcf=provider_ttm_fcf_field,0.07001072997,1,0.05769847956,0.03034136352,0.09873415361,872437293.9,61079971.8,59413985.9,34208883.95,35975935.02,45566562.07,276068387.5,276068387.5,274016779.2,calculated,0.1239145281,0.02534864659,0.01648962182,,-0.4673737521,-0.3663851194,,-0.4168794357,23,191,40.22553811,0.03,4,2026-06-30,true,,reporting_currency_differs:NZD_vs_AUD|revenue_ttm_from_provider|ebitda_ttm_from_provider|fcf_ttm_from_provider_fcf_field|preferred_stock_assumed_zero
SKY.AX,SKY,Sky Metals Limited,Basic Materials,Gold,AU,AUD,AUD,0.19,992332674,188543200,134433650.3,,,,,,,0,,,,,,,,,,,,,,,,,,,,,,,,,,0,2025-06-30,false,insufficient_annual_history:0,
SLA.AX,SLA,Solara Minerals Ltd,Basic Materials,Copper,AU,AUD,AUD,0.11,59234823,6515830,4645867.957,,,,,,,0,,,,,,,,,,,,,,,,,,,,,,,,,,0,,false,below_min_market_cap:4645868,
SLB.AX,SLB,Stelar Metals Limited,Basic Materials,Other Industrial Metals & Mining,AU,AUD,AUD,0.32,80707108,25826272,18414453.65,,,,,,,0,,,,,,,,,,,,,,,,,,,,,,,,,,0,,false,below_min_market_cap:18414454,
SLC.AX,SLC,Superloop Limited,Communication Services,Telecom Services,AU,AUD,AUD,2.69,515198103,1385883008,988151848.5,664304000,89464000,50622500,36094473.1,revenue=provider_ttm|ebitda=provider_ttm|fcf=provider_ttm_fcf_field,0.07620381633,1,0.2946097709,0.2955711734,0.2931676672,860014449.3,65536383.13,58079441.56,41411365.32,42948305.34,36760070.23,991967891.2,991967891.2,1092394498,calculated,0.0417466792,0.255943956,1.028846284,,0.65015286,2.476862125,,1.563507492,145,16,,,3,2024-06-30,true,,stale_statements:807d|annual_history_below_preferred:3|revenue_ttm_from_provider|ebitda_ttm_from_provider|fcf_ttm_from_provider_fcf_field|preferred_stock_assumed_zero
SLD.AX,SLD,"Saluda Medical, Inc.",Healthcare,Medical Devices,AU,AUD,USD,0.405,,,,,,,,,,0,,,,,,,,,,,,,,,,,,,,,,,,,,0,,false,market_cap_unavailable,
SLM.AX,SLM,Solis Minerals Ltd.,Basic Materials,Copper,AU,AUD,AUD,0.066,154401655,10190509,7265959.859,,,,,,,0,,,,,,,,,,,,,,,,,,,,,,,,,,0,,false,below_min_market_cap:7265960,
SLS.AX,SLS,Solstice Minerals Limited,Basic Materials,Other Industrial Metals & Mining,AU,AUD,AUD,2.24,172160386,385639264,274965599.1,,,,,,,0,,,,,,,,,,,,,,,,,,,,,,,,,,0,2024-06-30,false,insufficient_annual_history:0,stale_statements:807d
SLX.AX,SLX,Silex Systems Limited,Technology,Semiconductors,AU,AUD,AUD,4.32,278438291,1202853504,857649532.2,18865644,860208,1673470,1193204.956,revenue=provider_ttm|ebitda=provider_ttm|fcf=provider_ttm_fcf_field,0.08870463155,1,0.3,0.2947036473,0.9556158157,24525337.2,2175511,1924490.5,1372185.7,457894.4608,11431805.01,990131301.6,990131301.6,729234094.9,calculated,0.001385862357,0.2745799619,-0.2787078566,,0.7404679343,-1.195459939,,-0.2274960025,273,158,,,4,2026-06-30,true,,revenue_ttm_from_provider|ebitda_ttm_from_provider|fcf_ttm_from_provider_fcf_field|growth_clamped_high|preferred_stock_assumed_zero
SLZ.AX,SLZ,Sultan Resources Limited,Basic Materials,Other Industrial Metals & Mining,AU,AUD,AUD,0.008,536320499,4681296,3337822.362,,,,,,,0,,,,,,,,,,,,,,,,,,,,,,,,,,0,,false,below_min_market_cap:3337822,
SM1.AX,SM1,Synlait Milk Limited,Consumer Defensive,Packaged Foods,AU,AUD,NZD,0.33,603198098,199055376,141928962.7,1825974016,-77302000,-372603264,-214534366.4,revenue=provider_ttm|ebitda=provider_ttm|fcf=provider_ttm_fcf_field,,0,,,,,,,,,,,,,,,,,,,,,,,,,,3,2025-07-31,false,ttm_ebitda_not_positive,reporting_currency_differs:NZD_vs_AUD|annual_history_below_preferred:3|revenue_ttm_from_provider|ebitda_ttm_from_provider|fcf_ttm_from_provider_fcf_field
SMI.AX,SMI,Santana Minerals Limited,Basic Materials,Other Precious Metals & Mining,AU,AUD,AUD,0.515,985760563,507666688,361972672.5,,,,,,,0,,,,,,,,,,,,,,,,,,,,,,,,,,0,2025-06-30,false,insufficient_annual_history:0,
SMM.AX,SMM,Somerset Minerals Limited,Basic Materials,Other Industrial Metals & Mining,AU,AUD,AUD,0.011,1604625050,17650876,12585294.46,,,,,,,0,,,,,,,,,,,,,,,,,,,,,,,,,,0,,false,below_min_market_cap:12585294,
SMN.AX,SMN,Structural Monitoring Systems Plc,Technology,Scientific & Technical Instruments,AU,AUD,AUD,0.385,155606779,59908612,42715586.63,,,,,,,0,,,,,,,,,,,,,,,,,,,,,,,,,,0,,false,below_min_market_cap:42715587,
SMR.AX,SMR,Stanmore Resources Limited,Basic Materials,Coking Coal,AU,AUD,AUD,2.85,901391634,2568966144,1831704862,300184992,17751000,-71908128,-51271391.02,revenue=provider_ttm|ebitda=provider_ttm|fcf=provider_ttm_fcf_field,-0.2395460463,1,-0.15,-0.1130160384,-0.2146942183,255157243.2,-61121908.8,-66515018.4,,,,,,,,,,,,,,,,,,,,4,2025-12-31,false,expected_fcf_not_positive,revenue_ttm_from_provider|ebitda_ttm_from_provider|fcf_ttm_from_provider_fcf_field|growth_clamped_low
SMS.AX,SMS,Star Minerals Limited,Basic Materials,Gold,AU,AUD,AUD,0.042,260764593,10952113,7808992.998,,,,,,,0,,,,,,,,,,,,,,,,,,,,,,,,,,0,,false,below_min_market_cap:7808993,
SMX.AX,SMX,Strata Minerals Limited,,Materials,AU,AUD,,0.017,399953113,6799203,4847916.436,,,,,,,0,,,,,,,,,,,,,,,,,,,,,,,,,,0,,false,below_min_market_cap:4847916,
SND.AX,SND,Saunders International Limited,Industrials,Engineering & Construction,AU,AUD,AUD,0.8,140818031,112654424,80324007.64,305628000,1891000,14318250,10209090.61,revenue=provider_ttm|ebitda=provider_ttm|fcf=provider_ttm_fcf_field,0.04684861989,1,0.2599539747,0.1501323596,0.4246863973,385077213.4,18040336,16179293,11536037.45,12317290.19,21245632.18,116632028,116632028,70696422.89,calculated,0.09890968761,0.1334605321,-0.3360524342,,0.05656539236,-1.356514653,,-0.6499746302,42,227,,,4,2026-06-30,true,,revenue_ttm_from_provider|ebitda_ttm_from_provider|fcf_ttm_from_provider_fcf_field|preferred_stock_assumed_zero
SNG.AX,SNG,Siren Gold Limited,Basic Materials,Gold,AU,AUD,AUD,0.039,301011817,11739461,8370381.93,,,,,,,0,,,,,,,,,,,,,,,,,,,,,,,,,,0,,false,below_min_market_cap:8370382,
SNL.AX,SNL,Supply Network Limited,Consumer Cyclical,Auto Parts,AU,AUD,AUD,32.94,43867845,1445006720,1030307792,403092000,72418000,31116884,22186725.91,revenue=provider_ttm|ebitda=provider_ttm|fcf=provider_ttm_fcf_field,0.07719548887,1,0.2926735035,0.2664482074,0.3320114475,521066347.9,40223971.46,35670427.73,25433459.31,30663100.71,12736541.52,1162699945,1162699945,1044983664,calculated,0.02187448226,0.2297727497,0.2611330662,,0.5233201866,0.3207065206,,0.4220133536,211,63,,,4,2026-06-30,true,,revenue_ttm_from_provider|ebitda_ttm_from_provider|fcf_ttm_from_provider_fcf_field|preferred_stock_assumed_zero
SNM.AX,SNM,Sentinel Metals Limited,Basic Materials,Gold,AU,AUD,AUD,0.54,139231489,75185008,53607847.28,,,,,,,0,,,,,,,,,,,,,,,,,,,,,,,,,,0,2025-12-31,false,insufficient_annual_history:0,
SNS.AX,SNS,SenSen Networks Limited,Technology,Software - Infrastructure,AU,AUD,AUD,0.032,829932335,26557836,18936067.9,,,,,,,0,,,,,,,,,,,,,,,,,,,,,,,,,,0,,false,below_min_market_cap:18936068,
SNT.AX,SNT,Syntara Limited,Healthcare,Drug Manufacturers - Specialty & Generic,AU,AUD,AUD,0.025,1963019275,49075484,34991431.42,,,,,,,0,,,,,,,,,,,,,,,,,,,,,,,,,,0,,false,below_min_market_cap:34991431,
SNX.AX,SNX,Sierra Nevada Gold Inc.,Basic Materials,Gold,AU,AUD,USD,0.115,498113349,57283036,40843518.24,,,,,,,0,,,,,,,,,,,,,,,,,,,,,,,,,,0,,false,below_min_market_cap:40843518,
SNZ.AX,SNZ,Summerset Group Holdings Limited,Healthcare,Medical Care Facilities,AU,AUD,NZD,6.2,244371729,1515104640,1080288482,388359008,44186000,-277291840,-159656758.1,revenue=provider_ttm|ebitda=provider_ttm|fcf=provider_ttm_fcf_field,-0.7140090336,1,0.1433424948,0.1504995936,0.1326068466,444027357.1,-317039544.1,-297165692.1,,,,,,,,,,,,,,,,,,,,4,2025-12-31,false,expected_fcf_not_positive,reporting_currency_differs:NZD_vs_AUD|revenue_ttm_from_provider|ebitda_ttm_from_provider|fcf_ttm_from_provider_fcf_field
SOC.AX,SOC,SOCO Corporation Ltd,Technology,Information Technology Services,AU,AUD,AUD,0.04,139355091,5574204,3974476.889,,,,,,,0,,,,,,,,,,,,,,,,,,,,,,,,,,0,,false,below_min_market_cap:3974477,
SOL.AX,SOL,Washington H. Soul Pattinson and Company Limited,Financial Services,Capital Markets,AU,,AUD,,,,,,,,,,,0,,,,,,,,,,,,,,,,,,,,,,,,,,0,,false,excluded_sector:Financial Services,
SOM.AX,SOM,SomnoMed Limited,Healthcare,Medical Devices,AU,AUD,AUD,0.335,219768253,73622368,52493665.49,114532000,3012000,3053000,2176827.031,revenue=provider_ttm|ebitda=provider_ttm|fcf=provider_ttm_fcf_field,0.02665630566,1,0.1983942888,0.1642220572,0.2496526363,137254494.7,3658697.764,3355848.882,2392762.056,3891621.99,12252406.06,77929671.88,77929671.88,44132878.57,calculated,0.03070412076,0.147789426,0.496027341,,0.1260070488,0.9804171983,,0.5532121235,180,48,,,4,2026-06-30,true,,revenue_ttm_from_provider|ebitda_ttm_from_provider|fcf_ttm_from_provider_fcf_field|preferred_stock_assumed_zero
SOP.AX,SOP,Synertec Corporation Limited,Industrials,Engineering & Construction,AU,AUD,AUD,0.077,640157582,49292132,35145904.14,,,,,,,0,,,,,,,,,,,,,,,,,,,,,,,,,,0,,false,below_min_market_cap:35145904,
SOR.AX,SOR,Strategic Elements Ltd,Financial Services,Asset Management,AU,,AUD,,,,,,,,,,,0,,,,,,,,,,,,,,,,,,,,,,,,,,0,,false,excluded_sector:Financial Services,
SP3.AX,SP3,Spectur Limited,Industrials,Security & Protection Services,AU,AUD,AUD,0.0085,415922712,3535343,2520743.598,,,,,,,0,,,,,,,,,,,,,,,,,,,,,,,,,,0,,false,below_min_market_cap:2520744,
SP8.AX,SP8,StreamPlay Studio Limited,Communication Services,Electronic Gaming & Multimedia,AU,AUD,AUD,0.008,1331254335,10650035,7593607.621,,,,,,,0,,,,,,,,,,,,,,,,,,,,,,,,,,0,,false,below_min_market_cap:7593608,
SPA.AX,SPA,Spacetalk Limited,Communication Services,Telecom Services,AU,AUD,AUD,0.079,303970364,24013660,17122038.72,,,,,,,0,,,,,,,,,,,,,,,,,,,,,,,,,,0,,false,below_min_market_cap:17122039,
SPD.AX,SPD,Southern Palladium Limited,Basic Materials,Other Precious Metals & Mining,AU,AUD,AUD,1.8,132328911,238192032,169833885.9,,,,,,,0,,,,,,,,,,,,,,,,,,,,,,,,,,0,2024-06-30,false,insufficient_annual_history:0,stale_statements:807d
SPG.AX,SPG,SPC Global Holdings Ltd,Consumer Defensive,Packaged Foods,AU,AUD,AUD,0.074,1193312603,88305136,62962661.98,331800000,17556000,-24026124,-17130925.7,revenue=provider_ttm|ebitda=provider_ttm|fcf=provider_ttm_fcf_field,-0.07241146474,1,0.1748856713,0.1821603137,0.1639737078,389827065.7,-28227948.83,-26127036.41,,,,,,,,,,,,,,,,,,,,3,2025-06-30,false,expected_fcf_not_positive,annual_history_below_preferred:3|revenue_ttm_from_provider|ebitda_ttm_from_provider|fcf_ttm_from_provider_fcf_field
SPK.AX,SPK,Spark New Zealand Limited,Communication Services,Telecom Services,AU,AUD,NZD,1.665,1890130108,3147066368,2243897523,3948999936,1011000000,975249984,561521214.6,revenue=provider_ttm|ebitda=provider_ttm|fcf=provider_ttm_fcf_field,0.246961256,1,-0.01099862901,-0.0209071823,0.003864200938,3905566351,964523571.2,969886777.6,558433232.9,1094541755,90396136.52,4196338918,4196338918,3535876277,calculated,0.1330762943,-0.02282798442,-0.113494262,,-0.7008506054,-0.7314504499,,-0.7161505277,19,235,,,4,2026-06-30,true,,reporting_currency_differs:NZD_vs_AUD|revenue_ttm_from_provider|ebitda_ttm_from_provider|fcf_ttm_from_provider_fcf_field|preferred_stock_assumed_zero
SPL.AX,SPL,Starpharma Holdings Limited,Healthcare,Biotechnology,AU,AUD,AUD,0.745,477054949,355405920,253408848.2,12668000,-7177000,-708625,-505258.4523,revenue=provider_ttm|ebitda=provider_ttm|fcf=provider_ttm_fcf_field,,0,,,,,,,,,,,,,,,,,,,,,,,,,,4,2026-06-30,false,ttm_ebitda_not_positive,revenue_ttm_from_provider|ebitda_ttm_from_provider|fcf_ttm_from_provider_fcf_field
SPN.AX,SPN,Sparc Technologies Limited,Basic Materials,Specialty Chemicals,AU,AUD,AUD,0.17,123203630,20944618,14933773.54,,,,,,,0,,,,,,,,,,,,,,,,,,,,,,,,,,0,,false,below_min_market_cap:14933774,
SPQ.AX,SPQ,Superior Resources Limited,Basic Materials,Other Industrial Metals & Mining,AU,AUD,AUD,0.003,2640670820,7922013,5648493.953,,,,,,,0,,,,,,,,,,,,,,,,,,,,,,,,,,0,,false,below_min_market_cap:5648494,
SPX.AX,SPX,Spenda Limited,Technology,Software - Infrastructure,AU,AUD,AUD,0.002,1208150889,2416302,1722853.426,,,,,,,0,,,,,,,,,,,,,,,,,,,,,,,,,,0,,false,below_min_market_cap:1722853,
SPZ.AX,SPZ,Smart Parking Limited,Industrials,Infrastructure Operations,AU,AUD,AUD,0.755,420631770,317576992,226436351.3,126316688,56973760,24635252,17565241.55,revenue=provider_ttm|ebitda=provider_ttm|fcf=provider_ttm_fcf_field,0.195027691,1,0.2958559943,0.2172826298,0.413716041,163688237.3,31923738.97,28279495.49,20163632.56,7477074.291,15243146.08,281254087.3,281254087.3,211883869.7,calculated,0.07169187388,0.2055469431,0.2685032499,,0.4059154412,0.3414059987,,0.3736607199,83,68,,,4,2026-06-30,true,,revenue_ttm_from_provider|ebitda_ttm_from_provider|fcf_ttm_from_provider_fcf_field|preferred_stock_assumed_zero
SQX.AX,SQX,SQX Resources Limited,Basic Materials,Other Industrial Metals & Mining,AU,AUD,AUD,0.044,92550000,4072200,2903529.327,,,,,,,0,,,,,,,,,,,,,,,,,,,,,,,,,,0,,false,below_min_market_cap:2903529,
SRG.AX,SRG,SRG Global Limited,Industrials,Engineering & Construction,AU,AUD,AUD,3.79,633367222,2400461824,1711559183,1676333952,150780992,114252496,81463452.88,revenue=provider_ttm|ebitda=provider_ttm|fcf=provider_ttm_fcf_field,0.06815616653,1,0.2712674369,0.2746801486,0.2661483692,2131068766,145245477.7,129748986.9,92512643.91,122086984,103190727.8,2064458994,2064458994,1712147116,calculated,0.04481205205,0.2340425043,0.2613953035,,0.5440125609,0.3214430252,,0.432727793,134,61,,,4,2026-06-30,true,,revenue_ttm_from_provider|ebitda_ttm_from_provider|fcf_ttm_from_provider_fcf_field|preferred_stock_assumed_zero
SRH.AX,SRH,Saferoads Holdings Limited,Industrials,Industrial Distribution,AU,AUD,AUD,0.105,43346454,4551377,3245188.497,,,,,,,0,,,,,,,,,,,,,,,,,,,,,,,,,,0,,false,below_min_market_cap:3245188,
SRJ.AX,SRJ,SRJ Technologies Group Plc,Energy,Oil & Gas Equipment & Services,AU,AUD,GBP,0.005,1741001000,8705005,6206777.002,,,,,,,0,,,,,,,,,,,,,,,,,,,,,,,,,,0,,false,below_min_market_cap:6206777,
SRK.AX,SRK,Strike Resources Limited,Basic Materials,Other Industrial Metals & Mining,AU,AUD,AUD,0.02,283750000,5675000,4046345.693,,,,,,,0,,,,,,,,,,,,,,,,,,,,,,,,,,0,,false,below_min_market_cap:4046346,
SRL.AX,SRL,Sunrise Energy Metals Limited,Industrials,Pollution & Treatment Controls,AU,AUD,AUD,18.48,169485945,3132100352,2233226567,,,,,,,0,,,,,,,,,,,,,,,,,,,,,,,,,,0,2026-06-30,false,insufficient_annual_history:0,
SRN.AX,SRN,Surefire Resources NL,Basic Materials,Other Industrial Metals & Mining,AU,AUD,AUD,0.022,,,,,,,,,,0,,,,,,,,,,,,,,,,,,,,,,,,,,0,,false,market_cap_unavailable,
SRR.AX,SRR,Sarama Resources Ltd,Basic Materials,Gold,AU,AUD,USD,0.029,503591948,14604166,10412952.28,,,,,,,0,,,,,,,,,,,,,,,,,,,,,,,,,,0,,false,below_min_market_cap:10412952,
SRV.AX,SRV,Servcorp Limited,Real Estate,Real Estate Services,AU,AUD,AUD,6.04,101854888,615203520,438647773.3,363697984,107773000,163414256,116516400.2,revenue=provider_ttm|ebitda=provider_ttm|fcf=provider_ttm_fcf_field,0.4493130652,1,0.07477644235,0.07531686926,0.07396580197,390894025.3,175633792.7,169524024.3,120872741.1,264668798,73654186.8,768426729.8,768426729.8,564977609.2,calculated,0.1572989804,0.07252127872,0.04649656521,,-0.2387625462,-0.2821093278,,-0.260435937,14,163,74.16529287,0.03,3,2024-06-30,true,,stale_statements:807d|annual_history_below_preferred:3|revenue_ttm_from_provider|ebitda_ttm_from_provider|fcf_ttm_from_provider_fcf_field|preferred_stock_assumed_zero
SRZ.AX,SRZ,Stellar Resources Limited,Basic Materials,Other Industrial Metals & Mining,AU,AUD,AUD,0.38,340023591,129208960,92127598.02,,,,,,,0,,,,,,,,,,,,,,,,,,,,,,,,,,0,2025-06-30,false,insufficient_annual_history:0,
SS1.AX,SS1,Sun Silver Limited,Basic Materials,Other Precious Metals & Mining,AU,AUD,AUD,0.94,185511922,174381200,124335967.8,,,,,,,0,,,,,,,,,,,,,,,,,,,,,,,,,,0,2025-12-31,false,insufficient_annual_history:0,
SSG.AX,SSG,Shaver Shop Group Limited,Consumer Cyclical,Specialty Retail,AU,AUD,AUD,1.29,131012494,169006112,120503463.1,225100192,25828376,26634888,18991006.93,revenue=provider_ttm|ebitda=provider_ttm|fcf=provider_ttm_fcf_field,0.1183245903,1,-0.0137316172,-0.007595623649,-0.02293560753,222009202.3,26269147.91,26452017.96,18860618.31,,,144569812.5,,144569812.5,provider,0.1304602806,-0.007584849966,-0.01270930757,,-0.6269782944,-0.448391569,,-0.5376849317,22,218,34.72670815,0.02867756404,3,2025-06-30,true,,annual_history_below_preferred:3|revenue_ttm_from_provider|ebitda_ttm_from_provider|fcf_ttm_from_provider_fcf_field|total_debt_unavailable|cash_unavailable|ev_from_provider_fallback
SSH.AX,SSH,SSH Group Limited,Industrials,Specialty Business Services,AU,AUD,AUD,0.145,110228329,15983107,11396154.39,,,,,,,0,,,,,,,,,,,,,,,,,,,,,,,,,,0,,false,below_min_market_cap:11396154,
SSL.AX,SSL,Sietel Limited,Real Estate,Real Estate Services,AU,AUD,AUD,8.6,8007479,68864328,49101123.7,,,,,,,0,,,,,,,,,,,,,,,,,,,,,,,,,,0,,false,below_min_market_cap:49101124,
SSM.AX,SSM,Service Stream Limited,Industrials,Engineering & Construction,AU,AUD,AUD,2.38,612912000,1458730624,1040093106,2353657088,92497000,78110128,55693494.27,revenue=provider_ttm|ebitda=provider_ttm|fcf=provider_ttm_fcf_field,0.03318670693,1,0.0321914944,0.04684072253,0.0102176522,2429424827,80624609.75,79367368.87,56589922.68,78538322.13,57522279.96,1433045679,1433045679,1061109108,calculated,0.03948926646,0.04181878491,0.1716540716,,-0.3875550518,0.06940091408,,-0.1590770689,157,139,,,4,2026-06-30,true,,revenue_ttm_from_provider|ebitda_ttm_from_provider|fcf_ttm_from_provider_fcf_field|preferred_stock_assumed_zero
SST.AX,SST,Steamships Trading Company Limited,Industrials,Integrated Freight & Logistics,AU,AUD,PGK,9.7,31008237,300779872,214459795.5,,,,,,,0,,,,,,,,,,,,,,,,,,,,,,,,,,4,2025-12-31,false,fx_rate_unavailable:PGK,reporting_currency_differs:PGK_vs_AUD
STG.AX,STG,Straker Limited,Industrials,Specialty Business Services,AU,AUD,NZD,0.125,64339299,8042412,5734339.939,,,,,,,0,,,,,,,,,,,,,,,,,,,,,,,,,,0,,false,below_min_market_cap:5734340,
STH.AX,STH,StepChange Holdings Limited,Technology,Software - Application,AU,AUD,AUD,0.125,164374344,20546792,14650118.65,,,,,,,0,,,,,,,,,,,,,,,,,,,,,,,,,,0,,false,below_min_market_cap:14650119,
STK.AX,STK,Strickland Metals Limited,Basic Materials,Other Precious Metals & Mining,AU,AUD,AUD,0.068,2641718767,179636880,128083333.2,,,,,,,0,,,,,,,,,,,,,,,,,,,,,,,,,,0,2024-06-30,false,insufficient_annual_history:0,stale_statements:807d
STM.AX,STM,Sunstone Metals Limited,Basic Materials,Other Industrial Metals & Mining,AU,AUD,AUD,0.2,284028560,56805708,40503177.43,,,,,,,0,,,,,,,,,,,,,,,,,,,,,,,,,,0,,false,below_min_market_cap:40503177,
STN.AX,STN,Saturn Metals Limited,Basic Materials,Gold,AU,AUD,AUD,0.475,664252988,315520160,224969804.5,,,,,,,0,,,,,,,,,,,,,,,,,,,,,,,,,,0,2026-06-30,false,insufficient_annual_history:0,
STO.AX,STO,Santos Limited,Energy,Oil & Gas E&P,AU,AUD,USD,8.55,,,,,,,,,,0,,,,,,,,,,,,,,,,,,,,,,,,,,0,,false,market_cap_unavailable,
STP.AX,STP,Step One Clothing Limited,Consumer Cyclical,Apparel Retail,AU,AUD,AUD,0.125,182422645,22802830,16258701.84,,,,,,,0,,,,,,,,,,,,,,,,,,,,,,,,,,0,,false,below_min_market_cap:16258702,
STV.AX,STV,Swift TV Ltd,Communication Services,Entertainment,AU,AUD,AUD,0.006,1450335407,8702012,6204642.956,,,,,,,0,,,,,,,,,,,,,,,,,,,,,,,,,,0,,false,below_min_market_cap:6204643,
STX.AX,STX,Strike Energy Limited,Energy,Oil & Gas E&P,AU,AUD,AUD,0.11,3599396998,395933696,282305657.4,,,,,,,0,,,,,,,,,,,,,,,,,,,,,,,,,,2,2025-06-30,false,insufficient_annual_history:2,
SUH.AX,SUH,Southern Hemisphere Mining Limited,Basic Materials,Other Industrial Metals & Mining,AU,AUD,AUD,0.033,736240044,24295922,17323295.04,,,,,,,0,,,,,,,,,,,,,,,,,,,,,,,,,,0,,false,below_min_market_cap:17323295,
SUL.AX,SUL,Super Retail Group Limited,Consumer Cyclical,Specialty Retail,AU,AUD,AUD,12.54,225826500,2831864320,2019154536,4199800064,451600000,397187488,283199626.7,revenue=provider_ttm|ebitda=provider_ttm|fcf=provider_ttm_fcf_field,0.09457295156,1,0.03294967677,0.03367176867,0.03186653891,4338182119,410274687.3,403731087.7,287865294.7,942388564.3,11907308.03,3876266782,3876266782,2949635747,calculated,0.0742635404,0.03457452476,-0.01918786907,,-0.4226626762,-0.4665868877,,-0.4446247819,73,199,,,4,2026-06-30,true,,revenue_ttm_from_provider|ebitda_ttm_from_provider|fcf_ttm_from_provider_fcf_field|preferred_stock_assumed_zero
SUN.AX,SUN,Suncorp Group Limited,Financial Services,Insurance - Property & Casualty,AU,,AUD,,,,,,,,,,,0,,,,,,,,,,,,,,,,,,,,,,,,,,0,,false,excluded_sector:Financial Services,
SVG.AX,SVG,Savannah Goldfields Limited,Basic Materials,Gold,AU,AUD,AUD,0.006,2141577039,12849463,9161827.183,,,,,,,0,,,,,,,,,,,,,,,,,,,,,,,,,,0,,false,below_min_market_cap:9161827,
SVL.AX,SVL,Silver Mines Limited,Consumer Defensive,Farm Products,AU,AUD,AUD,0.15,2219374185,332906112,237366204.8,364794,-3500427,-4609810,-3286851.954,revenue=provider_ttm|ebitda=provider_ttm|fcf=provider_ttm_fcf_field,,0,,,,,,,,,,,,,,,,,,,,,,,,,,3,2024-06-30,false,ttm_ebitda_not_positive,stale_statements:807d|annual_history_below_preferred:3|revenue_ttm_from_provider|ebitda_ttm_from_provider|fcf_ttm_from_provider_fcf_field
SVM.AX,SVM,Sovereign Metals Limited,Basic Materials,Other Industrial Metals & Mining,AU,AUD,AUD,0.51,655961203,334540224,238531347,,,,,,,0,,,,,,,,,,,,,,,,,,,,,,,,,,0,2025-06-30,false,insufficient_annual_history:0,
SVR.AX,SVR,Solvar Limited,Financial Services,Credit Services,AU,,AUD,,,,,,,,,,,0,,,,,,,,,,,,,,,,,,,,,,,,,,0,,false,excluded_sector:Financial Services,
SVY.AX,SVY,Stavely Minerals Limited,Basic Materials,Other Industrial Metals & Mining,AU,AUD,AUD,0.015,1032612487,15489187,11043983.28,,,,,,,0,,,,,,,,,,,,,,,,,,,,,,,,,,0,,false,below_min_market_cap:11043983,
SWP.AX,SWP,Swoop Holdings Limited,Communication Services,Telecom Services,AU,AUD,AUD,0.08,311061219,24884896,17743240.84,,,,,,,0,,,,,,,,,,,,,,,,,,,,,,,,,,0,,false,below_min_market_cap:17743241,
SX2.AX,SX2,Southern Cross Gold Consolidated Ltd.,Basic Materials,Gold,AU,AUD,CAD,12.26,269653562,3305952768,2357185505,0,-6482525,-57849626,-41553268.25,revenue=quarterly_sum|ebitda=quarterly_sum|fcf=quarterly_sum,,0,,,,,,,,,,,,,,,,,,,,,,,,,,4,2026-05-31,false,ttm_ebitda_not_positive,reporting_currency_differs:CAD_vs_AUD
SXE.AX,SXE,Southern Cross Electrical Engineering Limited,Industrials,Engineering & Construction,AU,AUD,AUD,4.05,308489534,1249382656,890825397.2,718699008,72401000,98245752,70050445.01,revenue=provider_ttm|ebitda=provider_ttm|fcf=provider_ttm_fcf_field,0.1366994401,1,0.05256027652,0.1564378489,-0.1032560821,756474026.6,103409575.9,100827663.9,71891380.39,15440997.77,186485556.1,961902043.9,961902043.9,705527719.9,calculated,0.07473877496,0.1595055999,-0.01246275485,,0.1827867647,-0.4476991151,,-0.1324561752,72,133,,,4,2026-06-30,true,,revenue_ttm_from_provider|ebitda_ttm_from_provider|fcf_ttm_from_provider_fcf_field|preferred_stock_assumed_zero
SXL.AX,SXL,Southern Cross Media Group Limited,Communication Services,Entertainment,AU,AUD,AUD,0.545,478779139,260934640,186049648.8,1108274944,164796000,-18889876,-13468716.9,revenue=provider_ttm|ebitda=provider_ttm|fcf=provider_ttm_fcf_field,-0.01704439508,1,0.3,0.3004282892,1.628118634,1440757427,-24556838.8,-21723357.4,,,,,,,,,,,,,,,,,,,,4,2026-06-30,false,expected_fcf_not_positive,revenue_ttm_from_provider|ebitda_ttm_from_provider|fcf_ttm_from_provider_fcf_field|growth_clamped_high
SYL.AX,SYL,Symal Group Limited,Industrials,Engineering & Construction,AU,AUD,AUD,2.67,239144000,638514496,455268789.6,1123630976,86370000,9534500,6798217.27,revenue=provider_ttm|ebitda=provider_ttm|fcf=provider_ttm_fcf_field,0.008485437126,1,0.2181736211,0.1786666612,0.2774340609,1368777615,11614676.39,10574588.2,7539813.11,144919068.9,58187520.58,545768608.7,545768608.7,545769167.7,calculated,0.01381503624,0.1688308714,0.1960927973,,0.2279795273,0.1380381269,,0.1830088271,236,90,,,4,2026-06-30,true,,revenue_ttm_from_provider|ebitda_ttm_from_provider|fcf_ttm_from_provider_fcf_field|preferred_stock_assumed_zero
SYR.AX,SYR,Syrah Resources Limited,Basic Materials,Other Industrial Metals & Mining,AU,AUD,USD,0.11,,,,,,,,,,0,,,,,,,,,,,,,,,,,,,,,,,,,,0,,false,market_cap_unavailable,
T3D.AX,T3D,333D Limited,Technology,Computer Hardware,AU,AUD,AUD,0.034,201520476,6851696,4885344.599,,,,,,,0,,,,,,,,,,,,,,,,,,,,,,,,,,0,,false,below_min_market_cap:4885345,
T88.AX,T88,Taiton Resources Limited,Basic Materials,Other Precious Metals & Mining,AU,AUD,AUD,0.045,123848758,5573194,3973756.747,,,,,,,0,,,,,,,,,,,,,,,,,,,,,,,,,,0,,false,below_min_market_cap:3973757,
T92.AX,T92,Terra Critical Minerals Limited,Energy,Uranium,AU,AUD,AUD,0.047,148365546,6973180,4971964.204,,,,,,,0,,,,,,,,,,,,,,,,,,,,,,,,,,0,,false,below_min_market_cap:4971964,
TAH.AX,TAH,Tabcorp Holdings Limited,Consumer Cyclical,Gambling,AU,AUD,AUD,0.925,2292644230,2120696064,1512082711,2639500032,300700000,161624992,115240632.6,revenue=provider_ttm|ebitda=provider_ttm|fcf=provider_ttm_fcf_field,0.06123318433,1,0.01946853457,0.02691452516,0.008299548688,2690887230,164771593.7,163198292.9,116362415.8,593226364.1,218039209.3,2786521176,2786521176,1804989050,calculated,0.04175902798,0.03517088645,0.2994383611,,-0.4197725477,0.4282885896,,0.004258020923,144,109,,,4,2026-06-30,true,,revenue_ttm_from_provider|ebitda_ttm_from_provider|fcf_ttm_from_provider_fcf_field|preferred_stock_assumed_zero
TAL.AX,TAL,Talius Group Limited,Technology,Software - Infrastructure,AU,AUD,AUD,0.06,344272305,20656338,14728226.31,,,,,,,0,,,,,,,,,,,,,,,,,,,,,,,,,,0,,false,below_min_market_cap:14728226,
TAM.AX,TAM,Tanami Gold NL,Basic Materials,Gold,AU,AUD,AUD,0.066,2350194092,155112816,110597370,,,,,,,0,,,,,,,,,,,,,,,,,,,,,,,,,,0,2025-06-30,false,insufficient_annual_history:0,
TAR.AX,TAR,Taruga Minerals Limited,Basic Materials,Other Precious Metals & Mining,AU,AUD,AUD,0.022,949511716,20889258,14894301.17,,,,,,,0,,,,,,,,,,,,,,,,,,,,,,,,,,0,,false,below_min_market_cap:14894301,
TAS.AX,TAS,Tasman Resources Ltd,Basic Materials,Other Industrial Metals & Mining,AU,AUD,AUD,0.037,553381189,20475104,14599004.21,,,,,,,0,,,,,,,,,,,,,,,,,,,,,,,,,,0,,false,below_min_market_cap:14599004,
TAT.AX,TAT,Tartana Minerals Limited,Basic Materials,Other Industrial Metals & Mining,AU,AUD,AUD,0.016,391146106,6258338,4462272.953,,,,,,,0,,,,,,,,,,,,,,,,,,,,,,,,,,0,,false,below_min_market_cap:4462273,
TBN.AX,TBN,Tamboran Resources Corporation,Energy,Oil & Gas E&P,AU,AUD,USD,0.275,6971282400,1917102720,1366918121,0,-32897136,-162158870,-162158870,revenue=quarterly_sum|ebitda=quarterly_sum|fcf=quarterly_sum,,0,,,,,,,,,,,,,,,,,,,,,,,,,,4,2025-06-30,false,ttm_ebitda_not_positive,reporting_currency_differs:USD_vs_AUD
TBR.AX,TBR,Tribune Resources Limited,Basic Materials,Gold,AU,AUD,AUD,5.04,52468077,264439104,188548375.2,166096000,108444584,11107091,7919494.243,revenue=provider_ttm|ebitda=provider_ttm|fcf=provider_ttm_fcf_field,0.06687151406,1,0.2478049254,0.08919056923,0.4857264597,207255406.9,13859482.86,12483286.93,8900739.083,,8876146.621,221693757.5,,221693757.5,provider,0.04014880339,0.1028978867,0.410805397,,-0.09154937035,0.7410677018,,0.3247591657,152,73,,,4,2025-06-30,true,,revenue_ttm_from_provider|ebitda_ttm_from_provider|fcf_ttm_from_provider_fcf_field|total_debt_unavailable|ev_from_provider_fallback
TCG.AX,TCG,Turaco Gold Limited,Basic Materials,Gold,AU,AUD,AUD,0.85,1080483870,918411264,654838671.8,,,,,,,0,,,,,,,,,,,,,,,,,,,,,,,,,,0,2025-12-31,false,insufficient_annual_history:0,
TCL.AX,TCL,Transurban Group,Industrials,Infrastructure Operations,AU,AUD,AUD,13.44,3120552079,4.194022195e+10,2.99039007e+10,3895000064,2318000128,1068625024,761942953.9,revenue=provider_ttm|ebitda=provider_ttm|fcf=provider_ttm_fcf_field,0.2743581531,1,0.0003828538863,-0.02146624264,0.03315649867,3896491280,1069034151,1068829588,762088810.3,1.471657711e+10,1468805661,4.324721581e+10,4.324721581e+10,4.354172286e+10,calculated,0.01762168491,-0.02848002007,0.06000223389,,-0.7282418835,-0.2441780762,,-0.4862099798,225,215,,,4,2026-06-30,true,,revenue_ttm_from_provider|ebitda_ttm_from_provider|fcf_ttm_from_provider_fcf_field|preferred_stock_assumed_zero
TCO.AX,TCO,Transmetro Corporation Limited,Consumer Cyclical,Lodging,AU,AUD,AUD,2.6,13382778,34795220,24809425.3,,,,,,,0,,,,,,,,,,,,,,,,,,,,,,,,,,0,,false,below_min_market_cap:24809425,
TD1.AX,TD1,TALi Digital Limited,Healthcare,Health Information Services,AU,AUD,AUD,0.09,53736599,4836294,3448337.867,,,,,,,0,,,,,,,,,,,,,,,,,,,,,,,,,,0,,false,below_min_market_cap:3448338,
TDO.AX,TDO,3D Energi Limited,Energy,Oil & Gas E&P,AU,AUD,AUD,0.08,524226804,41938144,29902419.09,,,,,,,0,,,,,,,,,,,,,,,,,,,,,,,,,,0,,false,below_min_market_cap:29902419,
TEA.AX,TEA,Tasmea Limited,Industrials,Engineering & Construction,AU,AUD,AUD,8.7,280479673,2440173056,1739873786,1293308032,119615000,84708248,60398036.03,revenue=provider_ttm|ebitda=provider_ttm|fcf=provider_ttm_fcf_field,0.06549734936,1,0.3,0.5929133002,1.360421526,1681300442,110120722.4,97414485.2,69457741.43,110746520.8,47680569.02,1802976101,1802976101,1703588958,calculated,0.03852393905,0.4791310666,0.409937748,,1.731777357,0.7386308721,,1.235204114,161,21,,,4,2026-06-30,true,,revenue_ttm_from_provider|ebitda_ttm_from_provider|fcf_ttm_from_provider_fcf_field|growth_clamped_high|preferred_stock_assumed_zero
TEE.AX,TEE,Top End Energy Limited,Energy,Oil & Gas E&P,AU,AUD,,0.037,279693451,10348657,7378721.353,,,,,,,0,,,,,,,,,,,,,,,,,,,,,,,,,,0,,false,below_min_market_cap:7378721,
TEM.AX,TEM,Tempest Minerals Limited,Basic Materials,Other Industrial Metals & Mining,AU,AUD,AUD,0.0045,1101876292,4958443,3535431.626,,,,,,,0,,,,,,,,,,,,,,,,,,,,,,,,,,0,,false,below_min_market_cap:3535432,
TER.AX,TER,TerraCom Limited,Energy,Thermal Coal,AU,AUD,AUD,0.077,1822523150,140334288,100060095.5,178918000,-31209000,-36089124,-25731994.97,revenue=provider_ttm|ebitda=provider_ttm|fcf=provider_ttm_fcf_field,,0,,,,,,,,,,,,,,,,,,,,,,,,,,4,2025-06-30,false,ttm_ebitda_not_positive,revenue_ttm_from_provider|ebitda_ttm_from_provider|fcf_ttm_from_provider_fcf_field
TET.AX,TET,Tetragon Energy Limited,Energy,Oil & Gas E&P,AU,AUD,,0.38,,,,,,,,,,0,,,,,,,,,,,,,,,,,,,,,,,,,,0,,false,market_cap_unavailable,
TFL.AX,TFL,TasFoods Limited,Consumer Defensive,Packaged Foods,AU,AUD,AUD,0.005,387590566,1937952,1381783.917,,,,,,,0,,,,,,,,,,,,,,,,,,,,,,,,,,0,,false,below_min_market_cap:1381784,
TG1.AX,TG1,TechGen Metals Ltd,Basic Materials,Other Precious Metals & Mining,AU,AUD,AUD,0.011,545198734,5997186,4276068.324,,,,,,,0,,,,,,,,,,,,,,,,,,,,,,,,,,0,,false,below_min_market_cap:4276068,
TG6.AX,TG6,TG Metals Limited,Basic Materials,Other Precious Metals & Mining,AU,AUD,AUD,0.225,135499061,30487286,21737814.69,,,,,,,0,,,,,,,,,,,,,,,,,,,,,,,,,,0,,false,below_min_market_cap:21737815,
TGH.AX,TGH,Terragen Holdings Limited,Basic Materials,Agricultural Inputs,AU,AUD,AUD,0.024,823198993,19756776,14086827.4,,,,,,,0,,,,,,,,,,,,,,,,,,,,,,,,,,0,,false,below_min_market_cap:14086827,
TGM.AX,TGM,Theta Gold Mines Limited,Basic Materials,Gold,AU,AUD,USD,0.18,1337136337,240684560,171611089.5,,,,,,,0,,,,,,,,,,,,,,,,,,,,,,,,,,0,2024-06-30,false,insufficient_annual_history:0,reporting_currency_differs:USD_vs_AUD|stale_statements:807d
TGN.AX,TGN,Tungsten Mining NL,Basic Materials,Other Industrial Metals & Mining,AU,AUD,AUD,0.38,1396340206,530609280,378331026.4,,,,,,,0,,,,,,,,,,,,,,,,,,,,,,,,,,0,2025-06-30,false,insufficient_annual_history:0,
THL.AX,THL,Tourism Holdings Limited,Consumer Cyclical,Recreational Vehicles,AU,AUD,NZD,2.15,221495535,476215424,339547529.5,852870976,215820000,158039008,90994367.79,revenue=provider_ttm|ebitda=provider_ttm|fcf=provider_ttm_fcf_field,0.185302364,1,0.01626108195,0.08710900175,-0.09001079775,866739580.8,160608893.3,159323950.6,91734201.23,398941757.1,26697951.94,1080908700,1080908700,800449459.7,calculated,0.08486766848,0.06903401542,0.1176067331,,-0.2556627578,-0.0823933615,,-0.1690280597,56,142,,,4,2026-06-30,true,,reporting_currency_differs:NZD_vs_AUD|revenue_ttm_from_provider|ebitda_ttm_from_provider|fcf_ttm_from_provider_fcf_field|preferred_stock_assumed_zero
THR.AX,THR,Thor Energy Plc,Basic Materials,Other Industrial Metals & Mining,AU,AUD,GBP,0.01,1030072634,10300726,7344545.953,,,,,,,0,,,,,,,,,,,,,,,,,,,,,,,,,,0,,false,below_min_market_cap:7344546,
TIA.AX,TIA,Tian An Australia Limited,Real Estate,Real Estate - Development,AU,AUD,AUD,0.17,86608830,14723502,10498040.34,,,,,,,0,,,,,,,,,,,,,,,,,,,,,,,,,,0,,false,below_min_market_cap:10498040,
TIO.AX,TIO,Temas Resources Corp.,Basic Materials,Other Industrial Metals & Mining,AU,AUD,CAD,0.089,108260171,9635155,6869985.539,,,,,,,0,,,,,,,,,,,,,,,,,,,,,,,,,,0,,false,below_min_market_cap:6869986,
TIP.AX,TIP,Teaminvest Private Group Limited,Financial Services,Asset Management,AU,,AUD,,,,,,,,,,,0,,,,,,,,,,,,,,,,,,,,,,,,,,0,,false,excluded_sector:Financial Services,
TKM.AX,TKM,Trek Metals Limited,Basic Materials,Other Industrial Metals & Mining,AU,AUD,AUD,0.054,731173800,39483388,28152147.48,,,,,,,0,,,,,,,,,,,,,,,,,,,,,,,,,,0,,false,below_min_market_cap:28152147,
TLC.AX,TLC,The Lottery Corporation Limited,Consumer Cyclical,Gambling,AU,AUD,AUD,4.86,2225771703,1.081725133e+10,7712834946,3581199872,667100032,1410349952,1005597084,revenue=provider_ttm|ebitda=provider_ttm|fcf=provider_ttm_fcf_field,0.3938205078,1,-0.01533722982,0.005345870458,-0.04636188023,3526274187,1388719091,1399534521,997885547.6,1779037381,358859169.6,9321319748,9321319748,9080073865,calculated,0.1070541055,-0.002184785113,0.01994259594,,-0.6008081342,-0.356687293,,-0.4787477136,33,212,106.9785986,0.03,4,2026-06-30,true,,revenue_ttm_from_provider|ebitda_ttm_from_provider|fcf_ttm_from_provider_fcf_field|preferred_stock_assumed_zero
TLG.AX,TLG,Talga Group Ltd,Basic Materials,Other Industrial Metals & Mining,AU,AUD,AUD,0.255,510926796,130286328,92895774.83,151883,-20671852,-5957564,-4247817.345,revenue=provider_ttm|ebitda=provider_ttm|fcf=provider_ttm_fcf_field,,0,,,,,,,,,,,,,,,,,,,,,,,,,,3,2024-06-30,false,ttm_ebitda_not_positive,stale_statements:807d|annual_history_below_preferred:3|revenue_ttm_from_provider|ebitda_ttm_from_provider|fcf_ttm_from_provider_fcf_field
TLM.AX,TLM,Talisman Mining Limited,Basic Materials,Other Precious Metals & Mining,AU,AUD,AUD,0.068,235320349,16001785,11409472.04,,,,,,,0,,,,,,,,,,,,,,,,,,,,,,,,,,0,,false,below_min_market_cap:11409472,
TLS.AX,TLS,Telstra Group Limited,Communication Services,Telecom Services,AU,AUD,AUD,4.84,,,,,,,,,,0,,,,,,,,,,,,,,,,,,,,,,,,,,0,,false,market_cap_unavailable,
TLX.AX,TLX,Telix Pharmaceuticals Limited,Healthcare,Biotechnology,AU,AUD,USD,17.75,339784294,6031171072,4300300104,890785024,69806000,-62596000,-62596000,revenue=provider_ttm|ebitda=provider_ttm|fcf=provider_ttm_fcf_field,-0.07027060212,1,0.3,0.9469492402,0.5560786834,1158020531,-81374800,-71985400,,,,,,,,,,,,,,,,,,,,4,2025-12-31,false,expected_fcf_not_positive,reporting_currency_differs:USD_vs_AUD|revenue_ttm_from_provider|ebitda_ttm_from_provider|fcf_ttm_from_provider_fcf_field|growth_clamped_high
TM1.AX,TM1,Terra Metals Limited,Basic Materials,Other Precious Metals & Mining,AU,AUD,AUD,0.195,1030886292,201022816,143331771.9,,,,,,,0,,,,,,,,,,,,,,,,,,,,,,,,,,0,2025-06-30,false,insufficient_annual_history:0,
TMB.AX,TMB,Tambourah Metals Limited,Basic Materials,Gold,AU,AUD,AUD,0.036,251752009,9063072,6462083.234,,,,,,,0,,,,,,,,,,,,,,,,,,,,,,,,,,0,,false,below_min_market_cap:6462083,
TMK.AX,TMK,TMK Energy Limited,Energy,Oil & Gas E&P,AU,AUD,AUD,0.135,269729116,36413432,25963230.61,,,,,,,0,,,,,,,,,,,,,,,,,,,,,,,,,,0,,false,below_min_market_cap:25963231,
TML.AX,TML,Timah Resources Limited,Utilities,Utilities - Renewable,AU,AUD,MYR,0.047,88759761,4171708,2974479.771,,,,,,,0,,,,,,,,,,,,,,,,,,,,,,,,,,0,,false,below_min_market_cap:2974480,
TMS.AX,TMS,Tennant Minerals Limited,Basic Materials,Other Industrial Metals & Mining,AU,AUD,AUD,0.008,1496659634,11973277,8537095.651,,,,,,,0,,,,,,,,,,,,,,,,,,,,,,,,,,0,,false,below_min_market_cap:8537096,
TMX.AX,TMX,Terrain Minerals Limited,Basic Materials,Gold,AU,AUD,AUD,0.0035,3335828173,11675399,8324704.926,,,,,,,0,,,,,,,,,,,,,,,,,,,,,,,,,,0,,false,below_min_market_cap:8324705,
TNC.AX,TNC,True North Copper Limited,Basic Materials,Copper,AU,AUD,AUD,0.35,188478484,65967468,47035626.43,,,,,,,0,,,,,,,,,,,,,,,,,,,,,,,,,,0,,false,below_min_market_cap:47035626,
TNE.AX,TNE,Technology One Limited,Technology,Software - Application,AU,AUD,AUD,28.42,327368541,9303814144,6633735381,631233024,190018000,151969376,108356058.2,revenue=provider_ttm|ebitda=provider_ttm|fcf=provider_ttm_fcf_field,0.2407500404,1,0.1780717108,0.1757470745,0.1815586651,743637768.5,179030822.8,165500099.4,118003632.5,38061317.96,68344383.03,6924806318,6924806318,6482510482,calculated,0.01704071234,0.1614510288,0.1833810445,,0.192214834,0.1023366222,,0.1472757281,227,92,,,4,2025-09-30,true,,revenue_ttm_from_provider|ebitda_ttm_from_provider|fcf_ttm_from_provider_fcf_field|preferred_stock_assumed_zero
TNY.AX,TNY,Tinybeans Group Limited,Communication Services,Internet Content & Information,AU,AUD,USD,0.053,183340218,9717032,6928364.86,,,,,,,0,,,,,,,,,,,,,,,,,,,,,,,,,,0,,false,below_min_market_cap:6928365,
TOK.AX,TOK,Tolu Minerals Limited,Basic Materials,Other Precious Metals & Mining,AU,AUD,AUD,1.3,280985931,365281696,260450399.5,,,,,,,0,,,,,,,,,,,,,,,,,,,,,,,,,,0,2025-12-31,false,insufficient_annual_history:0,
TON.AX,TON,Triton Minerals Limited,Basic Materials,Other Industrial Metals & Mining,AU,AUD,AUD,0.004,1568388734,6273555,4473122.864,,,,,,,0,,,,,,,,,,,,,,,,,,,,,,,,,,0,,false,below_min_market_cap:4473123,
TOR.AX,TOR,Torque Metals Limited,Basic Materials,Gold,AU,AUD,AUD,0.2,624928499,124985704,89116363.89,,,,,,,0,,,,,,,,,,,,,,,,,,,,,,,,,,0,2025-06-30,false,insufficient_annual_history:0,
TOU.AX,TOU,Tlou Energy Limited,Energy,Oil & Gas E&P,AU,AUD,AUD,0.003,1298584319,3895753,2777720.418,,,,,,,0,,,,,,,,,,,,,,,,,,,,,,,,,,0,,false,below_min_market_cap:2777720,
TPC.AX,TPC,TPC Consolidated Limited,Utilities,Utilities - Diversified,AU,AUD,AUD,4.2,12002857,50411996,35944381.12,,,,,,,0,,,,,,,,,,,,,,,,,,,,,,,,,,0,,false,below_min_market_cap:35944381,
TPG.AX,TPG,TPG Telecom Limited,Communication Services,Telecom Services,AU,AUD,AUD,3.92,1963029400,7695075328,5486684566,5034999808,1284999936,4802358784,3424141635,revenue=provider_ttm|ebitda=provider_ttm|fcf=provider_ttm_fcf_field,0.9537952268,1,-0.04885444107,-0.02357382691,-0.08677536232,4789017707,4567742230,4685050507,3340499373,2961853746,51336896.9,1.457973243e+10,1.457973243e+10,8398849215,calculated,0.2291193881,-0.0211074434,-0.1389720234,,-0.6925124029,-0.8030058392,,-0.747759121,6,238,,,4,2025-12-31,true,,revenue_ttm_from_provider|ebitda_ttm_from_provider|fcf_ttm_from_provider_fcf_field|preferred_stock_assumed_zero
TPW.AX,TPW,Temple & Webster Group Ltd,Consumer Cyclical,Specialty Retail,AU,AUD,AUD,4.47,116546731,520963840,371453707.5,664585984,9996000,7120500,5077005.199,revenue=provider_ttm|ebitda=provider_ttm|fcf=provider_ttm_fcf_field,0.01071418924,1,0.1553127781,0.1210890919,0.2066483074,767804679.5,8226404.636,7673452.318,5471267.09,16912655.48,102920496.1,391026612.5,391026612.5,314183155.2,calculated,0.01399205813,0.1302806487,0.03917788626,,0.04115482596,-0.3026641525,,-0.1307546633,234,132,,,4,2025-06-30,true,,revenue_ttm_from_provider|ebitda_ttm_from_provider|fcf_ttm_from_provider_fcf_field|preferred_stock_assumed_zero
TR2.AX,TR2,Tali Resources Ltd,Basic Materials,Other Precious Metals & Mining,AU,AUD,AUD,0.36,128820755,46375472,33066289.23,,,,,,,0,,,,,,,,,,,,,,,,,,,,,,,,,,0,,false,below_min_market_cap:33066289,
TR8.AX,TR8,Tarrina Resources Limited,Consumer Defensive,Packaged Foods,AU,AUD,AUD,0.017,426082708,7243406,5164638.708,,,,,,,0,,,,,,,,,,,,,,,,,,,,,,,,,,0,,false,below_min_market_cap:5164639,
TRA.AX,TRA,Turners Automotive Group Limited,Consumer Cyclical,Auto & Truck Dealerships,AU,AUD,NZD,6.99,91025265,636266560,453665983.2,450171008,73850000,-120453872,-69353915.02,revenue=provider_ttm|ebitda=provider_ttm|fcf=provider_ttm_fcf_field,-0.2675735884,1,-0.01991189739,-0.1018961062,0.1030644157,441207249.1,-118055406.9,-119254639.4,,,,,,,,,,,,,,,,,,,,4,2026-03-31,false,expected_fcf_not_positive,reporting_currency_differs:NZD_vs_AUD|revenue_ttm_from_provider|ebitda_ttm_from_provider|fcf_ttm_from_provider_fcf_field
TRE.AX,TRE,Toubani Resources Limited,Basic Materials,Gold,AU,AUD,AUD,0.305,1073810600,327512224,233520295.5,,,,,,,0,,,,,,,,,,,,,,,,,,,,,,,,,,2,2025-12-31,false,insufficient_annual_history:2,
TRI.AX,TRI,TrivarX Limited,Healthcare,Health Information Services,AU,AUD,AUD,0.012,1153693464,13844321,9871173.33,,,,,,,0,,,,,,,,,,,,,,,,,,,,,,,,,,0,,false,below_min_market_cap:9871173,
TRJ.AX,TRJ,Trajan Group Holdings Limited,Healthcare,Medical Instruments & Supplies,AU,AUD,AUD,0.155,152863634,23693864,16894020.18,,,,,,,0,,,,,,,,,,,,,,,,,,,,,,,,,,0,,false,below_min_market_cap:16894020,
TRM.AX,TRM,Truscott Mining Corporation Limited,Basic Materials,Gold,AU,AUD,AUD,0.044,219588560,9661897,6889052.918,,,,,,,0,,,,,,,,,,,,,,,,,,,,,,,,,,0,,false,below_min_market_cap:6889053,
TRP.AX,TRP,Tissue Repair Ltd,Healthcare,Biotechnology,AU,AUD,AUD,0.082,60464843,4958117,3535199.184,,,,,,,0,,,,,,,,,,,,,,,,,,,,,,,,,,0,,false,below_min_market_cap:3535199,
TRU.AX,TRU,TruScreen Group Limited,Healthcare,Medical Devices,AU,AUD,NZD,0.011,1006790307,11074694,7896394.778,,,,,,,0,,,,,,,,,,,,,,,,,,,,,,,,,,0,,false,below_min_market_cap:7896395,
TSK.AX,TSK,Tusker Minerals Ltd,Basic Materials,Other Industrial Metals & Mining,AU,AUD,AUD,0.074,111759425,8270197,5896753.482,,,,,,,0,,,,,,,,,,,,,,,,,,,,,,,,,,0,,false,below_min_market_cap:5896753,
TSL.AX,TSL,Titanium Sands Limited,Basic Materials,Other Industrial Metals & Mining,AU,AUD,AUD,0.007,2344747190,16413231,11702838.16,,,,,,,0,,,,,,,,,,,,,,,,,,,,,,,,,,0,,false,below_min_market_cap:11702838,
TSO.AX,TSO,Tesoro Gold Ltd,Basic Materials,Gold,AU,AUD,AUD,0.945,179736167,169850672,121105644.9,,,,,,,0,,,,,,,,,,,,,,,,,,,,,,,,,,0,2025-12-31,false,insufficient_annual_history:0,
TSR.AX,TSR,Turnstone Resources Ltd,Basic Materials,Other Industrial Metals & Mining,AU,AUD,AUD,0.024,211506577,5076158,3619363.887,,,,,,,0,,,,,,,,,,,,,,,,,,,,,,,,,,0,,false,below_min_market_cap:3619364,
TTM.AX,TTM,Titan Minerals Limited,Basic Materials,Gold,AU,AUD,USD,0.58,288016545,167049584,119108434.3,,,,,,,0,,,,,,,,,,,,,,,,,,,,,,,,,,0,2025-12-31,false,insufficient_annual_history:0,reporting_currency_differs:USD_vs_AUD
TTT.AX,TTT,Titomic Limited,Industrials,Specialty Industrial Machinery,AU,AUD,AUD,0.12,1786953394,214434400,152894398.4,9935018,-37957180,,,revenue=provider_ttm|ebitda=provider_ttm,,0,,,,,,,,,,,,,,,,,,,,,,,,,,4,2025-06-30,false,ttm_fcf_unavailable,revenue_ttm_from_provider|ebitda_ttm_from_provider
TTX.AX,TTX,Tetratherix Limited,Healthcare,Biotechnology,AU,AUD,AUD,6.34,53058311,336389696,239850043.6,,,,,,,0,,,,,,,,,,,,,,,,,,,,,,,,,,1,2026-06-30,false,insufficient_annual_history:1,
TUA.AX,TUA,Tuas Limited,Communication Services,Telecom Services,AU,AUD,SGD,2.13,548396171,1168083840,832858328.6,170042000,76483000,40489724,31808037.22,revenue=provider_ttm|ebitda=provider_ttm|fcf=provider_ttm_fcf_field,0.2381160184,1,0.3,0.3810797607,0.2923589459,221054600,52636641.2,46563182.6,36579242.8,815435.1121,31224565.9,1152760279,1152760279,492599520.7,calculated,0.03173187302,0.3035242932,0.4339258676,,0.8807399139,0.8060025383,,0.8433712261,178,34,,,4,2025-07-31,true,,reporting_currency_differs:SGD_vs_AUD|revenue_ttm_from_provider|ebitda_ttm_from_provider|fcf_ttm_from_provider_fcf_field|growth_clamped_high|preferred_stock_assumed_zero
TVL.AX,TVL,Touch Ventures Limited,Financial Services,Asset Management,AU,,AUD,,,,,,,,,,,0,,,,,,,,,,,,,,,,,,,,,,,,,,0,,false,excluded_sector:Financial Services,
TVN.AX,TVN,Tivan Limited,Basic Materials,Other Industrial Metals & Mining,AU,AUD,AUD,0.195,2347487398,457760032,326388605.1,,,,,,,0,,,,,,,,,,,,,,,,,,,,,,,,,,0,2025-06-30,false,insufficient_annual_history:0,
TWD.AX,TWD,Tamawood Limited,Consumer Cyclical,Residential Construction,AU,AUD,AUD,2.6,39732101,103303456,73656650.97,125777000,12088000,10350000,7379678.929,revenue=provider_ttm|ebitda=provider_ttm|fcf=provider_ttm_fcf_field,0.08228849472,1,0.205264087,0.178084593,0.246033328,151594501.1,12474483.3,11412241.65,8137070.458,1478074.823,5950801.965,69289449.67,69289449.67,69289455.37,calculated,0.1174359227,0.1672166283,0.3189506469,,0.2201564727,0.4830896836,,0.3516230781,27,71,23.62056727,0.01950603345,4,2026-06-30,true,,revenue_ttm_from_provider|ebitda_ttm_from_provider|fcf_ttm_from_provider_fcf_field|preferred_stock_assumed_zero
TWE.AX,TWE,Treasury Wine Estates Limited,Consumer Defensive,Beverages - Wineries & Distilleries,AU,AUD,AUD,5.16,808937260,4174116352,2976196956,2625999872,-890000000,-650762496,-464001766.1,revenue=provider_ttm|ebitda=provider_ttm|fcf=provider_ttm_fcf_field,,0,,,,,,,,,,,,,,,,,,,,,,,,,,4,2026-06-30,false,ttm_ebitda_not_positive,revenue_ttm_from_provider|ebitda_ttm_from_provider|fcf_ttm_from_provider_fcf_field
TWL.AX,TWL,Trade Window Holdings Limited,Technology,Software - Application,AU,AUD,NZD,0.09,163361489,14702535,10483090.6,,,,,,,0,,,,,,,,,,,,,,,,,,,,,,,,,,0,,false,below_min_market_cap:10483091,
TWR.AX,TWR,Tower Limited,Financial Services,Insurance - Property & Casualty,AU,,NZD,,,,,,,,,,,0,,,,,,,,,,,,,,,,,,,,,,,,,,0,,false,excluded_sector:Financial Services,
TXR.AX,TXR,TalonX Resources Limited,Basic Materials,Other Industrial Metals & Mining,AU,AUD,AUD,0.007,931996901,6523978,4651677.583,,,,,,,0,,,,,,,,,,,,,,,,,,,,,,,,,,0,,false,below_min_market_cap:4651678,
TYR.AX,TYR,Tyro Payments Limited,Technology,Software - Infrastructure,AU,AUD,AUD,0.695,532454244,370055680,263854309.6,488726016,56424000,-61804500,-44067378.39,revenue=provider_ttm|ebitda=provider_ttm|fcf=provider_ttm_fcf_field,-0.1264604256,1,0.02418319538,0.03506012188,0.007867805641,500544972.7,-63299130.3,-62551815.15,,,,,,,,,,,,,,,,,,,,4,2026-06-30,false,expected_fcf_not_positive,revenue_ttm_from_provider|ebitda_ttm_from_provider|fcf_ttm_from_provider_fcf_field
TYX.AX,TYX,Tyranna Resources Limited,Basic Materials,Gold,AU,AUD,AUD,0.002,3916149831,7832300,5584527.466,,,,,,,0,,,,,,,,,,,,,,,,,,,,,,,,,,0,,false,below_min_market_cap:5584527,
TZL.AX,TZL,TZ Limited,Industrials,Security & Protection Services,AU,AUD,AUD,0.033,361608500,11933081,8508435.402,,,,,,,0,,,,,,,,,,,,,,,,,,,,,,,,,,0,,false,below_min_market_cap:8508435,
TZN.AX,TZN,Terramin Australia Limited,Basic Materials,Other Industrial Metals & Mining,AU,AUD,AUD,0.023,2387663574,54916264,39155980.32,,,,,,,0,,,,,,,,,,,,,,,,,,,,,,,,,,0,,false,below_min_market_cap:39155980,
UBN.AX,UBN,Urbanise.com Limited,Technology,Software - Application,AU,AUD,AUD,0.63,79171846,49878264,35563823.56,,,,,,,0,,,,,,,,,,,,,,,,,,,,,,,,,,0,,false,below_min_market_cap:35563824,
UCM.AX,UCM,Uscom Limited,Healthcare,Medical Devices,AU,AUD,AUD,0.012,260147121,3121765,2225857.332,,,,,,,0,,,,,,,,,,,,,,,,,,,,,,,,,,0,,false,below_min_market_cap:2225857,
UM1.AX,UM1,Unity Metals Limited,Basic Materials,Gold,AU,AUD,AUD,0.21,169838802,35666148,25430407.81,,,,,,,0,,,,,,,,,,,,,,,,,,,,,,,,,,0,,false,below_min_market_cap:25430408,
UNI.AX,UNI,Universal Store Holdings Limited,Consumer Cyclical,Apparel Retail,AU,AUD,AUD,7.09,76720000,543950528,387843502.4,376142016,71916000,66519624,47429320.54,revenue=provider_ttm|ebitda=provider_ttm|fcf=provider_ttm_fcf_field,0.1768470981,1,0.127422104,0.1266008479,0.1286539881,424070823.1,74995694.45,70757659.22,50451092.45,57212832.55,16628876.52,522909452.1,522909452.1,428427487,calculated,0.09648150792,0.1218138547,0.05208274953,,0.0001224754779,-0.2664202888,,-0.1331489066,44,134,35.65066271,0.02944057234,4,2026-06-30,true,,revenue_ttm_from_provider|ebitda_ttm_from_provider|fcf_ttm_from_provider_fcf_field|preferred_stock_assumed_zero
UNT.AX,UNT,Unith Ltd,Technology,Software - Application,AU,AUD,AUD,0.006,1792027927,10752168,7666429.723,,,,,,,0,,,,,,,,,,,,,,,,,,,,,,,,,,0,,false,below_min_market_cap:7666430,
UOS.AX,UOS,United Overseas Australia Ltd,Real Estate,Real Estate - Development,AU,AUD,AUD,0.67,1752738481,1174334720,837315283.9,280110016,186194000,150139872,107051599,revenue=provider_ttm|ebitda=provider_ttm|fcf=provider_ttm_fcf_field,0.5360032252,1,0.2651126648,0.2060857606,0.3536530211,354370728.8,189943853.6,170041862.8,121241966.4,188306589.9,550626008.9,1191045042,1191045042,1199975551,calculated,0.1017946107,0.1959710476,0.2376633702,,0.3595080879,0.2547908696,,0.3071494788,40,77,50.38204323,0.03,4,2025-12-31,true,,revenue_ttm_from_provider|ebitda_ttm_from_provider|fcf_ttm_from_provider_fcf_field|preferred_stock_assumed_zero
USC.AX,USC,US1 Critical Minerals Limited,Basic Materials,Other Industrial Metals & Mining,AU,AUD,AUD,0.026,1013859383,26360344,18795253.64,,,,,,,0,,,,,,,,,,,,,,,,,,,,,,,,,,0,,false,below_min_market_cap:18795254,
USL.AX,USL,Unico Silver Limited,Basic Materials,Silver,AU,AUD,AUD,0.78,642306714,500999200,357218670.5,,,,,,,0,,,,,,,,,,,,,,,,,,,,,,,,,,0,2025-06-30,false,insufficient_annual_history:0,
USM.AX,USM,Union Star Metals Ltd,Basic Materials,Gold,AU,AUD,AUD,0.009,575485087,5179365,3692951.764,,,,,,,0,,,,,,,,,,,,,,,,,,,,,,,,,,0,,false,below_min_market_cap:3692952,
VAL.AX,VAL,Valiant Gold Limited,Basic Materials,Gold,AU,AUD,AUD,0.26,,,,,,,,,,0,,,,,,,,,,,,,,,,,,,,,,,,,,0,,false,market_cap_unavailable,
VAN.AX,VAN,Vantage Metals Limited,Basic Materials,Other Precious Metals & Mining,AU,AUD,AUD,0.03,373945524,11218366,7998834.704,,,,,,,0,,,,,,,,,,,,,,,,,,,,,,,,,,0,,false,below_min_market_cap:7998835,
VAU.AX,VAU,Vault Minerals Limited,Basic Materials,Gold,AU,AUD,AUD,6.12,1034565895,6331543040,4514469059,1926606976,952182016,415562496,296301236.3,revenue=provider_ttm|ebitda=provider_ttm|fcf=provider_ttm_fcf_field,0.2156965594,1,0.3,1.278373419,2.107420621,2504589069,540231244.8,477896870.4,340746421.7,53010337.13,588794278.7,3978672996,3978672996,3978673213,calculated,0.08564323382,0.7008860395,1.013419897,,2.806461331,2.433536455,,2.619998893,55,3,,,4,2026-06-30,true,,revenue_ttm_from_provider|ebitda_ttm_from_provider|fcf_ttm_from_provider_fcf_field|growth_clamped_high|preferred_stock_assumed_zero
VBC.AX,VBC,Verbrec Limited,Industrials,Engineering & Construction,AU,AUD,AUD,0.195,306481363,59763868,42612382.36,,,,,,,0,,,,,,,,,,,,,,,,,,,,,,,,,,0,,false,below_min_market_cap:42612382,
VBS.AX,VBS,Vectus Biosystems Limited,Healthcare,Biotechnology,AU,AUD,AUD,0.12,62183051,7461966,5320474.711,,,,,,,0,,,,,,,,,,,,,,,,,,,,,,,,,,0,,false,below_min_market_cap:5320475,
VBX.AX,VBX,VBX Limited,Basic Materials,Aluminum,AU,AUD,AUD,0.71,83255375,59111316,42147104.65,,,,,,,0,,,,,,,,,,,,,,,,,,,,,,,,,,0,,false,below_min_market_cap:42147105,
VCX.AX,VCX,Vicinity Centres,Real Estate,REIT - Retail,AU,,AUD,,,,,,,,,,,0,,,,,,,,,,,,,,,,,,,,,,,,,,0,,false,excluded_industry:reit,
VEA.AX,VEA,Viva Energy Group Limited,Energy,Oil & Gas Refining & Marketing,AU,AUD,AUD,3.05,1642520936,5009689088,3571970725,3.00610007e+10,1483000064,536137504,382272719,revenue=provider_ttm|ebitda=provider_ttm|fcf=provider_ttm_fcf_field,0.01783498524,1,-0.004077103431,0.02774714195,-0.0518134715,2.993843889e+10,533951615.9,535044560,381493436.3,4176898274,121568623.9,8644840452,8644840452,7366070955,calculated,0.04412960984,0.0402818156,-0.4712133228,,-0.3950036166,-1.736119824,,-1.06556172,137,251,,,4,2025-12-31,true,,revenue_ttm_from_provider|ebitda_ttm_from_provider|fcf_ttm_from_provider_fcf_field|preferred_stock_assumed_zero
VEE.AX,VEE,VEEM Ltd,Industrials,Aerospace & Defense,AU,AUD,AUD,0.495,146749372,72640944,51793897.95,58491296,2762635,3909747,2787698.314,revenue=provider_ttm|ebitda=provider_ttm|fcf=provider_ttm_fcf_field,0.06684322741,1,0.2724052823,0.2189412745,0.3526012938,74424634,4974782.735,4442264.868,3167390.187,6461486.442,,63166218.48,,63166218.48,provider,0.05014373606,0.2033103616,0.4238351414,,0.3950763686,0.7776622996,,0.5863693341,120,45,,,3,2024-06-30,true,,stale_statements:807d|annual_history_below_preferred:3|revenue_ttm_from_provider|ebitda_ttm_from_provider|fcf_ttm_from_provider_fcf_field|cash_unavailable|ev_from_provider_fallback
VEN.AX,VEN,Vintage Energy Limited,Energy,Oil & Gas E&P,AU,AUD,AUD,0.001,2440335788,2440336,1739989.967,,,,,,,0,,,,,,,,,,,,,,,,,,,,,,,,,,0,,false,below_min_market_cap:1739990,
VFX.AX,VFX,Visionflex Group Limited,Healthcare,Health Information Services,AU,AUD,AUD,0.04,86643492,3465739,2471115.079,,,,,,,0,,,,,,,,,,,,,,,,,,,,,,,,,,0,,false,below_min_market_cap:2471115,
VFY.AX,VFY,Vitrafy Life Sciences Limited,Technology,Software - Infrastructure,AU,AUD,AUD,3.38,76240611,257693264,183738507.3,208997,-16725705,-10836232,-7726368.402,revenue=provider_ttm|ebitda=provider_ttm|fcf=provider_ttm_fcf_field,,0,,,,,,,,,,,,,,,,,,,,,,,,,,4,2026-06-30,false,ttm_ebitda_not_positive,revenue_ttm_from_provider|ebitda_ttm_from_provider|fcf_ttm_from_provider_fcf_field
VGL.AX,VGL,Vista Group International Limited,Technology,Software - Application,AU,AUD,NZD,2.07,239288701,495327616,353174760.5,173600000,1700000,-625000,-359857.2314,revenue=provider_ttm|ebitda=provider_ttm|fcf=provider_ttm_fcf_field,-0.003600230415,1,0.07857363761,0.06740050713,0.09533333333,187240383.5,-674108.5235,-649554.2618,,,,,,,,,,,,,,,,,,,,4,2025-12-31,false,expected_fcf_not_positive,reporting_currency_differs:NZD_vs_AUD|revenue_ttm_from_provider|ebitda_ttm_from_provider|fcf_ttm_from_provider_fcf_field
VGN.AX,VGN,Virgin Australia Holdings Limited,Industrials,Airlines,AU,AUD,AUD,2.62,784231845,2054687360,1465017683,6323999744,914700032,-128725000,-91782528.51,revenue=provider_ttm|ebitda=provider_ttm|fcf=provider_ttm_fcf_field,-0.02035499766,1,0.1230272141,0.1233982144,0.1224707135,7102023814,-144561678.1,-136643339.1,,,,,,,,,,,,,,,,,,,,3,2026-06-30,false,expected_fcf_not_positive,annual_history_below_preferred:3|revenue_ttm_from_provider|ebitda_ttm_from_provider|fcf_ttm_from_provider_fcf_field
VHL.AX,VHL,Vitasora Health Limited,Healthcare,Health Information Services,AU,AUD,AUD,0.012,2348677201,28184126,20095632.92,,,,,,,0,,,,,,,,,,,,,,,,,,,,,,,,,,0,,false,below_min_market_cap:20095633,
VHM.AX,VHM,VHM Limited,Basic Materials,Other Industrial Metals & Mining,AU,AUD,AUD,0.2,311771899,62354380,44459449.68,,,,,,,0,,,,,,,,,,,,,,,,,,,,,,,,,,0,,false,below_min_market_cap:44459450,
VIG.AX,VIG,Victor Group Holdings Limited,Technology,Software - Application,AU,AUD,AUD,0.041,750060672,30752488,21926907.02,,,,,,,0,,,,,,,,,,,,,,,,,,,,,,,,,,0,,false,below_min_market_cap:21926907,
VIT.AX,VIT,Vitura Health Limited,Healthcare,Drug Manufacturers - Specialty & Generic,AU,AUD,AUD,0.0195,662741837,12923466,9214592.244,,,,,,,0,,,,,,,,,,,,,,,,,,,,,,,,,,0,,false,below_min_market_cap:9214592,
VKA.AX,VKA,Viking Mines Limited,Basic Materials,Gold,AU,AUD,AUD,0.009,2512643185,22613786,16123911.12,,,,,,,0,,,,,,,,,,,,,,,,,,,,,,,,,,0,,false,below_min_market_cap:16123911,
VLS.AX,VLS,Vita Life Sciences Limited,Healthcare,Drug Manufacturers - Specialty & Generic,AU,AUD,AUD,2.785,54113161,150705152,107454650.7,96031000,15861500,12497160,8910630.756,revenue=provider_ttm|ebitda=provider_ttm|fcf=provider_ttm_fcf_field,0.1301367267,1,0.1395806941,0.1172119801,0.1731337652,109435073.6,14241522.27,13369341.13,9532506.769,1706238.809,25357575.02,83739143.37,83739143.37,89389002.74,calculated,0.113835733,0.107699269,0.1014407505,,-0.06828058621,-0.1277962192,,-0.0980384027,29,125,24.13687174,0.01993240137,4,2025-12-31,true,,revenue_ttm_from_provider|ebitda_ttm_from_provider|fcf_ttm_from_provider_fcf_field|preferred_stock_assumed_zero
VMC.AX,VMC,Venus Metals Corporation Limited,Basic Materials,Other Industrial Metals & Mining,AU,AUD,AUD,0.14,207171179,29003966,20680189.06,,,,,,,0,,,,,,,,,,,,,,,,,,,,,,,,,,0,,false,below_min_market_cap:20680189,
VML.AX,VML,Vital Metals Limited,Basic Materials,Other Industrial Metals & Mining,AU,AUD,AUD,0.081,247879649,20078252,14316043.79,,,,,,,0,,,,,,,,,,,,,,,,,,,,,,,,,,0,,false,below_min_market_cap:14316044,
VMM.AX,VMM,Viridis Mining and Minerals Limited,Basic Materials,Other Industrial Metals & Mining,AU,AUD,AUD,3.49,161102873,562249024,400890558,,,,,,,0,,,,,,,,,,,,,,,,,,,,,,,,,,0,2024-06-30,false,insufficient_annual_history:0,stale_statements:807d
VMS.AX,VMS,Venari Minerals NL,Basic Materials,Other Industrial Metals & Mining,AU,AUD,AUD,0.15,130226637,19533996,13927982.48,,,,,,,0,,,,,,,,,,,,,,,,,,,,,,,,,,0,,false,below_min_market_cap:13927982,
VMT.AX,VMT,Vmoto Limited,Consumer Cyclical,Recreational Vehicles,AU,AUD,AUD,0.095,402978523,38282960,27296227.37,,,,,,,0,,,,,,,,,,,,,,,,,,,,,,,,,,0,,false,below_min_market_cap:27296227,
VNL.AX,VNL,Vinyl Group Ltd,Technology,Software - Application,AU,AUD,AUD,0.04,1483176087,59327040,42300918.55,,,,,,,0,,,,,,,,,,,,,,,,,,,,,,,,,,0,,false,below_min_market_cap:42300919,
VNT.AX,VNT,Ventia Services Group Limited,Industrials,Infrastructure Operations,AU,AUD,AUD,5.79,817824369,4735203328,3376258959,5997499904,473500000,228215504,162720497.2,revenue=provider_ttm|ebitda=provider_ttm|fcf=provider_ttm_fcf_field,0.03805177285,1,0.03786781918,0.05922582645,0.005830808288,6224612146,236857527.4,232536515.7,165801432.4,666737948.4,168484843.6,4274583353,4274583353,3859413905,calculated,0.03878774109,0.05803079188,0.1005736731,,-0.3089873252,-0.1302314436,,-0.2196093844,160,155,,,4,2025-12-31,true,,revenue_ttm_from_provider|ebitda_ttm_from_provider|fcf_ttm_from_provider_fcf_field|preferred_stock_assumed_zero
VPR.AX,VPR,Volt Group Limited,Utilities,Utilities - Renewable,AU,AUD,AUD,0.13,163065682,21198538,15114821.66,,,,,,,0,,,,,,,,,,,,,,,,,,,,,,,,,,0,,false,below_min_market_cap:15114822,
VR1.AX,VR1,Vection Technologies Limited,Technology,Software - Application,AU,AUD,AUD,0.0185,2363352901,43722028,31174350.6,,,,,,,0,,,,,,,,,,,,,,,,,,,,,,,,,,0,,false,below_min_market_cap:31174351,
VR8.AX,VR8,Vanadium Resources Limited,Basic Materials,Other Industrial Metals & Mining,AU,AUD,AUD,0.065,669716705,43531588,31038564.51,,,,,,,0,,,,,,,,,,,,,,,,,,,,,,,,,,0,,false,below_min_market_cap:31038565,
VRC.AX,VRC,Volt Resources Limited,Basic Materials,Other Industrial Metals & Mining,AU,AUD,AUD,0.005,5246064114,26230320,18702544.91,,,,,,,0,,,,,,,,,,,,,,,,,,,,,,,,,,0,,false,below_min_market_cap:18702545,
VRL.AX,VRL,Verity Resources Limited,Basic Materials,Other Industrial Metals & Mining,AU,AUD,AUD,0.013,490962913,6382518,4550814.84,,,,,,,0,,,,,,,,,,,,,,,,,,,,,,,,,,0,,false,below_min_market_cap:4550815,
VRS.AX,VRS,Veris Limited,Industrials,Engineering & Construction,AU,AUD,AUD,0.04,553552322,22142092,15787587.42,,,,,,,0,,,,,,,,,,,,,,,,,,,,,,,,,,0,,false,below_min_market_cap:15787587,
VRX.AX,VRX,VRX Silica Limited,Basic Materials,Other Industrial Metals & Mining,AU,AUD,AUD,0.039,984307483,38387992,27371116.49,,,,,,,0,,,,,,,,,,,,,,,,,,,,,,,,,,0,,false,below_min_market_cap:27371116,
VSL.AX,VSL,Vulcan Steel Limited,Basic Materials,Steel,AU,AUD,NZD,4.96,146529960,726788544,518209285.4,1158807040,90696000,7766021,4471454.105,revenue=provider_ttm|ebitda=provider_ttm|fcf=provider_ttm_fcf_field,0.006701737849,1,0.07471608542,-0.02358852679,0.2221730037,1245388566,8346267.688,8056144.344,4638498.879,363522017.4,17676762.98,869425912.8,869425912.8,953141910.1,calculated,0.0053351284,-0.03389968984,-0.1100318882,,-0.7545070543,-0.7217262243,,-0.7381166393,260,237,,,4,2026-06-30,true,,reporting_currency_differs:NZD_vs_AUD|revenue_ttm_from_provider|ebitda_ttm_from_provider|fcf_ttm_from_provider_fcf_field|preferred_stock_assumed_zero
VSR.AX,VSR,Voltaic Strategic Resources Limited,Energy,Oil & Gas E&P,AU,AUD,AUD,0.028,583474776,16337294,11648694.13,,,,,,,0,,,,,,,,,,,,,,,,,,,,,,,,,,0,,false,below_min_market_cap:11648694,
VTA.AX,VTA,Vita Resources NL,Basic Materials,Other Precious Metals & Mining,AU,AUD,AUD,0.016,95743520,1531896,1092260.931,,,,,,,0,,,,,,,,,,,,,,,,,,,,,,,,,,0,,false,below_min_market_cap:1092261,
VTM.AX,VTM,Victory Metals Limited,Basic Materials,Other Industrial Metals & Mining,AU,AUD,AUD,1.4,131841358,184577904,131606344.8,,,,,,,0,,,,,,,,,,,,,,,,,,,,,,,,,,0,2024-06-30,false,insufficient_annual_history:0,stale_statements:807d
VTX.AX,VTX,Vertex Minerals Limited,Basic Materials,Gold,AU,AUD,AUD,0.115,295188496,33946676,24204402.86,,,,,,,0,,,,,,,,,,,,,,,,,,,,,,,,,,0,,false,below_min_market_cap:24204403,
VUL.AX,VUL,Vulcan Energy Resources Limited,Basic Materials,Other Industrial Metals & Mining,AU,AUD,EUR,2.24,478660737,1072200064,764492001.9,5492000,-39395000,-246129632,-284050359.8,revenue=provider_ttm|ebitda=provider_ttm|fcf=provider_ttm_fcf_field,,0,,,,,,,,,,,,,,,,,,,,,,,,,,4,2025-12-31,false,ttm_ebitda_not_positive,reporting_currency_differs:EUR_vs_AUD|revenue_ttm_from_provider|ebitda_ttm_from_provider|fcf_ttm_from_provider_fcf_field
VVA.AX,VVA,Viva Leisure Limited,Consumer Cyclical,Leisure,AU,AUD,AUD,1.505,98864138,148790528,106089499.9,237099248,59770704,45984136,32787261.79,revenue=provider_ttm|ebitda=provider_ttm|fcf=provider_ttm_fcf_field,0.1939446725,1,0.1590557336,0.1859349703,0.1187368784,274811242.8,53298176.48,49641156.24,35394762.78,278741938.4,4166354.246,467920960.3,467920960.3,379080933,calculated,0.07564261014,0.1772185269,0.2067383901,,0.2686283513,0.1679367323,,0.2182825418,71,87,,,4,2026-06-30,true,,revenue_ttm_from_provider|ebitda_ttm_from_provider|fcf_ttm_from_provider_fcf_field|preferred_stock_assumed_zero
VYS.AX,VYS,Vysarn Limited,Industrials,Engineering & Construction,AU,AUD,AUD,0.75,601799648,451349760,321818001.3,140061840,23505096,-7888865,-5624859.016,revenue=provider_ttm|ebitda=provider_ttm|fcf=provider_ttm_fcf_field,-0.05632415653,1,0.2354558811,0.2802678225,0.168237969,173040223.9,-9746344.66,-8817604.83,,,,,,,,,,,,,,,,,,,,3,2026-06-30,false,expected_fcf_not_positive,annual_history_below_preferred:3|revenue_ttm_from_provider|ebitda_ttm_from_provider|fcf_ttm_from_provider_fcf_field
W2V.AX,W2V,Way 2 Vat Ltd,Technology,Software - Infrastructure,AU,AUD,AUD,0.043,261027883,11224200,8002994.419,,,,,,,0,,,,,,,,,,,,,,,,,,,,,,,,,,0,,false,below_min_market_cap:8002994,
WA1.AX,WA1,WA1 Resources Ltd,Basic Materials,Copper,AU,AUD,AUD,9.67,74344379,718910144,512591888.1,,,,,,,0,,,,,,,,,,,,,,,,,,,,,,,,,,1,2025-06-30,false,insufficient_annual_history:1,
WAF.AX,WAF,West African Resources Limited,Basic Materials,Gold,AU,AUD,AUD,3.68,1143906010,4209574400,3001478985,2528399872,1440600064,697664000,497443122.7,revenue=provider_ttm|ebitda=provider_ttm|fcf=provider_ttm_fcf_field,0.2759310375,1,0.3,0.3626992888,1.117432024,3286919834,906963200,802313600,572059591.1,323065944.2,422103374.5,2929678631,2929678631,2694695348,calculated,0.1952635982,0.3234125917,0.3889082636,,0.9771239336,0.6795686603,,0.8283462969,9,36,124.5197814,0.03,4,2025-12-31,true,,revenue_ttm_from_provider|ebitda_ttm_from_provider|fcf_ttm_from_provider_fcf_field|growth_clamped_high|preferred_stock_assumed_zero
WAG.AX,WAG,The Australian Wealth Advisors Group Limited,Financial Services,Asset Management,AU,,AUD,,,,,,,,,,,0,,,,,,,,,,,,,,,,,,,,,,,,,,0,,false,excluded_sector:Financial Services,
WAT.AX,WAT,Waterco Limited,Industrials,Pollution & Treatment Controls,AU,AUD,AUD,6,35012201,210073200,149784808.5,259348000,36950000,8750000,6238858.998,revenue=provider_ttm|ebitda=provider_ttm|fcf=provider_ttm_fcf_field,0.03373845181,1,0.1663890763,0.264795642,0.01877922767,302500674.2,10205904.42,9477952.209,6757897.991,58718001.85,17484491.47,191284985.5,191284985.5,196312704.4,calculated,0.03532895158,0.2604248163,0.1191027787,,0.6718683084,-0.0781916531,,0.2968383276,167,79,,,4,2026-06-30,true,,revenue_ttm_from_provider|ebitda_ttm_from_provider|fcf_ttm_from_provider_fcf_field|preferred_stock_assumed_zero
WAU.AX,WAU,WA Gold Limited,Basic Materials,Other Industrial Metals & Mining,AU,AUD,AUD,0.015,1263103607,18946554,13509129.02,,,,,,,0,,,,,,,,,,,,,,,,,,,,,,,,,,0,,false,below_min_market_cap:13509129,
WBC.AX,WBC,Westpac Banking Corporation,Financial Services,Banks - Diversified,AU,,AUD,,,,,,,,,,,0,,,,,,,,,,,,,,,,,,,,,,,,,,0,,false,excluded_sector:Financial Services,
WBT.AX,WBT,Weebit Nano Limited,Technology,Semiconductors,AU,AUD,AUD,3.02,240743886,727046528,518393231.2,15276000,-56969000,200750,143137.2507,revenue=provider_ttm|ebitda=provider_ttm|fcf=provider_ttm_fcf_field,,0,,,,,,,,,,,,,,,,,,,,,,,,,,3,2026-06-30,false,ttm_ebitda_not_positive,annual_history_below_preferred:3|revenue_ttm_from_provider|ebitda_ttm_from_provider|fcf_ttm_from_provider_fcf_field
WC1.AX,WC1,West Cobar Metals Limited,Basic Materials,Gold,AU,AUD,AUD,0.019,415922838,7902534,5634605.183,,,,,,,0,,,,,,,,,,,,,,,,,,,,,,,,,,0,,false,below_min_market_cap:5634605,
WC8.AX,WC8,Wildcat Resources Limited,Basic Materials,Gold,AU,AUD,AUD,0.335,1410182421,472411104,336835001.9,,,,,,,0,,,,,,,,,,,,,,,,,,,,,,,,,,0,2025-06-30,false,insufficient_annual_history:0,
WCE.AX,WCE,West Coast Silver Limited,Basic Materials,Other Precious Metals & Mining,AU,AUD,AUD,0.084,435742147,36602340,26097924.37,,,,,,,0,,,,,,,,,,,,,,,,,,,,,,,,,,0,,false,below_min_market_cap:26097924,
WCN.AX,WCN,White Cliff Minerals Limited,Basic Materials,Gold,AU,AUD,AUD,0.019,3304886923,62792852,44772085.68,,,,,,,0,,,,,,,,,,,,,,,,,,,,,,,,,,0,,false,below_min_market_cap:44772086,
WDS.AX,WDS,Woodside Energy Group Ltd,Energy,Oil & Gas E&P,AU,AUD,USD,32.35,1901100143,6.150058803e+10,4.385068537e+10,1.384e+10,7993999872,562499968,562499968,revenue=provider_ttm|ebitda=provider_ttm|fcf=provider_ttm_fcf_field,0.05083460767,4,-0.05548536128,-0.08261142427,-0.01479626679,1.30720826e+10,664514190.4,613507079.2,613507079.2,1.3672e+10,4339000000,5.885668537e+10,5.885668537e+10,5.446245292e+10,calculated,0.01042374499,-0.08645347,-0.07124899982,-0.9736283034,-1.009196744,-0.6128028135,-2.357550609,-1.326516722,244,264,,,4,2025-12-31,true,,reporting_currency_differs:USD_vs_AUD|revenue_ttm_from_provider|ebitda_ttm_from_provider|fcf_ttm_from_provider_fcf_field|preferred_stock_assumed_zero
WEB.AX,WEB,WebBeds Group Limited,Consumer Cyclical,Travel Services,AU,AUD,AUD,3.47,361987132,1256095360,895611638.7,394100000,115200000,66562500,47459891.66,revenue=provider_ttm|ebitda=provider_ttm|fcf=provider_ttm_fcf_field,0.1688974879,1,0.09578373888,0.02646863504,0.1997563946,431848371.5,72938105.12,69750302.56,49732834.6,182174682.7,319500881.9,1173258689,1173258689,742546277.1,calculated,0.04238863521,-0.01381258023,-0.0633965214,,-0.6571595427,-0.59074879,,-0.6239541664,142,225,,,4,2026-03-31,true,,revenue_ttm_from_provider|ebitda_ttm_from_provider|fcf_ttm_from_provider_fcf_field|preferred_stock_assumed_zero
WEC.AX,WEC,White Energy Company Limited,Energy,Thermal Coal,AU,AUD,AUD,0.31,774794087,240186176,171255735.5,,,,,,,0,,,,,,,,,,,,,,,,,,,,,,,,,,1,2025-06-30,false,insufficient_annual_history:1,
WEL.AX,WEL,Winchester Energy Limited,Energy,Oil & Gas E&P,AU,AUD,USD,0.001,1713018946,1713019,1221403.886,,,,,,,0,,,,,,,,,,,,,,,,,,,,,,,,,,0,,false,below_min_market_cap:1221404,
WES.AX,WES,Wesfarmers Limited,Consumer Cyclical,Home Improvement Retail,AU,AUD,AUD,72.83,1135282728,8.268264243e+10,5.895375402e+10,4.727400038e+10,4809999872,3584875008,2556060537,revenue=provider_ttm|ebitda=provider_ttm|fcf=provider_ttm_fcf_field,0.07583185216,1,0.03040838126,0.02780309755,0.03431630683,4.871152621e+10,3693885254,3639380131,2594923369,9066666402,377896602.2,7.333022419e+10,7.333022419e+10,6.764253651e+10,calculated,0.03538681897,0.02818958819,0.04421611738,,-0.4536057884,-0.2885140637,,-0.371059926,166,183,,,4,2026-06-30,true,,revenue_ttm_from_provider|ebitda_ttm_from_provider|fcf_ttm_from_provider_fcf_field|preferred_stock_assumed_zero
WGN.AX,WGN,Wagners Holding Company Limited,Basic Materials,Building Materials,AU,AUD,AUD,4.1,199723828,818867648,583862833.6,503919008,78329000,6417750,4575935.695,revenue=provider_ttm|ebitda=provider_ttm|fcf=provider_ttm_fcf_field,0.01273567756,1,0.1047120455,0.1436881751,0.04624785111,556685398.1,7089765.73,6753757.865,4815513.489,105747590.5,14696612.76,830067461,830067461,674803842,calculated,0.005801351956,0.1128885023,0.2599228716,,-0.04313217247,0.3173076368,,0.1370877322,259,94,,,4,2026-06-30,true,,revenue_ttm_from_provider|ebitda_ttm_from_provider|fcf_ttm_from_provider_fcf_field|preferred_stock_assumed_zero
WGR.AX,WGR,Western Gold Resources Limited,Basic Materials,Gold,AU,AUD,AUD,0.076,296284558,22517624,16055346.41,,,,,,,0,,,,,,,,,,,,,,,,,,,,,,,,,,0,,false,below_min_market_cap:16055346,
WGX.AX,WGX,Westgold Resources Limited,Basic Materials,Gold,AU,AUD,AUD,5.38,944091836,5079214080,3621542910,2440892928,1061619008,560522112,399659248.2,revenue=provider_ttm|ebitda=provider_ttm|fcf=provider_ttm_fcf_field,0.22963814,1,0.06907148656,0.05185094851,0.09490229364,2609489031,599238207.5,579880159.8,413461777.4,38937219.54,168298862.8,3985444073,3985444073,3229423934,calculated,0.1037429631,0.05120039395,1.200930003,,-0.3420892625,2.960166656,,1.309038697,39,20,77.28652318,0.03,3,2024-06-30,true,,stale_statements:807d|annual_history_below_preferred:3|revenue_ttm_from_provider|ebitda_ttm_from_provider|fcf_ttm_from_provider_fcf_field|preferred_stock_assumed_zero
WHC.AX,WHC,Whitehaven Coal Limited,Energy,Thermal Coal,AU,AUD,AUD,8.33,822323769,6849956864,4884104573,5400999936,2680000000,1647000064,1174331562,revenue=provider_ttm|ebitda=provider_ttm|fcf=provider_ttm_fcf_field,0.3049435444,1,-0.05230041431,-0.03789895298,-0.07390260631,5118525402,1560861278,1603930671,1143622549,1655614925,554723691.5,1.020103846e+10,1.020103846e+10,5984995807,calculated,0.1121084439,0.0003178336784,-0.3076762386,,-0.5886797735,-1.276818887,,-0.93274933,30,245,,,4,2026-06-30,true,,revenue_ttm_from_provider|ebitda_ttm_from_provider|fcf_ttm_from_provider_fcf_field|preferred_stock_assumed_zero
WHK.AX,WHK,WhiteHawk Limited,Technology,Software - Infrastructure,AU,AUD,USD,0.003,1148995130,3446985,2457743.244,,,,,,,0,,,,,,,,,,,,,,,,,,,,,,,,,,0,,false,below_min_market_cap:2457743,
WIA.AX,WIA,WIA Gold Limited,Basic Materials,Gold,AU,AUD,AUD,0.45,1702050904,765922880,546112554.5,,,,,,,0,,,,,,,,,,,,,,,,,,,,,,,,,,0,2024-06-30,false,insufficient_annual_history:0,stale_statements:807d
WIN.AX,WIN,WIN Metals Ltd,Basic Materials,Other Industrial Metals & Mining,AU,AUD,AUD,0.018,859075350,15463355,11025564.74,,,,,,,0,,,,,,,,,,,,,,,,,,,,,,,,,,0,,false,below_min_market_cap:11025565,
WJL.AX,WJL,Webjet Group Limited,Consumer Cyclical,Travel Services,AU,AUD,AUD,0.315,392100000,123511496,88065235.22,,,,,,,0,,,,,,,,,,,,,,,,,,,,,,,,,,2,2026-03-31,false,insufficient_annual_history:2,
WLC.AX,WLC,WhiteRock Lithium Corp.,Basic Materials,Other Industrial Metals & Mining,AU,AUD,CAD,4.21,,,,,,,,,,0,,,,,,,,,,,,,,,,,,,,,,,,,,0,,false,market_cap_unavailable,
WMG.AX,WMG,Western Mines Group Ltd,Basic Materials,Gold,AU,AUD,AUD,0.16,130371522,20859442,14873041.99,,,,,,,0,,,,,,,,,,,,,,,,,,,,,,,,,,0,,false,below_min_market_cap:14873042,
WNR.AX,WNR,Wingara AG Limited,Consumer Defensive,Farm Products,AU,AUD,AUD,0.007,175542504,1228797,876147.568,,,,,,,0,,,,,,,,,,,,,,,,,,,,,,,,,,0,,false,below_min_market_cap:876148,
WNX.AX,WNX,Wellnex Life Limited,Consumer Defensive,Packaged Foods,AU,AUD,AUD,0.081,73026812,5915172,4217591.321,,,,,,,0,,,,,,,,,,,,,,,,,,,,,,,,,,0,,false,below_min_market_cap:4217591,
WOA.AX,WOA,Wide Open Agriculture Limited,Consumer Defensive,Packaged Foods,AU,AUD,AUD,0.012,654446869,7853362,5599544.934,,,,,,,0,,,,,,,,,,,,,,,,,,,,,,,,,,0,,false,below_min_market_cap:5599545,
WOR.AX,WOR,Worley Limited,Energy,Oil & Gas Equipment & Services,AU,AUD,AUD,9.68,487660203,4720550912,3365811604,1.069800038e+10,590000000,474375008,338235289.9,revenue=provider_ttm|ebitda=provider_ttm|fcf=provider_ttm_fcf_field,0.04979217915,3,-0.03091596495,-0.01932795085,-0.0482979861,1.036726138e+10,516208535.9,495291771.9,353149203.2,2028520440,789304789.8,4598610142,4598610142,4604314196,calculated,0.07679476892,-0.02220593136,0.1782287823,0.5108550178,-0.6978359696,0.087866272,0.5355140779,-0.02481853991,69,115,,,4,2026-06-30,true,,revenue_ttm_from_provider|ebitda_ttm_from_provider|fcf_ttm_from_provider_fcf_field|preferred_stock_assumed_zero
WOT.AX,WOT,WOTSO,,Real Estate Management & Development,AU,AUD,AUD,0.53,159158927,84354224,60145612.5,48754000,16903000,,,revenue=latest_fiscal_year|ebitda=latest_fiscal_year,,0,,,,,,,,,,,,,,,,,,,,,,,,,,4,2026-06-30,false,ttm_fcf_unavailable,revenue_ttm_from_latest_fy|ebitda_ttm_from_latest_fy
WOW.AX,WOW,Woolworths Group Limited,Consumer Defensive,Grocery Stores,AU,AUD,AUD,38.98,,,,,,,,,,0,,,,,,,,,,,,,,,,,,,,,,,,,,0,,false,market_cap_unavailable,
WRK.AX,WRK,Wrkr Ltd,Technology,Software - Infrastructure,AU,AUD,AUD,0.064,2177340013,139349760,99358114.75,13363000,-9651000,-8649375,-6167112.119,revenue=provider_ttm|ebitda=provider_ttm|fcf=provider_ttm_fcf_field,,0,,,,,,,,,,,,,,,,,,,,,,,,,,4,2026-06-30,false,ttm_ebitda_not_positive,revenue_ttm_from_provider|ebitda_ttm_from_provider|fcf_ttm_from_provider_fcf_field
WRX.AX,WRX,Western Ridge Resources Limited,Basic Materials,Other Precious Metals & Mining,AU,AUD,AUD,0.031,191904072,5949026,4241729.644,,,,,,,0,,,,,,,,,,,,,,,,,,,,,,,,,,0,,false,below_min_market_cap:4241730,
WSI.AX,WSI,WestStar Industrial Limited,Industrials,Engineering & Construction,AU,AUD,AUD,0.066,138765239,9158505,6530128.152,,,,,,,0,,,,,,,,,,,,,,,,,,,,,,,,,,0,,false,below_min_market_cap:6530128,
WSR.AX,WSR,Westar Resources Limited,Basic Materials,Gold,AU,AUD,AUD,0.006,536533534,3219201,2295330.414,,,,,,,0,,,,,,,,,,,,,,,,,,,,,,,,,,0,,false,below_min_market_cap:2295330,
WTC.AX,WTC,WiseTech Global Limited,Technology,Software - Application,AU,AUD,USD,33.05,336303046,1.111481549e+10,7925001899,1395900032,565200000,414137504,414137504,revenue=provider_ttm|ebitda=provider_ttm|fcf=provider_ttm_fcf_field,0.2966813486,1,0.2741847249,0.2652093303,0.2876478168,1778634498,527687681.6,470912592.8,470912592.8,69780965.3,81344286.18,9392875251,9392875251,9204714192,calculated,0.05013508433,0.2344306837,0.1235818763,,0.5458937819,-0.06561191467,,0.2401409336,121,82,,,3,2026-06-30,true,,reporting_currency_differs:USD_vs_AUD|annual_history_below_preferred:3|revenue_ttm_from_provider|ebitda_ttm_from_provider|fcf_ttm_from_provider_fcf_field|preferred_stock_assumed_zero
WTL.AX,WTL,WT Financial Group Limited,Financial Services,Asset Management,AU,,AUD,,,,,,,,,,,0,,,,,,,,,,,,,,,,,,,,,,,,,,0,,false,excluded_sector:Financial Services,
WTM.AX,WTM,Waratah Minerals Limited,Basic Materials,Other Industrial Metals & Mining,AU,AUD,AUD,0.605,388252326,234892656,167481389.8,,,,,,,0,,,,,,,,,,,,,,,,,,,,,,,,,,1,2025-12-31,false,insufficient_annual_history:1,
WTN.AX,WTN,Winton Land Limited,Real Estate,Real Estate - Development,AU,AUD,NZD,0.975,296613736,289198400,206202061.7,188840992,43273000,57970376,33377694.41,revenue=provider_ttm|ebitda=provider_ttm|fcf=provider_ttm_fcf_field,0.306979832,1,0.08193426681,0.0479969998,0.1328401673,204313540.2,62720136.25,60345256.13,34745082.87,49439201.65,22333027.67,553094644.6,553094644.6,239769250.8,calculated,0.06281941655,0.01070679865,-0.1206485833,,-0.5383320676,-0.7515436692,,-0.6449378684,97,226,,,4,2026-06-30,true,,reporting_currency_differs:NZD_vs_AUD|revenue_ttm_from_provider|ebitda_ttm_from_provider|fcf_ttm_from_provider_fcf_field|preferred_stock_assumed_zero
WWG.AX,WWG,Wiseway Group Limited,Industrials,Integrated Freight & Logistics,AU,AUD,AUD,0.255,175091962,44648452,31834902.46,,,,,,,0,,,,,,,,,,,,,,,,,,,,,,,,,,0,,false,below_min_market_cap:31834902,
WWI.AX,WWI,West Wits Mining Limited,Basic Materials,Gold,AU,AUD,AUD,0.415,434894012,180481008,128685206.9,,,,,,,0,,,,,,,,,,,,,,,,,,,,,,,,,,1,2026-06-30,false,insufficient_annual_history:1,
WYX.AX,WYX,Western Yilgarn NL,Basic Materials,Other Industrial Metals & Mining,AU,AUD,AUD,0.041,172002414,7052099,5028234.434,,,,,,,0,,,,,,,,,,,,,,,,,,,,,,,,,,0,,false,below_min_market_cap:5028234,
WZR.AX,WZR,Wisr Limited,Financial Services,Credit Services,AU,,AUD,,,,,,,,,,,0,,,,,,,,,,,,,,,,,,,,,,,,,,0,,false,excluded_sector:Financial Services,
X2M.AX,X2M,X2M Connect Limited,Technology,Scientific & Technical Instruments,AU,AUD,AUD,0.007,1937930684,13565515,9672381.179,,,,,,,0,,,,,,,,,,,,,,,,,,,,,,,,,,0,,false,below_min_market_cap:9672381,
XEN.AX,XEN,Xenitra Limited,Consumer Cyclical,Department Stores,AU,AUD,AUD,0.002,4694858828,9389718,6694985.901,,,,,,,0,,,,,,,,,,,,,,,,,,,,,,,,,,0,,false,below_min_market_cap:6694986,
XF1.AX,XF1,Xref Limited,Technology,Software - Application,AU,AUD,AUD,0.057,220089764,12545116,8944823.981,,,,,,,0,,,,,,,,,,,,,,,,,,,,,,,,,,0,,false,below_min_market_cap:8944824,
XGL.AX,XGL,Xamble Group Limited,Communication Services,Advertising Agencies,AU,AUD,AUD,0.007,512611328,3588279,2558487.626,,,,,,,0,,,,,,,,,,,,,,,,,,,,,,,,,,0,,false,below_min_market_cap:2558488,
XPD.AX,XPD,Xpedra Resources Limited,Basic Materials,Other Precious Metals & Mining,AU,AUD,AUD,0.022,790472361,17390392,12399566.13,,,,,,,0,,,,,,,,,,,,,,,,,,,,,,,,,,0,,false,below_min_market_cap:12399566,
XPN.AX,XPN,XPON Technologies Group Limited,Technology,Software - Infrastructure,AU,AUD,AUD,0.011,505689686,5562586,3966193.111,,,,,,,0,,,,,,,,,,,,,,,,,,,,,,,,,,0,,false,below_min_market_cap:3966193,
XRA.AX,XRA,Xenora Minerals Limited,Basic Materials,Other Industrial Metals & Mining,AU,AUD,AUD,0.35,60900366,21315128,15197951.78,,,,,,,0,,,,,,,,,,,,,,,,,,,,,,,,,,0,,false,below_min_market_cap:15197952,
XRF.AX,XRF,XRF Scientific Limited,Industrials,Conglomerates,AU,AUD,AUD,1.81,143703299,260102960,185456650.6,64400160,16276053,7274637,5186906.8,revenue=provider_ttm|ebitda=provider_ttm|fcf=provider_ttm_fcf_field,0.1129599212,1,0.06424818729,0.05140643246,0.08351081952,68537753.54,7742019.24,7508328.12,5353531.48,1666977.491,6744389.821,227720879.6,227720879.6,179523326,calculated,0.02350918145,0.04399340664,0.08479433236,,-0.3770162527,-0.1745484009,,-0.2757823268,200,169,,,4,2026-06-30,true,,revenue_ttm_from_provider|ebitda_ttm_from_provider|fcf_ttm_from_provider_fcf_field|preferred_stock_assumed_zero
XRG.AX,XRG,xReality Group Limited,Consumer Cyclical,Leisure,AU,AUD,AUD,0.058,752131722,43623640,31104198.74,,,,,,,0,,,,,,,,,,,,,,,,,,,,,,,,,,0,,false,below_min_market_cap:31104199,
XRO.AX,XRO,Xero Limited,Technology,Software - Application,AU,AUD,NZD,67.44,176661571,1.19140567e+10,8494870842,2753081088,393052992,221124368,127317124.6,revenue=provider_ttm|ebitda=provider_ttm|fcf=provider_ttm_fcf_field,0.08031887218,1,0.2039003014,0.2055248932,0.2014634138,3314435152,266211693.3,243668030.6,140297124.6,1020269911,928639553.1,1.118095949e+10,1.118095949e+10,8337941478,calculated,0.01254786092,0.1859101537,0.360041334,,0.3107503022,0.5984946464,,0.4546224743,238,59,,,4,2026-03-31,true,,reporting_currency_differs:NZD_vs_AUD|revenue_ttm_from_provider|ebitda_ttm_from_provider|fcf_ttm_from_provider_fcf_field|preferred_stock_assumed_zero
XST.AX,XST,Xstate Resources Limited,Energy,Oil & Gas E&P,AU,AUD,AUD,0.012,479892940,5758715,4106035.531,,,,,,,0,,,,,,,,,,,,,,,,,,,,,,,,,,0,,false,below_min_market_cap:4106036,
XYZ.AX,XYZ,"Block, Inc.",Technology,Software - Infrastructure,AU,AUD,USD,110.57,540816000,6.642990285e+10,4.736534824e+10,2.5041964e+10,2840428000,3881840000,3881840000,revenue=quarterly_sum|ebitda=quarterly_sum|fcf=quarterly_sum,0.08230984083,4,0.06920704932,0.1133377072,0.003011062577,2.677504444e+10,2203849646,3042844823,3042844823,7171312000,1.1957609e+10,4.254329324e+10,4.254329324e+10,1.184417024e+12,calculated,0.07152349034,0.1011450589,0.6429004396,0.882578832,-0.1000440432,1.392916615,1.259955387,0.8509426531,84,33,,,4,2025-12-31,true,,reporting_currency_differs:USD_vs_AUD
YAL.AX,YAL,Yancoal Australia Ltd,Energy,Thermal Coal,AU,AUD,AUD,6.16,1320439437,8133906432,5799576609,6320000000,1231000064,459869824,327892913.1,revenue=provider_ttm|ebitda=provider_ttm|fcf=provider_ttm_fcf_field,0.07276421266,1,-0.15,-0.1833479716,-0.1534141295,5372000000,390889350.4,425379587.2,303300944.6,59893046.38,1516577496,4344318185,4344318185,4350735662,calculated,0.06981554566,-0.1983578135,-0.4377110414,,-1.551515155,-1.642027225,,-1.59677119,85,268,,,4,2025-12-31,true,,revenue_ttm_from_provider|ebitda_ttm_from_provider|fcf_ttm_from_provider_fcf_field|growth_clamped_low|preferred_stock_assumed_zero
YAR.AX,YAR,Yari Resources Ltd,Energy,Thermal Coal,AU,AUD,AUD,0.004,839463804,3357855,2394192.443,,,,,,,0,,,,,,,,,,,,,,,,,,,,,,,,,,0,,false,below_min_market_cap:2394192,
YOJ.AX,YOJ,Yojee Limited,Technology,Software - Application,AU,AUD,AUD,0.22,425445012,93597904,66736471.49,527525,-7248976,-3755154,-2677471.58,revenue=provider_ttm|ebitda=provider_ttm|fcf=provider_ttm_fcf_field,,0,,,,,,,,,,,,,,,,,,,,,,,,,,3,2025-06-30,false,ttm_ebitda_not_positive,annual_history_below_preferred:3|revenue_ttm_from_provider|ebitda_ttm_from_provider|fcf_ttm_from_provider_fcf_field
YOW.AX,YOW,Yowie Group Limited,Consumer Defensive,Confectioners,AU,AUD,USD,0.014,229367901,3211150,2289589.951,,,,,,,0,,,,,,,,,,,,,,,,,,,,,,,,,,0,,false,below_min_market_cap:2289590,
YRL.AX,YRL,Yandal Resources Limited,Basic Materials,Gold,AU,AUD,AUD,0.175,382639886,66961976,47744723.03,,,,,,,0,,,,,,,,,,,,,,,,,,,,,,,,,,0,,false,below_min_market_cap:47744723,
YUG.AX,YUG,Yugo Metals Limited,Basic Materials,Other Industrial Metals & Mining,AU,AUD,AUD,0.051,413100586,21068128,15021837.71,,,,,,,0,,,,,,,,,,,,,,,,,,,,,,,,,,0,,false,below_min_market_cap:15021838,
ZAG.AX,ZAG,Zuleika Gold Limited,Basic Materials,Gold,AU,AUD,AUD,0.035,1039914822,36397020,25951528.65,,,,,,,0,,,,,,,,,,,,,,,,,,,,,,,,,,0,,false,below_min_market_cap:25951529,
ZEO.AX,ZEO,Zeotech Limited,Basic Materials,Other Industrial Metals & Mining,AU,AUD,AUD,0.07,2057320690,144012448,102682669.4,,,,,,,0,,,,,,,,,,,,,,,,,,,,,,,,,,0,2024-06-30,false,insufficient_annual_history:0,stale_statements:807d
ZEU.AX,ZEU,Zeus Resources Limited,Energy,Uranium,AU,AUD,AUD,0.007,1051063965,7357448,5245952.075,,,,,,,0,,,,,,,,,,,,,,,,,,,,,,,,,,0,,false,below_min_market_cap:5245952,
ZGL.AX,ZGL,Zicom Group Limited,Industrials,Specialty Industrial Machinery,AU,AUD,SGD,0.14,215580000,30181200,21519571.56,,,,,,,0,,,,,,,,,,,,,,,,,,,,,,,,,,0,,false,below_min_market_cap:21519572,
ZIM.AX,ZIM,Zimplats Holdings Limited,Basic Materials,Other Precious Metals & Mining,AU,AUD,USD,15.41,107637649,1658696192,1182671047,1298828032,544198016,-22037750,-22037750,revenue=provider_ttm|ebitda=provider_ttm|fcf=provider_ttm_fcf_field,-0.01696741174,1,-0.04529690189,-0.1271830059,0.07753225405,1239995146,-21039508.2,-21538629.1,,,,,,,,,,,,,,,,,,,,4,2025-06-30,false,expected_fcf_not_positive,reporting_currency_differs:USD_vs_AUD|revenue_ttm_from_provider|ebitda_ttm_from_provider|fcf_ttm_from_provider_fcf_field
ZIP.AX,ZIP,Zip Co Limited,Financial Services,Credit Services,AU,,AUD,,,,,,,,,,,0,,,,,,,,,,,,,,,,,,,,,,,,,,0,,false,excluded_sector:Financial Services,
ZLD.AX,ZLD,Zelira Therapeutics Limited,Healthcare,Biotechnology,AU,AUD,AUD,0.5,13147155,6573577,4687042.287,,,,,,,0,,,,,,,,,,,,,,,,,,,,,,,,,,0,,false,below_min_market_cap:4687042,
ZMI.AX,ZMI,Zinc of Ireland Limited,Basic Materials,Other Industrial Metals & Mining,AU,AUD,AUD,0.022,1285010693,28270234,20157029,,,,,,,0,,,,,,,,,,,,,,,,,,,,,,,,,,0,,false,below_min_market_cap:20157029,
ZMM.AX,ZMM,Zimi Limited,Industrials,Electrical Equipment & Parts,AU,AUD,AUD,0.003,1149837031,3449511,2459544.313,,,,,,,0,,,,,,,,,,,,,,,,,,,,,,,,,,0,,false,below_min_market_cap:2459544,
ZNC.AX,ZNC,Zenith Minerals Limited,Basic Materials,Other Industrial Metals & Mining,AU,AUD,AUD,0.085,640340472,54428940,38808512.24,,,,,,,0,,,,,,,,,,,,,,,,,,,,,,,,,,0,,false,below_min_market_cap:38808512,
ZNO.AX,ZNO,Zoono Group Limited,Consumer Defensive,Household & Personal Products,AU,AUD,NZD,0.053,406211764,21529224,15350604.9,,,,,,,0,,,,,,,,,,,,,,,,,,,,,,,,,,0,,false,below_min_market_cap:15350605,
