ticker,period_type,period_end,currency,revenue,ebitda,ebitda_is_derived,ebit,operating_cashflow,capex,depreciation_amortization,diluted_shares,basic_shares,total_debt,cash_and_equivalents,preferred_stock,minority_interest,shares_outstanding
29M.AX,annual,2021-12-31,AUD,,,false,,,,,,,,,,,
29M.AX,annual,2022-12-31,AUD,714013000,142427000,false,-46972000,,-113611000,189399000,601038221,601038221,265476000,171962000,,715692000,601264025
29M.AX,annual,2023-12-31,AUD,453875000,-231837000,false,-351546000,,-84944000,119709000,671706484,671706484,271333000,161859000,,422344000,854115669
29M.AX,annual,2024-12-31,AUD,557768000,-19108000,false,-147747000,,-116296000,128639000,790624385,790624385,315360000,252350000,,419280000,1481554624
29M.AX,annual,2025-12-31,AUD,566295000,172226000,false,50541000,,-123678000,121685000,1539012641,1483815929,246619000,102650000,,446062000,1485446736
360.AX,annual,2021-12-31,USD,,,false,,,,,,,12506000,,,,
360.AX,annual,2022-12-31,USD,228305000,-85212000,false,-94411000,-57055000,-701000,9199000,188518779,186628635,8386000,75444000,,244538000,65239843
360.AX,annual,2023-12-31,USD,304518000,-20000000,false,-29983000,7524000,-2221000,9983000,200245626,200245626,5228000,68964000,,247064000,68155830
360.AX,annual,2024-12-31,USD,371484000,2133000,false,-7976000,32612000,-5132000,10109000,216376713,216376713,359000,159238000,,358545000,75404996
360.AX,annual,2025-12-31,USD,489481000,32656000,false,18979000,88630000,-7508000,13677000,255517245,231753717,310386000,494261000,,548182000,79359589
360.AX,quarterly,2024-12-31,USD,,,false,,,,,,,,,,,
360.AX,quarterly,2025-03-31,USD,,,false,,,,,250336011,227098479,,,,,
360.AX,quarterly,2025-06-30,USD,115381000,5148000,false,1992000,13323000,-2742000,3156000,253428144,230392155,309463000,432710000,,366658000,77516232
360.AX,quarterly,2025-09-30,USD,124497000,9707000,false,5691000,26447000,-1839000,4016000,257382534,233208816,309909000,455733000,,391447000,78268702
360.AX,quarterly,2025-12-31,USD,145979000,12666000,false,9107000,36800000,-1405000,3559000,,,310386000,494261000,,548182000,79359589
360.AX,quarterly,2026-03-31,USD,143123000,-2566000,false,-8078000,17209000,-1592000,5512000,257031237,240446991,310930000,351191000,,597630000,80688123
360.AX,quarterly,2026-06-30,USD,158959000,5667000,false,-57000,23810000,-956000,5724000,256783383,243007014,311475000,267061000,,613431000,81216330
3DA.AX,annual,2022-06-30,AUD,569834,-7345943,false,-8402145,,-3151093,1056202,206522059,206522059,5453005,11117957,,14670982,241347942
3DA.AX,annual,2023-06-30,AUD,790514,-10763218,false,-12287199,,-1559710,1523981,346449926,346449926,1642641,8833468,,14958610,416845213
3DA.AX,annual,2024-06-30,AUD,463856,-17065678,false,-18107129,,-12230331,1041451,465115122,465115122,16070987,11987989,,29425247,542912442
3DA.AX,annual,2025-06-30,AUD,3812978,-22934246,false,-24615760,,-25754562,1681514,623406391,623406391,21665401,19219215,,54234751,690670634
3PL.AX,annual,2022-06-30,AUD,,,false,,,,,,,,,,-17000,
3PL.AX,annual,2023-06-30,AUD,106902000,13507000,false,4031000,,-4074000,9476000,276484170,276484170,1541000,14010000,,-42000,276484170
3PL.AX,annual,2024-06-30,AUD,109949000,-54979000,false,-65924000,,-4226000,10945000,274797646,274797646,3086000,1970000,,139370000,272906522
3PL.AX,annual,2025-06-30,AUD,108885000,11083000,false,449000,,-4802000,10634000,272906522,272906522,884000,8505000,,140537000,272906522
3PL.AX,annual,2026-06-30,AUD,104115000,22551000,false,10947000,,-4186000,11604000,272906522,272906522,1497000,9521000,,149967000,272906522
4DX.AX,annual,2022-06-30,AUD,1054300,-35254861,false,-36750574,,-3078146,1495713,,,6239178,51114537,,59510992,294675761
4DX.AX,annual,2023-06-30,AUD,282181,-28564736,false,-31130074,,-731313,2565338,300013539,300013539,5138731,69576373,,74773023,345132572
4DX.AX,annual,2024-06-30,AUD,3049658,-31856762,false,-35921552,,-302873,4064790,327078836,327078836,5120608,30606144,,70926649,410394665
4DX.AX,annual,2025-06-30,AUD,5778401,-24822256,false,-30148316,,-283263,5326060,214784671,214784671,4308041,6878735,,64235165,465540474
4DX.AX,annual,2026-06-30,AUD,,,false,,,,,597559121,597559121,,,,,
6KA.AX,annual,2023-12-31,USD,20222000,-15583000,false,-15583000,,-1284000,,173666843,173666843,,,,0,173666843
6KA.AX,annual,2024-12-31,USD,18383000,-15841000,false,-15841000,,-3095000,,173666843,173666843,,,,0,173666843
6KA.AX,annual,2025-12-31,USD,17676045,-12932083,false,-12932083,,-1925982,,122190393,122190393,360618,29469303,,62916505,267267591
A11.AX,annual,2022-06-30,AUD,,,false,,,-20869762,,565084093,565084093,,23881650,,,
A11.AX,annual,2023-06-30,AUD,0,-11524272,false,-11524272,,-20100408,,601215012,601215012,0,15345917,,30217368,609241660
A11.AX,annual,2024-06-30,AUD,0,-12331360,false,-12392846,,-25136888,61486,623586943,623586943,611353,12678934,,35451129,649669053
A11.AX,annual,2025-06-30,AUD,10645,-6147114,false,-6267641,,-19533031,120527,668317514,668317514,176253,5386779,,40702643,686647313
A11.AX,annual,2026-06-30,AUD,1283,-6856629,false,-6904055,-5576561,-11541711,47426,,,0,9735333,,50599933,801503291
A11.AX,quarterly,2024-12-31,AUD,,,false,,,-6191000,,,,,,,,
A11.AX,quarterly,2025-03-31,AUD,,,false,,,-3980000,,,,,,,,
A11.AX,quarterly,2025-06-30,AUD,,,false,,,,,,,176253,5386779,,40702643,686647313
A11.AX,quarterly,2025-12-31,AUD,,,false,,,-2209000,,,,,,,,
A11.AX,quarterly,2026-03-31,AUD,,,false,,,-2397000,,,,,,,,
A11.AX,quarterly,2026-06-30,AUD,,,false,,,-2823000,,,,0,9735333,,50599933,801503291
A1M.AX,annual,2021-12-31,AUD,25037000,6168000,false,3758000,,-6223000,2410000,110797210,110797210,,29259000,,69192000,308715018
A1M.AX,annual,2023-06-30,AUD,125600000,23484000,false,-6080000,,-59676000,29564000,383586654,383586654,2832000,30888000,,154290000,462224392
A1M.AX,annual,2024-06-30,AUD,182469000,53086000,false,13207000,,-65555000,39879000,499610390,471633193,6994000,74341000,,219114000,570878324
A1M.AX,annual,2025-06-30,AUD,,,false,,,,,575453873,,,,,,
A1N.AX,annual,2021-12-31,AUD,,,false,,,,,276605346,276605346,98870000,257068000,,36651000,275154900
A1N.AX,annual,2022-12-31,AUD,344890000,-166008000,false,-186208000,,-8268000,20200000,309873237,309873237,122772000,23852000,,35774000,309080602
A1N.AX,annual,2023-12-31,AUD,334292000,-1196000,false,-20798000,,-20844000,19602000,306896245,306896245,163187000,18862000,,36504000,313050373
A1N.AX,annual,2024-12-31,AUD,365648000,71792000,false,22072000,,-14391000,49720000,305276304,305276304,454520000,18548000,,36253000,313050373
A1N.AX,annual,2025-12-31,AUD,427483000,87003000,false,21654000,,-5404000,65349000,,,,,,,
A2M.AX,annual,2022-06-30,NZD,,,false,,,,,,,107000000,,,13583000,
A2M.AX,annual,2023-06-30,NZD,1591088000,245511000,false,227314000,,-10407000,18197000,736573592,733065000,101528000,802234000,,3681000,721976214
A2M.AX,annual,2024-06-30,NZD,1673323000,273343000,false,241144000,,-20526000,32199000,726699913,722777000,66220000,968943000,,-9703000,722934808
A2M.AX,annual,2025-06-30,NZD,1899273000,318065000,false,291727000,,-3971000,26338000,727983495,723840000,100736000,1100171000,,-20231000,724019118
A2M.AX,annual,2026-06-30,NZD,1972235000,315203000,false,296730000,,-73477000,18473000,729974293,725206000,24313000,784472000,,1073116000,725426194
A4N.AX,annual,2022-06-30,AUD,,,false,,,,,,,,,,,
A4N.AX,annual,2023-06-30,AUD,16148,-16703040,false,-17689708,,-17575799,986668,839394397,839394397,338815,20588748,,56015641,857806079
A4N.AX,annual,2024-06-30,AUD,44055,-22802927,false,-24762281,,-17570879,1959354,921699527,921699527,3689004,189618503,,247174984,1134580693
A4N.AX,annual,2025-06-30,AUD,317517,-28914278,false,-32240543,,-88238940,3326265,1135641911,1135641911,4415369,102035989,,218875711,1137002297
A4N.AX,annual,2026-06-30,AUD,747150,-37057755,false,-42501984,,-166455012,5444229,1246319834,1246319834,2354733,113278477,,411087514,1451896391
AA2.AX,annual,2021-12-31,GBP,,,false,,,,,,,,,,,
AA2.AX,annual,2022-12-31,GBP,0,-643000,false,-736000,-2681000,-532000,93000,113304308,113304308,,9375000,,30000,1146363330
AA2.AX,annual,2023-12-31,GBP,0,133000,false,59000,-3145000,-990000,74000,114636333,114636333,0,2517000,,140000,1146363330
AA2.AX,annual,2024-12-31,GBP,0,2864000,false,-3121000,-3092000,-1074000,119000,150063671,150063671,1498000,913000,,140000,1834181328
AA2.AX,annual,2025-12-31,GBP,0,-12108000,false,-3053000,-2575000,-1427000,79000,203847504,203847504,629000,5436000,,140000,2615711381
AAC.AX,annual,2023-03-31,AUD,313424000,49051000,false,25273000,,-18485000,23778000,597132600,597132600,430016000,4019000,,1562086000,597132600
AAC.AX,annual,2024-03-31,AUD,336132000,-87856000,false,-112676000,,-31832000,24820000,597209891,597209891,478479000,8963000,,1516882000,602766747
AAC.AX,annual,2025-03-31,AUD,387896000,56328000,false,27550000,,-20579000,28778000,597395463,597395463,497179000,12145000,,1544240000,597277670
AAC.AX,annual,2026-03-31,AUD,422069000,208905000,false,177486000,,-24662000,31419000,599692566,597626669,516839000,9177000,,1775334000,597486121
AAI.AX,annual,2021-12-31,USD,,,false,,,,,,,,,,,
AAI.AX,annual,2022-12-31,USD,1.2451e+10,1425000000,false,808000000,822000000,-480000000,617000000,180645163,180645163,1866000000,1363000000,,1513000000,176969091
AAI.AX,annual,2023-12-31,USD,1.0551e+10,155000000,false,-477000000,91000000,-531000000,632000000,178311096,178311096,1971000000,944000000,0,1594000000,178472464
AAI.AX,annual,2024-12-31,USD,1.1895e+10,1087000000,false,445000000,622000000,-580000000,642000000,214051326,212420991,2818000000,1138000000,0,0,258360908
AAI.AX,annual,2025-12-31,USD,1.2831e+10,1845000000,false,1222000000,1185000000,-618000000,623000000,261202037,259377676,2707000000,1597000000,0,76000000,263102406
AAI.AX,quarterly,2024-12-31,USD,,,false,,,,,,,,,,,
AAI.AX,quarterly,2025-03-31,USD,,,false,,,,,,,,,,,
AAI.AX,quarterly,2025-06-30,USD,3018000000,370000000,false,217000000,488000000,-131000000,153000000,260344776,258900166,2657000000,1514000000,0,100000000,258360908
AAI.AX,quarterly,2025-09-30,USD,2995000000,360000000,false,200000000,85000000,-151000000,160000000,260889062,258915524,2581000000,1485000000,0,86000000,258360908
AAI.AX,quarterly,2025-12-31,USD,3449000000,246000000,false,84000000,537000000,-243000000,162000000,263299637,260928232,2707000000,1597000000,0,76000000,263102406
AAI.AX,quarterly,2026-03-31,USD,3193000000,696000000,false,534000000,-179000000,-119000000,162000000,265689699,263650023,2551000000,1353000000,0,65000000,263102406
AAI.AX,quarterly,2026-06-30,USD,3966000000,691000000,false,518000000,608000000,-186000000,173000000,265957129,263888206,2225000000,1352000000,0,67000000,263891991
AAR.AX,annual,2022-06-30,AUD,,-2256502,false,-2346911,,-5655388,90409,605701623,605701623,117068,3177142,,20818809,605941238
AAR.AX,annual,2023-06-30,AUD,,-3605453,false,-3707275,,-7251431,101822,653954117,653954117,50519,1318706,,25504693,718691946
AAR.AX,annual,2024-06-30,AUD,,-2472776,false,-2575118,,-5035615,102342,813890323,813890323,119810,5769340,,34512470,935197536
AAR.AX,annual,2025-06-30,AUD,,,false,,,,,1197849156,1197849156,,,,,
ABB.AX,annual,2022-06-30,AUD,,,false,,,,,,,64466000,,,,
ABB.AX,annual,2023-06-30,AUD,787952000,89231000,false,39235000,,-49103000,49996000,238910891,237664500,204002000,75056000,,291781000,237682509
ABB.AX,annual,2024-06-30,AUD,999749000,113842000,false,53005000,,-91311000,60837000,271109969,270829798,351548000,213533000,,570102000,295518061
ABB.AX,annual,2025-06-30,AUD,1187138000,139899000,false,65574000,,-77088000,74325000,293957028,293373485,258494000,130344000,,545335000,286699099
ABB.AX,annual,2026-06-30,AUD,1296657000,147986000,false,71752000,,-61979000,76234000,295502513,293345611,267479000,125239000,,712479000,315425041
ACE.AX,annual,2023-06-30,AUD,42004524,5264003,false,577238,,-5374566,4686765,112287715,112287715,2187739,12799109,,35923849,126149975
ACE.AX,annual,2024-06-30,AUD,49625000,5327000,false,-979000,,-7519000,6306000,126298000,126298000,2194000,7344000,,35924000,126411097
ACE.AX,annual,2025-06-30,AUD,59350000,3894000,false,-3349000,,-15499000,7243000,133754000,133754000,7928000,9800000,,46790000,140215862
ACE.AX,annual,2026-06-30,AUD,86167000,-12308000,false,-23971000,,-18270000,11663000,,,7592000,24983000,,63581000,169397853
ACF.AX,annual,2022-06-30,AUD,140826918,34239818,false,21169466,,-22378490,13070352,258979670,248515534,64100451,3010433,,83318981,255146699
ACF.AX,annual,2023-06-30,AUD,149814345,48513799,false,33290843,,-44941533,15222956,269931415,261861124,75203249,4939396,,102883671,266339056
ACF.AX,annual,2024-06-30,AUD,193114919,65271374,false,44344490,,-40210211,20926884,295142021,285910110,106693264,5593504,,140960312,301396067
ACF.AX,annual,2025-06-30,AUD,241660570,67829508,false,42663903,,-49763053,25165605,313671146,307461450,171779768,8021894,,149088115,308001571
ACL.AX,annual,2022-06-30,AUD,989298000,362335000,false,256239000,,-21252000,106096000,201496722,201291659,262377000,26372000,,113000,201834015
ACL.AX,annual,2023-06-30,AUD,692103000,174605000,false,51850000,,-6934000,122755000,201126050,200568042,316319000,19955000,,254000,201834015
ACL.AX,annual,2024-06-30,AUD,689728000,169650000,false,41223000,,-6505000,128427000,199450000,198904689,308899000,26136000,,237000,201834015
ACL.AX,annual,2025-06-30,AUD,736148000,188001000,false,51959000,,-8411000,136042000,190205279,189126542,290377000,21442000,,627000,195791386
ACS.AX,annual,2022-06-30,AUD,,-1183696,false,-1230764,,-3626547,47068,466027283,466027283,8234913,3008482,,1737020,466027283
ACS.AX,annual,2023-06-30,AUD,,-1194222,false,-1236392,,-3116611,42170,468672762,468672762,22001101,7790130,,3382479,473127283
ACS.AX,annual,2024-06-30,AUD,,-1034000,false,-1081000,,-2471000,47000,473127283,473127283,28659000,6678000,,1803000,473127283
ACS.AX,annual,2025-06-30,AUD,,,false,,,,,473172242,473172242,,,,,
ACW.AX,annual,2022-06-30,AUD,,,false,,,,,,,86933,,,,
ACW.AX,annual,2023-06-30,AUD,,-10330063,false,-10735671,,-36599,405608,1901605926,1901605926,86933,8460074,,13407215,1917126744
ACW.AX,annual,2024-06-30,AUD,,-12603159,false,-13019990,,-8163,416831,2174301000,2174301000,319069,9450735,,19696499,2683049308
ACW.AX,annual,2025-06-30,AUD,,-14261173,false,-14683373,,-38021,422200,2979633000,2979633000,3264448,16504230,,18335903,3177147241
ACW.AX,annual,2026-06-30,AUD,,-14494631,false,-14913903,,-9293,419272,3331947000,3331947000,4783660,16734937,,21374225,3717091613
AD8.AX,annual,2022-06-30,AUD,46292000,4368000,false,-4290000,,-12057000,8658000,76906188,76906188,1967000,17465000,,75284000,77170653
AD8.AX,annual,2023-06-30,AUD,69699000,12121000,false,1545000,,-15362000,10576000,78314937,78313291,2599000,24031000,,90196000,77451919
AD8.AX,annual,2024-06-30,AUD,91483000,24262000,false,12089000,,-14895000,12173000,81953563,81900604,3447000,47842000,,170486000,83108836
ADH.AX,annual,2022-06-30,AUD,,,false,,,,,,,,,,,
ADH.AX,annual,2023-06-30,AUD,621335000,114003000,false,60320000,,-12324000,53683000,172799087,172147000,279863000,25898000,,202221000,173051000
ADH.AX,annual,2024-06-30,AUD,594356000,115900000,false,50985000,,-27409000,64915000,175649718,173437000,275897000,12872000,,223164000,174683000
ADH.AX,annual,2025-06-30,AUD,618092000,102357000,false,42401000,,-13450000,59956000,178347222,175757000,312441000,8434000,,225172000,176742000
ADH.AX,annual,2026-06-30,AUD,641747000,27808000,false,-34373000,,-15636000,62181000,177461000,177461000,289922000,11389000,,171366000,178615000
AEE.AX,annual,2022-06-30,AUD,0,-3072403,false,-3073599,-2690586,,1196,428181481,428181481,0,9950777,,236573,503825028
AEE.AX,annual,2023-06-30,AUD,0,-6793658,false,-6795514,-3520813,-7262214,1856,545890060,545890060,0,11276307,,-75271,616484204
AEE.AX,annual,2024-06-30,AUD,0,-6081703,false,-6229834,-4836203,-12057255,148131,653195984,653195984,1463739,16470818,,-105310,787089409
AEE.AX,annual,2025-06-30,AUD,0,-15074414,false,-15253273,-6554804,-10332516,178859,877064972,877064972,281260,11740860,,-299376,912750141
AEE.AX,annual,2026-06-30,AUD,,,false,,,-7451000,,,,,,,,
AEE.AX,quarterly,2025-03-31,AUD,,,false,,0,-2754000,,,,,,,,
AEE.AX,quarterly,2025-06-30,AUD,,,false,,-6554804,-2007516,,,,281260,11740860,,-299376,912750141
AEE.AX,quarterly,2025-12-31,AUD,,,false,,,-1598812,,,,183925,4195326,,-456925,919879461
AEE.AX,quarterly,2026-03-31,AUD,,,false,,,-1511000,,,,,,,,
AEE.AX,quarterly,2026-06-30,AUD,,,false,,,-1730000,,,,,,,,
AEL.AX,annual,2022-06-30,AUD,203850000,-4585000,false,-9174000,,-20881000,4589000,,,168863000,247012000,,498425000,
AEL.AX,annual,2023-06-30,AUD,196945000,-35522000,false,-75692000,,-275568000,40170000,241956974,241956974,154605000,77134000,,496873000,242901987
AEL.AX,annual,2024-06-30,AUD,219047000,-48813000,false,-89398000,,-66480000,40585000,243321603,243321603,254921000,14332000,,417646000,243687221
AEL.AX,annual,2025-06-30,AUD,,,false,,,-29657000,,244240864,244240864,,,,,244736723
AEL.AX,annual,2026-06-30,AUD,285830000,18442000,false,-15538000,,-117050000,33980000,284169000,284169000,171781000,137514000,,500905000,299881000
AEM.AX,annual,2023-12-31,AUD,,-7201717,false,-7202595,,-227518,878,365870869,365870869,,,,0,365870869
AEM.AX,annual,2024-12-31,AUD,187861,51382110,false,50414967,,-6263989,967143,365870869,365870869,,,,0,365870869
AEM.AX,annual,2025-12-31,AUD,622315,-22563792,false,-24518442,,-11434941,1954650,317445915,317445915,12858540,39823506,,188915353,589503245
AEU.AX,annual,2022-06-30,AUD,32563787,7157963,false,5216694,,-2796150,1941269,85017635,85017635,10732763,29421985,,35041968,85293854
AEU.AX,annual,2023-12-31,AUD,,-2739147,false,-2752188,,-10553275,13041,85910502,85910502,,8616606,,13178616,86339294
AEU.AX,annual,2024-12-31,AUD,,-1949645,false,-1956344,,,6699,86324684,86324684,,10809687,,12425329,86324684
AEU.AX,annual,2025-12-31,AUD,,-15279452,false,-15356585,,-77532,77133,,,,19338619,,21694572,391054814
AFP.AX,annual,2022-03-31,NZD,,,false,,,,,104681253,104681253,4000000,,,,
AFP.AX,annual,2023-03-31,NZD,155820000,20161000,false,18437000,,-9177000,1724000,104848510,104848510,38049000,4749000,,73268000,104866260
AFP.AX,annual,2024-03-31,NZD,194034000,27411000,false,25398000,,-9527000,2013000,104866260,104866260,32190000,12040000,,87795000,104866260
AFP.AX,annual,2025-03-31,NZD,205494000,21245000,false,18576000,,-6951000,2669000,104866260,104866260,29997000,11110000,,-562000,104866260
AFP.AX,annual,2026-03-31,NZD,251194000,27790000,false,24091000,,-9757000,3699000,,,54107000,10240000,,-1213000,104866260
AGD.AX,annual,2021-12-31,USD,,,false,,,,,,,,,,188000,
AGD.AX,annual,2022-12-31,USD,49710000,-1955000,false,-9733000,,-12281000,7778000,612311353,612311353,11482000,926000,,179000,612311353
AGD.AX,annual,2023-12-31,USD,47729000,-948000,false,-6978000,,-15910000,6030000,612311353,612311353,18420000,1039000,,165000,612311353
AGD.AX,annual,2024-12-31,USD,36790000,-25844000,false,-28704000,,-1420000,2860000,612311353,612311353,26595000,3590000,,14365000,612311353
AGD.AX,annual,2025-12-31,USD,51170000,25237000,false,23153000,,-8380000,2084000,613463783,613463783,26571000,10531000,,29696000,621125901
AGE.AX,annual,2022-06-30,AUD,,-2275876,false,-2279098,,-57481,3222,3003404915,3003404915,,27127889,,44001061,3300096444
AGE.AX,annual,2023-06-30,AUD,,-2814374,false,-2850795,,-409684,36421,3303329365,3303329365,306473,18498329,,41441328,3305918943
AGE.AX,annual,2024-06-30,AUD,,-3352373,false,-3435695,,-14282976,83322,3723568974,3723568974,247502,28392442,,65853126,3869787820
AGI.AX,annual,2022-06-30,AUD,167134000,39928000,false,17770000,,-9375000,22158000,336794000,336794000,13992000,50318000,,311328000,336794000
AGI.AX,annual,2023-12-31,AUD,215165000,-34354000,false,-56914000,,-16104000,22560000,336794000,336794000,10100000,19834000,,315574000,336794000
AGI.AX,annual,2024-12-31,AUD,201484000,-42126000,false,-68996000,,-5221000,26870000,336794000,336794000,19492000,19775000,,360563000,336794000
AGI.AX,annual,2025-12-31,AUD,231171000,-40656000,false,-68582000,,-5883000,27926000,336794000,336794000,32462000,11679000,,328668000,336794000
AGL.AX,annual,2022-06-30,AUD,,,false,,,,,,,,,,1000000,
AGL.AX,annual,2023-06-30,AUD,1.3869e+10,-857000000,false,-1585000000,,-624000000,728000000,672747233,672747233,2883000000,148000000,,-2000000,672747233
AGL.AX,annual,2024-06-30,AUD,1.3122e+10,2057000000,false,1310000000,,-838000000,747000000,674573055,672747233,2728000000,932000000,,5431000000,672747233
AGL.AX,annual,2025-06-30,AUD,1.384e+10,1004000000,false,201000000,,-1125000000,803000000,672747233,672747233,3307000000,319000000,,4858000000,672747233
AGL.AX,annual,2026-06-30,AUD,1.359e+10,2175000000,false,1338000000,,-1438000000,837000000,673796791,672747233,4034000000,325000000,,5276000000,672747233
AHC.AX,annual,2022-06-30,AUD,,,false,,,,,,,,,,,
AHC.AX,annual,2023-06-30,AUD,41978000,3554000,false,1837000,,-1573000,1717000,289962301,289962301,524000,4673000,,24999000,291439977
AHC.AX,annual,2024-06-30,AUD,58153000,8012000,false,5698000,,-3901000,2314000,308995633,303911066,1778000,13556000,,44378000,360768363
AHC.AX,annual,2025-06-30,AUD,81405000,10939000,false,8073000,,-4738000,2866000,370812500,363393342,3880000,14483000,,51727000,360768363
AHC.AX,annual,2026-06-30,AUD,94242000,15565000,false,11591000,,-2794000,3974000,378403361,372434392,3946000,16277000,,-1000,374751281
AHL.AX,annual,2023-06-30,AUD,141129082,18308332,false,11289812,,-4014424,7018520,66496026,66297630,48888936,14681145,,116886214,80653485
AHL.AX,annual,2024-06-30,AUD,142857536,16500968,false,9232382,,-5425221,7268586,81129646,81129646,48770733,16590359,,120766314,81287358
AHL.AX,annual,2025-06-30,AUD,153200356,15631119,false,8443621,,-4167636,7187498,81298451,81298451,41349423,18972297,,126249909,81303113
AHL.AX,annual,2026-06-30,AUD,155642903,16837681,false,9339317,,-5490897,7498364,,,42630873,25232515,,128733012,81321356
AI1.AX,annual,2022-06-30,AUD,4393926,-2955138,false,-4122746,,-2446485,1167608,69309665,69309665,3667381,600675,,2241480,75166666
AI1.AX,annual,2023-06-30,AUD,2675217,-1522390,false,-2187025,,-324856,664635,101457114,101457114,3755883,676806,,2185136,130716089
AI1.AX,annual,2024-06-30,AUD,5495434,-106124,false,-1105683,,-51211,999559,155477000,155477000,2835838,299141,,2306124,185132002
AI1.AX,annual,2025-06-30,AUD,,,false,,,,,472010102,472010102,,,,,
AIA.AX,annual,2022-06-30,NZD,,,false,,,,,,,,,,,
AIA.AX,annual,2023-06-30,NZD,591400000,252200000,false,106900000,,-465100000,145300000,1472279341,1472279341,1817100000,106200000,,8377500000,1472279341
AIA.AX,annual,2024-06-30,NZD,836700000,584100000,false,415700000,,-847200000,168400000,1475278665,1475278665,2684700000,219700000,,8610100000,1479784490
AIA.AX,annual,2025-06-30,NZD,929300000,827200000,false,626500000,,-937800000,200700000,1626449290,1626449290,2487300000,567800000,,1.04728e+10,1687561809
AIA.AX,annual,2026-06-30,NZD,965700000,765300000,false,523500000,,-903700000,241800000,1694683544,1693941741,2768800000,55400000,,1.08404e+10,1699366137
AIH.AX,annual,2022-09-30,GBP,115414000,17585000,true,11572000,,-2868000,6013000,422343593,422343593,,,,0,422343593
AIH.AX,annual,2023-09-30,GBP,198875000,25422000,true,4826000,,-1857000,20596000,422343593,422343593,,,,0,422343593
AIH.AX,annual,2024-09-30,GBP,262825000,36835000,true,24088000,,-9444000,12747000,422343593,422343593,,,,0,422343593
AIS.AX,annual,2022-06-30,AUD,386587000,38610000,false,11443000,,-117433000,27167000,355159789,355159789,15832000,138050000,,287938000,480530159
AIS.AX,annual,2023-06-30,AUD,612490000,-92544000,false,-132386000,,-149821000,39842000,724670822,724670822,24811000,19533000,,266369000,724670822
AIS.AX,annual,2024-06-30,AUD,540020000,32338000,false,-4176000,,-93482000,36514000,848259041,848259041,61670000,24761000,,271788000,967525540
AIS.AX,annual,2025-06-30,AUD,,,false,,,,,982652174,967947435,,,,,
AIZ.AX,annual,2022-06-30,NZD,,,false,,,,,,,,,,,
AIZ.AX,annual,2023-06-30,NZD,6330000000,1433000000,false,738000000,,-602000000,695000000,3368000000,3368000000,3335000000,2227000000,,2079000000,3368464315
AIZ.AX,annual,2024-06-30,NZD,6752000000,1124000000,false,408000000,,-791000000,716000000,3368000000,3368000000,2816000000,1279000000,,2010000000,3368464315
AIZ.AX,annual,2025-06-30,NZD,6755000000,1065000000,false,338000000,,-780000000,727000000,3405405405,3368000000,2838000000,1436000000,,1946000000,3306993443
AIZ.AX,annual,2026-06-30,NZD,7016000000,576000000,false,-192000000,,-1157000000,768000000,3253000000,3253000000,3188000000,989000000,,1683000000,3233562126
AKM.AX,annual,2022-06-30,USD,,438388.7788,false,296703.5386,,-1997097.711,141685.2402,507636985,507636985,,22006537.2,,-363416.9831,507636985
AKM.AX,annual,2023-06-30,USD,,-1664585.995,false,-1773481.032,,-1956335.017,108895.0375,507636985,507636985,,8553825.634,,-351546.6033,507636985
AKM.AX,annual,2024-12-31,USD,,-2763472,false,-2784888,,-1795823,21416,512669077,507636985,,4578095,,-390549,507636985
AKM.AX,annual,2025-12-31,USD,,-2641569,false,-2691342,,-6164288,49773,507636985,507636985,,5041262,,-393379,507636985
AL3.AX,annual,2022-06-30,AUD,,,false,,,,,,,374880,,,,
AL3.AX,annual,2023-06-30,AUD,634422,-4728151,false,-5416745,,-81540,688594,206779799,206779799,348115,4533957,,6925158,239998122
AL3.AX,annual,2024-06-30,AUD,7324869,-3260106,false,-4083057,,-887844,822951,250451693,250451693,2173610,7790323,,9993008,377099023
AL3.AX,annual,2025-06-30,AUD,7389208,-6281853,false,-7216239,,-2112912,934386,467344184,467344184,1789754,30398193,,32085458,537740595
AL3.AX,annual,2026-06-30,AUD,11760312,-6482027,false,-7586608,,-1788433,1104581,551339912,551339912,1565291,26670484,,32003660,567445783
ALA.AX,annual,2022-06-30,AUD,295810,,false,,,,,,,144804,,,,
ALA.AX,annual,2023-06-30,AUD,405898,-9323500,false,-10160677,,-2716,837177,711483401,711483401,,5175338,,3780091,849908680
ALA.AX,annual,2024-06-30,AUD,17000,-8694425,false,-8737404,,-129341,42979,941423356,941423356,,12714407,,11228047,1050556236
ALA.AX,annual,2025-06-30,AUD,136000,-11095505,false,-11202792,,-412897,107287,1097198632,1097198632,,20877185,,20076003,1188566442
ALA.AX,annual,2026-06-30,AUD,,-11096886,false,-11214596,,-39268,117710,1201146119,1201146119,,14352901,,14152077,1208851853
ALC.AX,annual,2022-06-30,AUD,34355000,-1584000,false,-3840000,,-311000,2256000,1164271633,1164271633,2484000,17339000,,93955000,1268069053
ALC.AX,annual,2023-06-30,AUD,40400000,-1428000,false,-4615000,,-454000,3187000,1268069053,1268069053,2155000,14641000,,90165000,1268069053
ALC.AX,annual,2024-06-30,AUD,37057000,-4496000,false,-8596000,,-53000,4100000,1316215107,,1695000,11798000,,86940000,1342473221
ALC.AX,annual,2025-06-30,AUD,,,false,,,,,1342847606,1342847606,,,,,
ALC.AX,annual,2026-06-30,AUD,41806000,6376000,false,1374000,,-226000,5002000,,,814000,20642000,,90869000,1343558756
ALD.AX,annual,2021-12-31,AUD,,,false,,,,,,,,,,,
ALD.AX,annual,2022-12-31,AUD,4.096550985e+10,1597472151,false,1127892031,,-407455012.9,469580120,239515193,238300000,3871465296,134961439.6,,447836332.5,238300000
ALD.AX,annual,2023-12-31,AUD,4.06474642e+10,1530957252,false,1036825670,,-580704210.2,494131581.8,238843302,238300000,3978679875,323678259.9,,448799397,238302099
ALD.AX,annual,2024-12-31,AUD,3.849005964e+10,1075546720,false,540755467.2,,-757234371.5,534791252.5,239722387,238300000,4503313453,136845593.1,,460238568.6,238302099
ALD.AX,annual,2025-12-31,AUD,3.628008803e+10,1024556933,false,455345766.2,,-812463801.7,569211166.5,238858110,238300000,4880574540,67068226.57,,481871886.9,238300000
ALL.AX,annual,2021-09-30,AUD,,,false,,,,,,,,,,,
ALL.AX,annual,2022-09-30,AUD,5573700000,1981900000,false,1483900000,,-268800000,498000000,666549543,663876734,2785100000,3021300000,,6022700000,659792616
ALL.AX,annual,2023-09-30,AUD,6295700000,2312400000,false,1824100000,,-452700000,488300000,656775068,653547145,2681900000,3151000000,,6726100000,648560092
ALL.AX,annual,2024-09-30,AUD,6603600000,2485400000,false,1890800000,,-494100000,594600000,640176817,636451589,2407700000,943800000,,6279900000,629381749
ALL.AX,annual,2025-09-30,AUD,6297000000,2656900000,false,1982500000,,-458300000,674400000,627265774,624078351,2030200000,1281800000,,6557200000,616871882
ALQ.AX,annual,2022-03-31,AUD,,,false,,,,,,,,,,,
ALQ.AX,annual,2023-03-31,AUD,2279200000,586100000,false,433700000,,-146100000,152400000,485657105,483700000,1448200000,179600000,,11300000,484167684
ALQ.AX,annual,2024-03-31,AUD,2461600000,353800000,false,179900000,,-151700000,173900000,486792453,484200000,1871700000,299900000,,13600000,484167684
ALQ.AX,annual,2025-03-31,AUD,2999400000,675000000,false,441500000,,-165000000,233500000,488000000,484200000,2093100000,268000000,,14400000,484874204
ALQ.AX,annual,2026-03-31,AUD,3320100000,770100000,false,516700000,,-263000000,253400000,505873016,484900000,1571900000,149700000,,5200000,507542553
ALR.AX,annual,2022-06-30,AUD,,-2840278,false,-2840278,,-4255046,,1426384178,1426384178,,3462634,,11132194,1627660808
ALR.AX,annual,2023-06-30,AUD,,-3653032,false,-3653032,,-2107413,,1737155793,1737155793,,1797986,,10177610,2113244184
ALR.AX,annual,2024-06-30,AUD,,-3273365,false,-3273365,,-554145,,2844461061,2844461061,,1974288,,10131041,4296577517
ALR.AX,annual,2025-06-30,AUD,,,false,,,,,4296663819,4296663819,,,,,
ALX.AX,annual,2021-12-31,AUD,,,false,,,,,,,,,,,
ALX.AX,annual,2022-12-31,AUD,116728000,401405000,false,335160000,,-357000,66245000,1084244598,1084244598,1735333000,275899000,,6490472000,1450834000
ALX.AX,annual,2023-12-31,AUD,133200000,425700000,false,356500000,,-800000,69200000,1450833707,1450833707,1720500000,305300000,,2865200000,1450833707
ALX.AX,annual,2024-12-31,AUD,145000000,443800000,false,373300000,,-1100000,70500000,1450833707,1450833707,1848200000,351500000,,2971400000,1450833707
ALX.AX,annual,2025-12-31,AUD,158900000,359300000,false,287400000,,-600000,71900000,1450833707,1450833707,1738400000,274400000,,2696400000,1450833707
AMA.AX,annual,2022-06-30,AUD,,,false,,,,,,,,,,,
AMA.AX,annual,2023-06-30,AUD,864533000,-71129000,false,-142489000,,-10383000,71360000,1361816636,1361816636,525938000,28874000,,8063000,1361992714
AMA.AX,annual,2024-06-30,AUD,890499000,77297000,false,14546000,,-16633000,62751000,1823853952,1823853952,437312000,36903000,,8874000,2019825520
AMA.AX,annual,2025-06-30,AUD,1009926000,89673000,false,16416000,,-30613000,73257000,451698755,451698755,380677000,57349000,,10185000,4782595517
AMA.AX,annual,2026-06-30,AUD,1035989000,97995000,false,17605000,,-30431000,80390000,478538853,478538853,427160000,41614000,,10590000,478461441
AMC.AX,annual,2022-06-30,USD,,,false,,,,,,,,,,,
AMC.AX,annual,2023-06-30,USD,1.4694e+10,2127000000,false,1541000000,1261000000,-526000000,586000000,295200000,293600000,7209000000,689000000,,64000000,289400000
AMC.AX,annual,2024-06-30,USD,1.364e+10,1850000000,false,1255000000,1321000000,-492000000,595000000,288200000,287800000,7187000000,588000000,,72000000,289068642
AMC.AX,annual,2025-06-30,USD,1.5009e+10,1768000000,false,1046000000,1390000000,-580000000,722000000,318600000,317800000,1.5008e+10,827000000,,12000000,460971988
AMC.AX,annual,2026-06-30,USD,2.3506e+10,3437000000,false,1958000000,2151000000,-922000000,1479000000,463800000,463200000,1.4864e+10,1115000000,,11000000,461900000
AMC.AX,quarterly,2024-12-31,USD,,,false,,,,,,,,,,,
AMC.AX,quarterly,2025-03-31,USD,,,false,,,,,,,,,,,
AMC.AX,quarterly,2025-06-30,USD,5082000000,420000000,false,97000000,1114000000,-220000000,323000000,408000000,407000000,1.5008e+10,827000000,,12000000,460971988
AMC.AX,quarterly,2025-09-30,USD,5745000000,841000000,false,477000000,-133000000,-238000000,364000000,463000000,462800000,1.574e+10,825000000,,12000000,460880000
AMC.AX,quarterly,2025-12-31,USD,5449000000,720000000,false,347000000,503000000,-221000000,373000000,463800000,463100000,1.6019e+10,1057000000,,11000000,461900000
AMC.AX,quarterly,2026-03-31,USD,5914000000,857000000,false,480000000,186000000,-228000000,377000000,463800000,463400000,1.6706e+10,1587000000,,11000000,462100000
AMC.AX,quarterly,2026-06-30,USD,6398000000,1019000000,false,654000000,1595000000,-235000000,365000000,464600000,463400000,1.4864e+10,1115000000,,11000000,461900000
AMI.AX,annual,2022-06-30,AUD,438815000,-65818000,false,-107481000,,-105252000,41663000,1295846420,1295846420,45490000,76694000,,336926000,1296783014
AMI.AX,annual,2023-06-30,AUD,369202000,36562000,false,-67568000,,-46454000,104130000,1254006000,1254006000,12692000,38946000,,309825000,1501942995
AMI.AX,annual,2024-06-30,AUD,309891000,75508000,false,13337000,,-82903000,62171000,1686470588,1686470588,7935000,116500000,,316849000,1691564582
ANG.AX,annual,2022-06-30,AUD,,,false,,,,,,,,,,,
ANG.AX,annual,2023-06-30,AUD,258298000,20304000,false,12399000,,-11021000,7905000,633111111,582818251,55444000,20167000,,114198000,583339584
ANG.AX,annual,2024-06-30,AUD,313240000,47741000,false,38612000,,-5489000,9129000,618056872,585916125,46018000,40193000,,130344000,586555743
ANG.AX,annual,2025-06-30,AUD,378941000,41664000,false,31799000,,-9530000,9865000,613544097,613544097,52263000,20060000,,144019000,620530277
ANG.AX,annual,2026-06-30,AUD,330782000,19316000,false,9661000,,-7069000,9655000,634375000,622701731,38005000,17073000,,133644000,623110874
ANN.AX,annual,2022-06-30,USD,,,false,,,,,,,,,,,
ANN.AX,annual,2023-06-30,USD,1655100000,275200000,false,207200000,,-67200000,68000000,127077978,126300000,494300000,159400000,,14500000,126019443
ANN.AX,annual,2024-06-30,USD,1619300000,202300000,false,129700000,,-62800000,72600000,129441624,128700000,857200000,912300000,,15300000,145259747
ANN.AX,annual,2025-06-30,USD,2003300000,260200000,false,185400000,,-69300000,74800000,146187050,145300000,805600000,238300000,,19100000,145207567
ANN.AX,annual,2026-06-30,USD,2140200000,399100000,false,319400000,,-49000000,79700000,143762922,142800000,756600000,249500000,,30900000,139396868
AON.AX,annual,2022-06-30,AUD,,-1850498,false,-1854662,,,4164,458133378,458133378,,3687684,,-50818,481272360
AON.AX,annual,2023-06-30,AUD,,-4051055,false,-4086505,,-250000,35450,496002009,496002009,,1709836,,-58717,526582900
AON.AX,annual,2024-06-30,AUD,,-3485428,false,-3540858,,,55430,623286507,623286507,,2253142,,-66718,696342900
AON.AX,annual,2025-06-30,AUD,,,false,,,200000,,794841849,794841849,,,,,
AOV.AX,annual,2022-06-30,AUD,,,false,,,,,,,15000000,,,,
AOV.AX,annual,2023-06-30,AUD,1036900000,210543000,false,158339000,,-12451000,52204000,142216412,140894696,575085000,53353000,,889460000,140894696
AOV.AX,annual,2024-06-30,AUD,987174000,214425000,false,163021000,,-20069000,51404000,140894696,140894696,506164000,57083000,,933667000,140894696
AOV.AX,annual,2025-06-30,AUD,997400000,3800000,false,-53100000,,-25100000,56900000,139168888,139168888,570400000,53400000,,724300000,135805758
AOV.AX,annual,2026-06-30,AUD,1023900000,188900000,false,131100000,,-28400000,57800000,135804702,134573353,541100000,48800000,,716800000,133849962
APA.AX,annual,2022-06-30,AUD,,,false,,,,,,,,,,657919000,
APA.AX,annual,2023-06-30,AUD,2841000000,1704000000,false,954000000,,-1180000000,750000000,1179894000,1179894000,1.1586e+10,513000000,,567000000,1179893848
APA.AX,annual,2024-06-30,AUD,3030000000,2616000000,false,1697000000,,-1096000000,919000000,1264628000,1264628000,1.2992e+10,676000000,,3248000000,1283352928
APA.AX,annual,2025-06-30,AUD,3182000000,1939000000,false,949000000,,-964000000,990000000,1295153000,1295153000,1.4019e+10,800000000,,748000000,1304487508
APA.AX,annual,2026-06-30,AUD,3016000000,2122000000,false,1080000000,,-845000000,1042000000,1315514000,1315514000,1.4153e+10,1636000000,,636000000,1323751413
APE.AX,annual,2021-12-31,AUD,,,false,,,,,,,,,,,
APE.AX,annual,2022-12-31,AUD,8541502000,601233000,false,484630000,,-208936000,116603000,260151783,259678733,2339004000,190434000,,37384000,255398099
APE.AX,annual,2023-12-31,AUD,9851681000,636175000,false,514879000,,-74296000,121296000,260065885,259512250,2674278000,222214000,,35284000,256900410
APE.AX,annual,2024-12-31,AUD,1.1193742e+10,621328000,false,477457000,,-117649000,143871000,261762467,261349471,3370592000,183683000,,35819000,258074137
APE.AX,annual,2025-12-31,AUD,1.304519e+10,699660000,false,544754000,,-71274000,154906000,262030058,260162121,3055856000,456702000,,125407000,282364338
APX.AX,annual,2021-12-31,USD,,,false,,,,,,,,,,,
APX.AX,annual,2022-12-31,USD,388133000,-196995000,false,-238577000,,-27931000,41582000,139555822,139555822,10177000,23429000,,147986000,139640206
APX.AX,annual,2023-12-31,USD,273012000,-89367000,false,-124514000,,-19853000,35147000,142087928,142087928,12434000,32152000,,92797000,211467054
APX.AX,annual,2024-12-31,USD,234285000,3342000,false,-19978000,,-12847000,23320000,228916641,228916641,11040000,54809000,,114316000,260735154
APX.AX,annual,2025-12-31,USD,230774000,9559000,false,-21771000,,-16637000,31330000,264352103,264352103,9403000,59824000,,94604000,265610639
APZ.AX,annual,2022-06-30,AUD,46023000,75639000,false,74653000,,-1619000,986000,138212321,136647000,154424000,10730000,,-3837000,155043000
APZ.AX,annual,2023-06-30,AUD,65668000,60813000,false,59612000,,-2268000,1201000,176149611,174251000,171689000,8922000,,-3837000,179421000
APZ.AX,annual,2024-06-30,AUD,91124000,73015000,false,71521000,,-1829000,1494000,185451761,182883000,199904000,4524000,,-3837000,199228000
AQZ.AX,annual,2022-06-30,AUD,,,false,,,,,,,,,,,
AQZ.AX,annual,2023-06-30,AUD,508239000,122265000,false,64691000,,-96940000,57574000,166335209,166335209,263365000,22317000,,349767000,166335209
AQZ.AX,annual,2024-06-30,AUD,637190000,177532000,false,104289000,,-115146000,73243000,166555755,166335209,366841000,31230000,,410740000,166335209
AQZ.AX,annual,2025-06-30,AUD,760872000,205735000,false,113688000,,-175680000,92047000,166958393,166463704,513471000,96489000,,468541000,166559047
AQZ.AX,annual,2026-06-30,AUD,693117000,9356000,false,-92600000,,-91454000,101956000,166643612,166643612,510457000,29187000,,373102000,166672724
AR1.AX,annual,2021-12-31,AUD,37260000,,false,,,,,146600000,146600000,21061000,,,,
AR1.AX,annual,2022-12-31,AUD,54828000,-22900000,false,-22989000,,-49413000,89000,496666667,496666667,65524000,1535000,,-18675000,527165826
AR1.AX,annual,2023-12-31,AUD,110280000,20015000,false,19901000,,-37280000,114000,472600000,472600000,68436000,1145000,,-8272000,527165826
AR1.AX,annual,2024-12-31,AUD,82087000,-8425000,false,-9713000,,-13101000,1288000,527165826,527165826,84610000,79000,,-31218000,527165826
AR1.AX,annual,2025-12-31,AUD,,-833000,false,-2516000,,-19453000,1683000,,,22720000,19304000,,36311000,1698808647
ARB.AX,annual,2022-06-30,AUD,,,false,,,,,,,,,,,
ARB.AX,annual,2023-06-30,AUD,671240000,149644000,false,123760000,,-45873000,25884000,81962045,81962045,35844000,44945000,,607126000,82099299
ARB.AX,annual,2024-06-30,AUD,693154000,171546000,false,143112000,,-51957000,28434000,82225336,82205991,40251000,56502000,,659416000,82332195
ARB.AX,annual,2025-06-30,AUD,729949000,169804000,false,137295000,,-52927000,32509000,82881788,82834679,46642000,69198000,,756616000,83163152
ARB.AX,annual,2026-06-30,AUD,702015000,160884000,false,125184000,,-41786000,35700000,83481481,83427080,49581000,47895000,,741888000,83660077
ARL.AX,annual,2022-06-30,AUD,,-1966946,false,-2107711,,-7381599,140765,148541584,148541584,280288,22018398,,49012406,169737772
ARL.AX,annual,2023-06-30,AUD,,-3725571,false,-3963884,,-9995523,238313,170780624,170780624,153596,10648371,,45866034,171894772
ARL.AX,annual,2024-06-30,AUD,,-8290592,false,-8543501,,-7489806,252909,199682915,199682915,1244537,14848940,,55171525,199682915
ARL.AX,annual,2025-06-30,AUD,,-7121416,false,-7543096,,-47273763,421680,201681929,201681929,49721391,14683538,,67629545,210412915
ARR.AX,annual,2022-06-30,AUD,,-4116337,false,-4184687,,-2826453,68350,371543402,371543402,173361,6339542,,16001095,395704936
ARR.AX,annual,2023-06-30,AUD,,-4025542,false,-4115215,,-3675927,89673,437230041,437230041,116155,12485220,,25198848,446423299
ARR.AX,annual,2024-06-30,AUD,,-5875872,false,-6012809,,-4049786,136937,462182203,462182203,342057,16299550,,33058121,493423299
ARR.AX,annual,2025-06-30,AUD,,-6199722,false,-6334374,,-6169822,134652,502274812,502274812,182871,9353143,,30110494,507423299
ART.AX,annual,2022-06-30,AUD,31469000,-17001000,false,-20526000,,-5102000,3525000,417961583,417961583,1597000,23722000,,36967000,440279432
ART.AX,annual,2023-06-30,AUD,44171000,-8009000,false,-12836000,,-3461000,4827000,448324001,448324001,3646000,16052000,,202000,450469992
ART.AX,annual,2024-06-30,AUD,46643000,451000,false,-4055000,,-1947000,4506000,451871726,451871726,2659000,17228000,,-1334000,452498074
ART.AX,annual,2025-06-30,AUD,,,false,,,,,454166925,454166925,,,,,
ARU.AX,annual,2022-06-30,AUD,,,false,,,,,,,209286,,,,
ARU.AX,annual,2023-06-30,AUD,,-95785189,false,-96362219,,-2294013,577030,1906848705,1906848705,1635696,128848076,,214901709,2113364692
ARU.AX,annual,2024-06-30,AUD,,-92501431,false,-100912914,,-3018113,8411483,2213485754,2213485754,749531,42170343,,144114303,2310302192
ARU.AX,annual,2025-06-30,AUD,,-18551476,false,-19228852,,-3007719,677376,2444111267,2444111267,237623,27178291,,149263941,2464328691
ARU.AX,annual,2026-06-30,AUD,,-40544742,false,-41026280,,-9501515,481538,3907048032,3907048032,1334871,223241104,,845709754,5355174672
ARX.AX,annual,2022-03-31,NZD,,,false,,,,,,,,,,,
ARX.AX,annual,2023-03-31,NZD,59309182.81,3240662.735,false,-353833.1929,,-7124403.258,3594495.928,342917000,342917000,6652625.667,8930075.821,,95376766.83,343109468
ARX.AX,annual,2024-03-31,NZD,63357490.14,-4370241.262,false,-8401981.47,,-6407669.021,4031740.207,343825000,343825000,6820475.186,10569672.51,,87091092.56,344207834
ARX.AX,annual,2025-03-31,NZD,76969283.9,2646310.433,false,-1845692.475,,-3361504.907,4492002.908,344900000,344900000,5830607.052,7261904.762,,84591966.56,344900256
ARX.AX,annual,2026-03-31,NZD,86602735.16,9924949.967,false,5544529.686,,-3111240.827,4380420.28,361197589,345255000,5316877.919,17562541.69,,82837725.15,345476196
AS1.AX,annual,2022-06-30,AUD,,-2394926,false,-2471224,,-126369,76298,243263649,243263649,,2607909,,-1962573,313913397
AS1.AX,annual,2023-06-30,AUD,,-8050687,false,-8137530,,-63564,86843,434385311,434385311,,1640890,,-1164973,591588368
AS1.AX,annual,2024-06-30,AUD,,-1322824,false,-1393776,,-24224,70952,722064953,722064953,500000,1337941,,-1392332,882175350
ASB.AX,annual,2022-06-30,AUD,,,false,,,,,363310502,361337051,,,,,
ASB.AX,annual,2023-06-30,AUD,1585034000,56757000,false,-3058000,,-128623000,59815000,362399476,362399476,240457000,179201000,,948818000,361568821
ASB.AX,annual,2024-06-30,AUD,1468907000,127642000,false,60366000,,-69916000,67276000,362510175,362510175,281058000,173510000,,1004665000,361221467
ASB.AX,annual,2025-06-30,AUD,1823337000,199760000,false,126629000,,-195644000,73131000,385120172,379489572,266989000,583933000,,1308655000,421180044
ASB.AX,annual,2026-06-30,AUD,2028961000,-42072000,false,-112233000,,-353546000,70161000,,,294699000,311895000,,1233569000,422050221
ASG.AX,annual,2022-06-30,AUD,,,false,,,,,203027767,201000000,,,,,
ASG.AX,annual,2023-06-30,AUD,2311430000,176579000,false,124551000,,-133666000,52028000,202682776,201000000,902976000,41999000,,5921000,201000000
ASG.AX,annual,2024-06-30,AUD,2581945000,192968000,false,133608000,,-29179000,59360000,202434320,201000000,991947000,36289000,,-877000,201000000
ASG.AX,annual,2025-06-30,AUD,2796747000,158897000,false,92745000,,-25866000,66152000,203713577,202074634,1115182000,43770000,,-801000,202436781
ASG.AX,annual,2026-06-30,AUD,3105243000,167648000,false,98932000,,-43006000,68716000,,,1492734000,31133000,,-843000,213035696
ASL.AX,annual,2022-06-30,AUD,,-626292,false,-643821,,-881458,17529,27967123,27967123,40496,3370610,,4235409,34200000
ASL.AX,annual,2023-06-30,AUD,,-1634586,false,-1662365,,-669893,27779,38456538,38456538,31212,2678831,,4209007,45350100
ASL.AX,annual,2024-06-30,AUD,,-9588148,false,-9733355,,-6346041,145207,67604997,67604997,112628,9924422,,16663253,111987136
ASN.AX,annual,2022-06-30,AUD,,-6419133,false,-6546772,,-2882026,127639,991261075,991261075,1185849,5730923,,7374129,1027912335
ASN.AX,annual,2023-06-30,AUD,,-11921004,false,-12207078,,-6360315,286074,1138540254,1138540254,1476330,38645427,,56496603,1270523564
ASN.AX,annual,2024-06-30,AUD,,-9151379,false,-9803637,,-23661329,652258,1282856713,1282856713,1425370,8215284,,49659102,1290528206
ASN.AX,annual,2025-06-30,AUD,,-7757041,false,-8409539,,-4016749,652498,1360999781,1360999781,1251322,2446516,,48954541,1386736539
AT4.AX,annual,2022-06-30,AUD,,-3766757,false,-3785501,,-19888,18744,141248035,141248035,49788,4846796,,4702256,176754706
AT4.AX,annual,2023-06-30,AUD,,-5557211,false,-5569644,,-99621,12433,190899121,190899121,,1259330,,1188868,201384624
AT4.AX,annual,2024-06-30,AUD,,-3954252,false,-3967990,,,13738,338769113,338769113,,1540551,,984259,430680686
AT4.AX,annual,2025-06-30,AUD,,,false,,,,,724962808,724962808,,,,,
ATA.AX,annual,2022-06-30,AUD,133010000,13559000,false,12229000,,-38000,1330000,179104421,178510296,10896000,35130000,,734000,204359122
ATA.AX,annual,2023-06-30,AUD,167586000,18627000,false,16573000,,-281000,2054000,222147505,217557863,15548000,44250000,,623000,231272269
ATA.AX,annual,2024-06-30,AUD,236563000,20753000,false,14321000,,-776000,6432000,277954545,272472290,26804000,60639000,,150186000,310953463
ATA.AX,annual,2025-06-30,AUD,296206000,25846000,false,16187000,,-2490000,9659000,356784314,350224722,36435000,91576000,,228093000,378990547
ATG.AX,annual,2022-06-30,AUD,,,false,,,,,,,,,,,
ATG.AX,annual,2023-06-30,AUD,555122000,-40519000,false,-51267000,,-12625000,10748000,276619241,276619241,7006000,35721000,,57236000,277720223
ATG.AX,annual,2024-06-30,AUD,492990000,7021000,false,-6780000,,-6073000,13801000,281817257,281817257,9474000,36897000,,53052000,282172143
ATG.AX,annual,2025-06-30,AUD,438644000,2671000,false,-9029000,,-4747000,11700000,285862862,285862862,6577000,28418000,,45852000,284568877
ATG.AX,annual,2026-06-30,AUD,408550000,16025000,false,11086000,,-3569000,4939000,300966851,292156103,4314000,40459000,,54191000,291707014
ATH.AX,annual,2022-06-30,AUD,,,false,,-12337274,-89147,54214,,,,,,,
ATH.AX,annual,2023-06-30,AUD,0,-14551029,false,-14653292,-20035837,-7311,102263,291341146,291341146,210384,15773783,,22812909,48797952
ATH.AX,annual,2024-06-30,AUD,0,-19469092,false,-19616621,-12605824,-5722,147529,72977512,72977512,159045,12638885,,13798057,104902306
ATH.AX,annual,2025-06-30,AUD,0,-12321488,false,-12461203,-11451248,0,139715,127938483,127938483,155457,33158642,,42403086,182547413
ATH.AX,annual,2026-06-30,AUD,0,-24978693,false,-25094229,,0,115536,210494323,210494323,193465,37317962,,42724962,217508862
ATH.AX,quarterly,2024-12-31,AUD,,,false,,,,,,,105831,4536559,,7786007,128229997
ATH.AX,quarterly,2025-03-31,AUD,,,false,,,0,,,,,,,,
ATH.AX,quarterly,2025-06-30,AUD,,,false,,,0,,,,155457,33158642,,42403086,182547413
ATH.AX,quarterly,2025-12-31,AUD,,,false,,,0,,,,98449,49200547,,54267999,217508326
ATH.AX,quarterly,2026-03-31,AUD,,,false,,,0,,,,,,,,
ATH.AX,quarterly,2026-06-30,AUD,,,false,,,0,,,,193465,37317962,,42724962,217508862
ATM.AX,annual,2021-12-31,IDR,,,false,,,,,,,,,,,
ATM.AX,annual,2022-12-31,IDR,4.5930356e+13,5.511524e+12,false,5.381341e+12,,-7.11001e+11,1.30183e+11,4806153000,4806153000,3.523525e+12,4.476491e+12,,17000000,2.403076472e+10
ATM.AX,annual,2023-12-31,IDR,4.1047693e+13,4.164905e+12,false,4.036059e+12,,-1.439343e+12,1.28846e+11,4806153000,4806153000,3.01643e+12,9.208814e+12,,5.22475e+11,2.403076472e+10
ATM.AX,annual,2024-12-31,IDR,6.919244e+13,4.889568e+12,false,4.74301e+12,,-1.224266e+12,1.46558e+11,4806153000,4806153000,2.82603e+11,4.751621e+12,,7.41393e+11,2.403076472e+10
ATM.AX,annual,2025-12-31,IDR,8.4642439e+13,9.993673e+12,false,9.825578e+12,,-6.99363e+11,1.68095e+11,4806153000,4806153000,4.556903e+12,8.43361e+12,,1.301679e+12,2.403076472e+10
ATM.AX,quarterly,2024-12-31,IDR,,,false,,,,,,,0,,,,
ATM.AX,quarterly,2025-03-31,IDR,2.6151701e+13,2.978376e+12,false,2.939572e+12,,-2.93111e+11,3.8804e+10,4806153000,4806153000,3.28418e+11,6.915877e+12,,9.33656e+11,2.403076472e+10
ATM.AX,quarterly,2025-06-30,IDR,3.2868024e+13,3.639612e+12,false,3.599731e+12,,-3.5579e+10,3.9881e+10,,,5.66906e+11,1.0513725e+13,,1.188494e+12,2.403076472e+10
ATM.AX,quarterly,2025-09-30,IDR,,,false,1.755536e+12,,,,,,,,,,
ATM.AX,quarterly,2025-12-31,IDR,1.2614315e+13,1.40173e+12,false,1.351398e+12,,-2.28014e+11,5.0332e+10,,,4.556903e+12,8.43361e+12,,1.301679e+12,2.403076472e+10
ATM.AX,quarterly,2026-03-31,IDR,2.9323338e+13,4.881853e+12,false,4.840477e+12,,-1.05734e+11,4.1376e+10,4806153000,4806153000,8.731397e+12,9.038508e+12,,1.559008e+12,2.403076472e+10
ATM.AX,quarterly,2026-06-30,IDR,3.3390942e+13,4.407972e+12,false,4.367287e+12,,-1.98242e+11,4.0685e+10,,,6.010031e+12,9.226074e+12,,1.261509e+12,2.403076472e+10
ATR.AX,annual,2022-06-30,AUD,18999516,-4836235,false,-6511583,,-4612687,1675348,122824603,122824603,18492388,2447986,,101165710,122824603
ATR.AX,annual,2023-06-30,AUD,14458725,-2828132,false,-4853327,,-7340012,2025195,129643893,129643893,21688807,7204674,,90496303,146957212
ATR.AX,annual,2024-06-30,AUD,12216920,-19447054,false,-21619828,,-7833783,2172774,158457010,158457010,20178595,2885008,,80164529,171620586
ATR.AX,annual,2025-06-30,AUD,10970411,19713064,false,17898739,,-7025791,1814325,196598577,196598577,8828826,7948625,,121966331,209178754
AUC.AX,annual,2022-06-30,AUD,,,false,,,,,,,,,,,
AUC.AX,annual,2023-06-30,AUD,,-4868648,false,-5175685,,-10509802,307037,208353752,208353752,1023612,9412384,,78592920,229614120
AUC.AX,annual,2024-06-30,AUD,,-7748517,false,-8116930,,-17013103,368413,23241361,23241361,2784871,5148592,,84119600,27621412
AUC.AX,annual,2025-06-30,AUD,,-10282463,false,-10626440,,-11141177,343977,349807255,349807255,428352,12028451,,98317052,357448136
AUC.AX,annual,2026-06-30,AUD,,-8892557,false,-9274875,,-45977528,382318,489516908,489516908,1407452,87357935,,215104165,547859741
AUE.AX,annual,2022-06-30,AUD,,-676867,false,-676867,,-892148,,20712329,20712329,,3181723,,3368011,30000000
AUE.AX,annual,2023-06-30,AUD,,-1221245,false,-1222148,,-263845,903,30000000,30000000,,2186465,,2160615,30000000
AUE.AX,annual,2024-06-30,AUD,,-2109708,false,-2145172,,-2724961,35464,57613406,57613406,,10815351,,21228931,113834847
AUE.AX,annual,2025-06-30,AUD,,,false,,,,,187009621,187009621,,,,,
AVE.AX,annual,2021-12-31,AUD,,,false,,,-202821,,,,13703,,,,
AVE.AX,annual,2022-12-31,AUD,1206167,-2105691,false,-2336042,,-53124,230351,1837869344,1837869344,246075,1553940,,2449522,1837869344
AVE.AX,annual,2023-12-31,AUD,473551,-3242510,false,-3421205,,,178695,2268083594,2268083594,175151,5520126,,6377770,3169297013
AVE.AX,annual,2024-12-31,AUD,1132672,-2920030,false,-3064915,,,144885,3122048000,3122048000,1076668,2374534,,3269738,3169297013
AVE.AX,annual,2025-12-31,AUD,1245075,-3818174,false,-3955263,,,137089,3266774181,3266774181,14473,4663491,,1559650,3673463679
AVH.AX,annual,2022-12-31,USD,34421000,-26045000,false,-26613000,-19090000,-525000,568000,125000900,125000900,918000,18164000,0,84740000,25208436
AVH.AX,annual,2023-12-31,USD,50143000,-33540000,false,-34172000,-38011000,-1447000,632000,126656320,126656320,42409000,22118000,0,49056000,25682078
AVH.AX,annual,2024-12-31,USD,64251000,-55304000,false,-56430000,-48939000,-9333000,1126000,129415280,129415280,45985000,14050000,0,4499000,26354042
AVH.AX,annual,2025-12-31,USD,71610000,-41225000,false,-43572000,-31195000,-1739000,2347000,139303920,139303920,46048000,10243000,0,-16650000,30571662
AVH.AX,quarterly,2024-12-31,USD,,,false,,,,,,,42245000,,,,
AVH.AX,quarterly,2025-03-31,USD,,,false,,,,,,,41464000,,,,
AVH.AX,quarterly,2025-06-30,USD,18418000,-8112000,false,-8664000,-10229000,-524000,552000,131837740,131837740,44588000,12216000,0,-12892000,26613678
AVH.AX,quarterly,2025-09-30,USD,17062000,-11330000,false,-11904000,-5219000,-955000,574000,141967225,141967225,44773000,15422000,0,-6666000,30493111
AVH.AX,quarterly,2025-12-31,USD,17615000,-9688000,false,-10388000,-5438000,-26000,700000,151921040,151921040,46048000,10243000,0,-16650000,30571662
AVH.AX,quarterly,2026-03-31,USD,19251000,-8571000,false,-9198000,-10072000,-22000,627000,152704360,152704360,48120000,8309000,0,-23166000,30776689
AVH.AX,quarterly,2026-06-30,USD,21702000,-5562000,false,-6167000,-3496000,-111000,605000,153749470,153749470,48481000,9139000,0,-27838000,30926847
AVL.AX,annual,2022-06-30,AUD,-34329,-5006109,false,-5118025,,-8009401,111916,135366256,135366256,32314,26443986,,60533203,160354237
AVL.AX,annual,2023-06-30,AUD,30500,-6913195,false,-7236890,,-10139264,323695,170254123,170254123,1871450,26873911,,60488849,174596447
AVL.AX,annual,2024-06-30,AUD,,-14259000,false,-15013000,,-17370000,754000,252165911,252165911,2052000,36420000,,140946000,344420125
AVL.AX,annual,2025-06-30,AUD,,,false,,,,,344317148,344317148,,,,,345386323
AVR.AX,annual,2021-12-31,USD,,,false,,,,,,,3394587.091,15440502.22,,,
AVR.AX,annual,2022-12-31,USD,3122608.406,-28246391.69,false,-29431419.65,,-1638777.093,1185027.96,13362583,13362583,956723.4037,9391762.929,,8992050.696,13901883
AVR.AX,annual,2023-12-31,USD,2800884.329,-44841425.15,false,-46742270.64,,-2427492.54,1900845.495,15605878,15605878,1708153.129,21005826.49,,40965.94858,17820149
AVR.AX,annual,2024-12-31,USD,2703000,-74413000,false,-75920000,-61241000,-2280000,1507000,20252919,20252919,1395000,70458000,0,-79000,35939816
AVR.AX,annual,2025-12-31,USD,1913000,-92491000,false,-94152000,-77803000,-1954000,1661000,36911472,36911472,2282000,12576000,0,-160000,41579881
AVR.AX,quarterly,2024-12-31,USD,,,false,,,,,,,,,,,
AVR.AX,quarterly,2025-03-31,USD,,,false,,,,,36012290,36012290,,48955000,,,
AVR.AX,quarterly,2025-06-30,USD,618000,-20318000,false,-21040000,-19535000,-537000,418000,36062364,36062364,2808000,28438000,0,-374000,36062370
AVR.AX,quarterly,2025-09-30,USD,429000,-21701000,false,-22194000,-18252000,-772000,417000,36062370,36062370,2351000,9119000,0,-339000,36062370
AVR.AX,quarterly,2025-12-31,USD,310000,-28461000,false,-29013000,-18527000,-397000,423000,,,2282000,12576000,0,-160000,41579881
AVR.AX,quarterly,2026-03-31,USD,494000,-21856000,false,-22379000,-28680000,-182000,429000,83009832,83009832,3735000,282699000,0,-34000,97232054
AVR.AX,quarterly,2026-06-30,USD,1009000,-28177000,false,-28646000,-20797000,-648000,469000,97340200,97340200,3322000,256867000,0,283000,97410906
AX1.AX,annual,2022-06-30,AUD,,,false,,,,,562862254,541750781,19884000,,,,
AX1.AX,annual,2023-06-30,AUD,1418684000,285953000,false,126520000,,-34363000,159433000,567560819,548623486,558280000,29722000,,441212000,552459958
AX1.AX,annual,2024-06-30,AUD,1453988000,264616000,false,95457000,,-31823000,169159000,564265403,561097970,542203000,28051000,,418805000,563053196
AX1.AX,annual,2025-06-30,AUD,1476262000,278944000,false,93715000,,-42974000,185229000,570024376,570024376,535660000,39561000,,475090000,601185674
AX1.AX,annual,2026-06-30,AUD,1539221000,209178000,false,14377000,,-32224000,194801000,,,619394000,72537000,,439141000,601185674
AXQ.AX,annual,2024-12-31,USD,146650000,-151517000,false,-158756000,,-4372000,7239000,226379568,226379568,70251000,87961000,465831000,-277353000,226379568
AXQ.AX,annual,2025-12-31,USD,192520000,-155070000,false,-159954000,,-6133000,4884000,,,82354000,70795000,485686000,-393831000,226379568
AYA.AX,annual,2022-06-30,AUD,,,false,,,-6380000,,66176878,66176878,1148000,,,,
AYA.AX,annual,2023-06-30,AUD,,-11890000,false,-12442000,,-4553000,552000,78381166,78381166,1212000,20132000,,30556000,78538993
AYA.AX,annual,2024-06-30,AUD,,-16052000,false,-18047000,,-46000,1995000,78642982,78642982,949000,7134000,,16804000,78703993
AYA.AX,annual,2025-06-30,AUD,28000,-20889000,false,-22082000,,-263000,1193000,92321145,92321145,624000,11332000,,21289000,113353365
AYA.AX,annual,2026-06-30,AUD,28000,-31984000,false,-33239000,,-500000,1255000,,,247000,44025000,,78294000,162963615
AZJ.AX,annual,2022-06-30,AUD,,,false,,,,,,,,,,,
AZJ.AX,annual,2023-06-30,AUD,3438000000,1376000000,false,710000000,,-758000000,666000000,1840704000,1840704000,5589000000,92000000,,4353000000,1840704000
AZJ.AX,annual,2024-06-30,AUD,3756000000,1623000000,false,916000000,,-823000000,707000000,1845454545,1840704000,4922000000,49000000,,4438000000,1840704000
AZJ.AX,annual,2025-06-30,AUD,3869000000,1533000000,false,801000000,,-696000000,732000000,1788594000,1788594000,5501000000,64000000,,4086000000,1750444000
AZJ.AX,annual,2026-06-30,AUD,4166000000,1610000000,false,871000000,,-751000000,739000000,1716824000,1716824000,5629000000,128000000,,3939000000,1683307000
AZY.AX,annual,2022-06-30,AUD,,-6298473,false,-6406064,,-22702248,107591,313828459,313828459,485870,7874680,,59696703,313970826
AZY.AX,annual,2023-06-30,AUD,,-3376593,false,-3479726,,-9966324,103133,349220430,349220430,419254,5802470,,68559978,359705147
AZY.AX,annual,2024-06-30,AUD,,-2948190,false,-3041132,,-7886514,92942,402154124,402154124,341844,8037317,,78653901,471004942
AZY.AX,annual,2025-06-30,AUD,,,false,,,,,522781364,522781364,,,,,
B4P.AX,annual,2022-06-30,AUD,,,false,,,,,,,20614771,,,,
B4P.AX,annual,2023-06-30,AUD,30709142,-2961748,false,-3445442,,-16709,483694,46470142,46470142,33687086,21777857,,26827424,46479882
B4P.AX,annual,2024-06-30,AUD,35313322,8787705,false,8274981,,-1164728,512724,51973639,51973639,38001472,19227764,,30531790,47335412
B4P.AX,annual,2025-06-30,AUD,40165013,11299662,false,10281961,,-3517410,1017701,51859685,47970613,31906752,14007754,,39326756,48257188
B4P.AX,annual,2026-06-30,AUD,50607821,13719624,false,11177077,,-3728950,2542547,54876613,49393372,36882223,7405582,,48936342,49796881
BAP.AX,annual,2022-06-30,AUD,1841905000,274994000,false,186211000,,-57401000,88783000,,,599711000,80213000,,1248000,468468882
BAP.AX,annual,2023-06-30,AUD,2021135000,259773000,false,163116000,,-41345000,96657000,470455379,468468882,642417000,78634000,,1010000,468468882
BAP.AX,annual,2024-06-30,AUD,2036938000,-44369000,false,-138836000,,-57262000,94467000,468468882,468468882,694162000,71594000,,829000,468468882
BAP.AX,annual,2025-06-30,AUD,1975767000,158413000,false,63586000,,-60777000,94827000,473062387,468468537,642212000,58583000,,1771000,468426919
BAP.AX,annual,2026-06-30,AUD,,,false,,,,,441621100,441621100,,,,,
BB1.AX,annual,2023-06-30,AUD,,-619249,false,-675060,,-83071,55811,99150003,99150003,15232,50056,,40723,99150003
BB1.AX,annual,2024-06-30,AUD,,-1667127,false,-1748738,,-143958,81611,,,168685,3017697,,6484016,99150003
BB1.AX,annual,2025-06-30,AUD,,-5570410,false,-5697258,,-135521,126848,102900776,102900776,128980,8712333,,8970928,124341668
BB1.AX,annual,2026-06-30,AUD,,-6805558,false,-7198395,,-1296021,392837,,,388660,7883498,,19497769,152873007
BBL.AX,annual,2022-12-31,AUD,42911520,-12180350,false,-13452452,,-832385,1272102,98040631,98040631,,19826938,,39375606,98040631
BBL.AX,annual,2023-12-31,AUD,54069470,-12831022,false,-14127142,,-1276186,1296120,98040631,98040631,,22814632,,43536790,98040631
BBL.AX,annual,2024-12-31,AUD,59606985,-13569626,false,-14878584,,-1832596,1308958,98040631,98040631,,26658910,,47785975,98040631
BBL.AX,annual,2025-12-31,AUD,74305335,-12668521,false,-14153800,,-2451136,1485279,98040631,98040631,119916,35971779,,53598631,98040631
BBN.AX,annual,2022-06-30,AUD,,,false,,,,,,,,,,,
BBN.AX,annual,2023-06-30,AUD,524281000,53411000,false,16942000,,-8794000,36469000,138788732,133884366,175562000,4997000,,107934000,134906489
BBN.AX,annual,2024-06-30,AUD,498387000,43283000,false,4773000,,-8604000,38510000,141333333,134478888,175413000,9525000,,100784000,134906489
BBN.AX,annual,2025-06-30,AUD,521935000,56108000,false,16316000,,-12923000,39792000,142343284,134779138,166416000,12379000,,112645000,134919963
BBN.AX,annual,2026-06-30,AUD,556049000,62748000,false,18580000,,-44493000,44168000,141835443,135056948,181449000,12981000,,129838000,135400726
BBT.AX,annual,2022-06-30,AUD,,,false,,,,,,,,,,,
BBT.AX,annual,2023-06-30,AUD,53928000,-18329000,false,-21102000,,-9665000,2773000,200190275,200190275,1010000,22695000,,28852000,200201228
BBT.AX,annual,2024-06-30,AUD,64109000,-42446000,false,-48275000,,-3327000,5829000,213679431,213679431,580000,24490000,,3428000,296344439
BBT.AX,annual,2025-06-30,AUD,145242000,-7685000,false,-17134000,,-6126000,9449000,641917003,641917003,38952000,104881000,,198184000,1025517716
BBT.AX,annual,2026-06-30,AUD,143756000,-23617000,false,-36512000,,-8956000,12895000,1046819399,1046819399,38722000,27577000,,133250000,1046306313
BC8.AX,annual,2022-06-30,AUD,,,false,,,,,149307744,149307744,68244,,,,
BC8.AX,annual,2023-06-30,AUD,,-4470330,false,-4643263,,-23531468,172933,236389455,236389455,5000000,4656945,,93474580,266876453
BC8.AX,annual,2024-06-30,AUD,69000,-1288000,false,-1310000,,-17324000,22000,301808546,301808546,9437000,13978000,,116994000,377870189
BC8.AX,annual,2025-06-30,AUD,37317000,-2359000,false,-22114000,,-55277000,19755000,560766274,560766274,21460000,34112000,,269029000,707546922
BC8.AX,annual,2026-06-30,AUD,374289000,183889000,false,120770000,,-160716000,63119000,,,19623000,73706000,,367315000,728874974
BCI.AX,annual,2022-06-30,AUD,62998000,,false,,,,,,,501000,,,,
BCI.AX,annual,2023-06-30,AUD,60159000,16347000,false,9443000,,-229582000,6904000,1263108232,1263108232,103994000,109470000,,431461000,1263924675
BCI.AX,annual,2024-06-30,AUD,,-43398000,false,-49127000,,-216025000,5729000,1829648148,1829648148,113844000,258915000,,805221000,2884420991
BCI.AX,annual,2025-06-30,AUD,,-60984000,false,-65939000,,-403889000,4955000,2887513061,2887513061,369128000,77800000,,767010000,2887513061
BCI.AX,annual,2026-06-30,AUD,,-56800000,false,-60800000,,-299000000,4000000,2913575204,2913575204,698200000,98300000,,834100000,2937579809
BCK.AX,annual,2022-06-30,HKD,0,-26544000,false,-27252000,-20173000,-51000,708000,9383732000,9279410000,52491000,28797000,,590137000,9280232000
BCK.AX,annual,2023-06-30,HKD,0,-66068000,false,-66631000,-19242000,-4000,563000,9485910000,9280232000,65731000,16495000,,511212000,9280232000
BCK.AX,annual,2024-06-30,HKD,0,-12454000,false,-12824000,-19199000,-16000,370000,9572732000,9280232000,76617000,4559000,,498524000,9280232131
BCK.AX,annual,2025-06-30,HKD,0,-10390000,false,-10755000,-18576000,-39000,365000,9280232000,9280232000,92731000,5274000,,456414000,9280232131
BCK.AX,quarterly,2024-12-31,HKD,,,false,,,0,,,,86833000,2036000,,439669000,9280232131
BCK.AX,quarterly,2025-03-31,HKD,,,false,,,0,,,,,,,,
BCK.AX,quarterly,2025-06-30,HKD,,,false,,,0,,,,92731000,5274000,,456414000,9280232131
BCK.AX,quarterly,2025-12-31,HKD,,,false,,,-3000,,,,109011000,2723000,,450697000,9280232131
BCK.AX,quarterly,2026-03-31,HKD,,,false,,,0,,,,,,,,
BCM.AX,annual,2022-06-30,AUD,,-2439585,false,-2449531,,-112369,9946,449929029,449929029,,353759,,-6199,460021475
BCM.AX,annual,2023-06-30,AUD,,-4252550,false,-4276257,,-77621,23707,492028031,492028031,2463767,1664162,,-531850,512250722
BCM.AX,annual,2024-06-30,AUD,,-4605608,false,-4634819,,-63572,29211,670986249,670986249,622647,2066508,,1665786,830739425
BCM.AX,annual,2025-06-30,AUD,,,false,,,,,973473641,973473641,,,,,
BCN.AX,annual,2022-06-30,AUD,71164917,24440644,false,22342978,,-34829862,2097666,90045345,90045345,1093313,12731871,,58709433,91036763
BCN.AX,annual,2023-06-30,AUD,72295246,10383215,false,7573371,,-26506132,2809844,93595624,93595624,793386,4363088,,62286434,93919204
BCN.AX,annual,2024-06-30,AUD,82895898,26931178,false,13460617,,-30502263,13470561,93919204,93919204,9363846,5796691,,67672150,93919204
BET.AX,annual,2022-06-30,AUD,,,false,,,,,,,8391000,,,,
BET.AX,annual,2023-06-30,AUD,95027000,-41352000,false,-53145000,,-8224000,11793000,933244414,933244414,4709000,41041000,,150596000,943541600
BET.AX,annual,2024-06-30,AUD,95203000,-5441000,false,-17637000,,-8237000,12196000,960090235,960090235,3155000,29331000,,111554000,965114395
BET.AX,annual,2025-06-30,AUD,85121000,1330000,false,-14714000,,-10162000,16044000,974929143,974929143,1473000,30313000,,95227000,1086631276
BET.AX,annual,2026-06-30,AUD,92600000,9225000,false,-6289000,,-8413000,15514000,1113530284,1113530284,4209000,37871000,,92752000,1120282276
BGA.AX,annual,2022-06-30,AUD,,,false,,,,,,,,,,,
BGA.AX,annual,2023-06-30,AUD,3387200000,-136000000,false,-237900000,,-68100000,101900000,303851779,303851779,467100000,66400000,,1003700000,304248000
BGA.AX,annual,2024-06-30,AUD,3533200000,151800000,false,63700000,,-74600000,88100000,308080808,304518598,418900000,65600000,,1014800000,304776000
BGA.AX,annual,2025-06-30,AUD,3550100000,107900000,false,17000000,,-94400000,90900000,304967613,304967613,439600000,120900000,,980200000,305184000
BGA.AX,annual,2026-06-30,AUD,3785500000,191100000,false,97500000,,-109800000,93600000,307865169,305380155,471400000,133400000,,996800000,305573000
BGD.AX,annual,2022-06-30,AUD,,-3820000,false,-3912000,,-12000,92000,175616708,175616708,,11200000,,10269000,175616719
BGD.AX,annual,2023-06-30,AUD,,-4994000,false,-5122000,,-176000,128000,176014815,176014815,113000,10451000,,8703000,190354326
BGD.AX,annual,2024-06-30,AUD,,-8610000,false,-8850000,,-231000,240000,200452868,200452868,60000,4266000,,6328000,218658922
BGL.AX,annual,2022-06-30,AUD,,-16604000,false,-17677000,,-102632000,1073000,987111000,987111000,1009000,117473000,,350524000,1031431826
BGL.AX,annual,2023-06-30,AUD,,-23070000,false,-24644000,,-249715000,1574000,1088007000,1088007000,130227000,64723000,,427545000,1130179529
BGL.AX,annual,2024-06-30,AUD,298406000,111192000,false,79645000,,-350600000,31547000,1195182250,1156369000,476843000,48687000,,559640000,1177341851
BGL.AX,annual,2025-06-30,AUD,505837000,-405000,false,-38093000,,-192052000,37688000,1309752000,1309752000,342291000,151592000,,820075000,1476326107
BGP.AX,annual,2023-01-31,NZD,785854000,172281000,false,137989000,,-16455000,34292000,222638000,222638000,284969000,149874000,,308524000,222645586
BGP.AX,annual,2024-01-31,NZD,791953000,167340000,false,132505000,,-15059000,34835000,222756000,222756000,289180000,175441000,,315868000,222765778
BGP.AX,annual,2025-01-31,NZD,791469000,146326000,false,110528000,,-58161000,35798000,222787000,222787000,276702000,142401000,,299795000,222790012
BGP.AX,annual,2026-01-31,NZD,798831000,134758000,false,98747000,,-50436000,36011000,223460377,222790000,275888000,130325000,,305789000,222790012
BH6.AX,annual,2022-06-30,AUD,,-1075366,false,-1075366,,-4297925,,51795080,51795080,,11013173,,16581988,66850565
BH6.AX,annual,2023-06-30,AUD,,-1289850,false,-1289850,,-7737022,,66850565,66850565,,2514758,,15823068,66850565
BH6.AX,annual,2024-06-30,AUD,,-842606,false,-842606,,-2885290,,71256461,71256461,,1994048,,18101807,84145440
BH6.AX,annual,2025-06-30,AUD,,,false,,,,,116493245,116493245,,,,,
BHM.AX,annual,2023-06-30,AUD,,-2666059,false,-2669152,,-162405,3093,13559451,13559451,,3709312,,5225030,16579489
BHM.AX,annual,2024-06-30,AUD,,-2024169,false,-2068254,,-27827,44085,20091402,20091402,149820,4334723,,6595981,33539068
BHM.AX,annual,2025-06-30,AUD,,-2323996,false,-2410203,,-45836,86207,33539351,33539351,102022,21840534,,4172010,33539351
BHM.AX,annual,2026-06-30,AUD,89756000,-32425000,false,-44942000,,-62699000,12517000,291470616,291470616,36254000,33657000,,46066000,316928381
BHP.AX,annual,2022-06-30,USD,,,false,,,,,,,,,,,
BHP.AX,annual,2023-06-30,USD,5.3817e+10,2.8611e+10,false,2.355e+10,1.8701e+10,-6733000000,5061000000,5073000000,5064000000,2.2345e+10,1.2333e+10,,5475000000,5064408782
BHP.AX,annual,2024-06-30,USD,5.5658e+10,2.3525e+10,false,1.823e+10,2.0665e+10,-8816000000,5295000000,5077000000,5068000000,2.0718e+10,1.2389e+10,,5746000000,5070273143
BHP.AX,annual,2025-06-30,USD,5.1262e+10,2.5767e+10,false,2.0227e+10,1.8692e+10,-9398000000,5540000000,5083000000,5073000000,2.4496e+10,1.1769e+10,,5990000000,5075290713
BHP.AX,annual,2026-06-30,USD,5.876e+10,3.0723e+10,false,2.4522e+10,2.1778e+10,-9849000000,6201000000,5089000000,5078000000,2.7121e+10,1.8445e+10,,6901000000,5080163098
BIO.AX,annual,2022-06-30,AUD,4112911,-4423160,false,-4506749,,-128191,83589,176427317,176427317,467048,5493394,,6525047,199909857
BIO.AX,annual,2023-06-30,AUD,7235611,-2764477,false,-2984854,,-400939,220377,200764764,200764764,1145607,2260764,,3586265,201812546
BIO.AX,annual,2024-06-30,AUD,13008897,-1279017,false,-1520577,,-21607,241560,208040790,208040790,1296361,2868526,,2903528,215090901
BIO.AX,annual,2025-06-30,AUD,,,false,,,,,218472578,218472578,,,,,
BIS.AX,annual,2022-06-30,AUD,117827000,24190000,false,21875000,,-962000,2315000,47439873,46546000,11162000,1834000,,3922000,47088677
BIS.AX,annual,2023-06-30,AUD,153139000,22236000,false,20075000,,-1027000,2161000,47925094,47345000,5039000,2052000,,4595000,47450056
BIS.AX,annual,2024-06-30,AUD,152858000,25968000,false,23780000,,-1986000,2188000,48433846,47637000,1079000,6300000,,4424000,47685696
BIS.AX,annual,2025-06-30,AUD,152810000,30877000,false,28782000,,-1228000,2095000,48585608,47858000,2523000,6331000,,5113000,47903601
BKB.AX,annual,2024-06-30,AUD,,-5764311,false,-5779256,,-85734,14945,53527193,53527193,,2113306,,2706163,60710000
BKY.AX,annual,2022-06-30,AUD,,,false,,,0,,,,0,,,,
BKY.AX,annual,2023-06-30,AUD,1054000,-4768000,false,-4768000,,,,445797000,445797000,,78776000,,87316000,445796715
BKY.AX,annual,2024-06-30,AUD,3546000,-2524000,false,-2524000,,,,445797000,445797000,,77345000,,84904000,445796715
BKY.AX,annual,2025-06-30,AUD,3024000,-3415000,false,-3415000,,,,445797000,445797000,,73594000,,81368000,445796715
BKY.AX,annual,2026-06-30,AUD,2113000,-1374000,false,-1374000,,0,,446054000,446054000,,62443000,,70721000,446293143
BKY.AX,quarterly,2025-03-31,AUD,,,false,,,0,,,,,,,,
BKY.AX,quarterly,2025-06-30,AUD,,,false,,,,,,,,73594000,,81368000,445796715
BKY.AX,quarterly,2025-12-31,AUD,,,false,,,0,,,,,68408000,,76056000,446293143
BKY.AX,quarterly,2026-03-31,AUD,,,false,,,0,,,,,,,,
BKY.AX,quarterly,2026-06-30,AUD,,,false,,,0,,,,,62443000,,70721000,446293143
BLS.AX,annual,2022-06-30,AUD,2416351,-185872,false,-235926,,-5787,50054,,,,2168009,,52861,
BLS.AX,annual,2023-06-30,AUD,5160538,-2052152,false,-2138743,,-58638,86591,134413213,134413213,,3845969,,-130995,190164539
BLS.AX,annual,2024-06-30,AUD,9325020,-1658570,false,-1658570,,-492658,,193024813,193024813,673723,1027989,,-306668,204664539
BLS.AX,annual,2025-06-30,AUD,,,false,,,,,233389571,207844585,,,,,216482873
BLS.AX,annual,2026-06-30,AUD,74164632,17003885,false,15617329,,-3460202,1386556,229803821,221860938,8433252,13289017,,31087368,229977671
BLX.AX,annual,2022-06-30,AUD,,,false,,,,,223321406,223321406,,,,,
BLX.AX,annual,2023-06-30,AUD,311955000,85639000,false,54830000,,-11644000,30809000,223598913,223598913,149382000,20682000,,149096000,224596289
BLX.AX,annual,2024-06-30,AUD,323063000,86485000,false,51765000,,-9002000,34720000,225431615,225431615,157225000,36181000,,165790000,226836751
BLX.AX,annual,2025-06-30,AUD,328918000,87069000,false,50988000,,-10510000,36081000,227423543,227423543,164358000,45222000,,182610000,228656060
BLX.AX,annual,2026-06-30,AUD,340024000,86985000,false,47892000,,-12214000,39093000,,,171171000,44230000,,192417000,229342146
BM1.AX,annual,2025-06-30,AUD,,-409558,false,-409762,,-1490422,204,,,,2223472,,54646961,220000100
BMC.AX,annual,2023-06-30,USD,,-12133000,false,-12133000,,-1225000,,170837456,170837456,,,,0,170837456
BMC.AX,annual,2024-06-30,USD,,-24482000,false,-24482000,,-142000,,170837456,170837456,,,,0,170837456
BMC.AX,annual,2025-06-30,USD,,-22879000,false,-22879000,,-2010000,,170837456,170837456,136000,69312000,,39798000,170837456
BMC.AX,annual,2026-06-30,USD,,-83847000,false,-83943000,,-331000,96000,242051122,242051122,110800000,50328000,,-12498000,274639795
BML.AX,annual,2022-06-30,AUD,160662,-5786964,false,-5868610,,-36507,81646,153226966,153226966,100194,6317527,,10580121,153493527
BML.AX,annual,2023-06-30,AUD,201745,-5921411,false,-6014553,,-1644730,93142,165503035,165503035,102059,4578654,,10394796,174462770
BML.AX,annual,2024-06-30,AUD,136100,-3312142,false,-3423658,,-2696,111516,184584857,184584857,112712,5663582,,12090015,233395106
BML.AX,annual,2025-06-30,AUD,,,false,,,,,235484147,235484147,,,,,
BMN.AX,annual,2022-06-30,AUD,,-3441000,false,-3473000,,-5227000,32000,12795800,12795800,16000,51930000,,-57000,148768200
BMN.AX,annual,2023-06-30,AUD,,-4707000,false,-4744000,,-6953000,37000,150062000,150062000,16000,42589000,,-387000,150510660
BMN.AX,annual,2024-06-30,AUD,,-9479000,false,-9532000,,-15555000,53000,151784000,151784000,63000,24046000,,-990000,152847000
BMN.AX,annual,2025-06-30,AUD,,-4065000,false,-4188000,,-43452000,123000,178196726,178196726,68000,46204000,,-3006000,178841000
BNZ.AX,annual,2022-04-30,CAD,,,false,,,,,,,,,,,
BNZ.AX,annual,2023-04-30,CAD,0,-6872671,false,-6872671,-7360132,-330640,,122250955,122250955,,10132350,,8765776,157983900
BNZ.AX,annual,2024-04-30,CAD,0,-4019952,false,-4019952,-7447880,-1350000,0,167735987,167735987,0,3020475,,7257298,169138794
BNZ.AX,annual,2025-04-30,CAD,0,-7483200,false,-7492636,-3283085,-955852,9436,187989350,187989350,153197,11787527,,22894375,252757614
BNZ.AX,annual,2026-04-30,CAD,0,-40294732,false,-40397109,-33469360,-1818380,102377,288285479,288285479,107117,81249324,,90354536,333857248
BNZ.AX,quarterly,2025-01-31,CAD,,,false,,,,,169138794,169138794,,,,,
BNZ.AX,quarterly,2025-04-30,CAD,,,false,,,,,,,,,,,
BNZ.AX,quarterly,2025-07-31,CAD,0,-3644313,false,-3661237,-2956624,-120858,16924,256180223,256180223,142822,10740502,,21323285,258836364
BNZ.AX,quarterly,2025-10-31,CAD,0,-8131604,false,-8150411,-7259242,-1084435,18807,282657607,282657607,124284,27629522,,38294784,289432347
BNZ.AX,quarterly,2026-01-31,CAD,0,-9166323,false,-9194311,-11876796,-240909,27988,290141959,290141959,116697,16834325,,29428567,290883109
BNZ.AX,quarterly,2026-04-30,CAD,0,-19449320,false,-19487978,-11376698,-372178,38658,,,107117,81249324,,90354536,333857248
BNZ.AX,quarterly,2026-07-31,CAD,0,-28040604,false,-28106685,-28322298,-562579,66081,335773808,335773808,94528,53047202,,63802109,338895063
BOE.AX,annual,2022-06-30,AUD,,,false,,,,,,,,,,,
BOE.AX,annual,2023-06-30,AUD,,12741000,false,12663000,,-39955000,78000,355439093,352578862,95000,88940000,,250759000,352578862
BOE.AX,annual,2024-06-30,AUD,,48278000,false,47892000,,-90411000,386000,385077720,383315748,648000,67122000,,510304000,408940406
BOE.AX,annual,2025-06-30,AUD,75596000,-11033000,false,-29715000,,-56477000,18682000,411181795,411181795,490000,36531000,,483679000,414921511
BOE.AX,annual,2026-06-30,AUD,151072000,34154000,false,5669000,,-66817000,28485000,415033951,415033951,327000,49671000,,477613000,415175320
BOL.AX,annual,2022-06-30,AUD,,,false,,,,,,,,,,,
BOL.AX,annual,2023-06-30,AUD,205872000,30373000,false,-3314000,,-6879000,33687000,42777420,427774207,63613000,2445000,,105533000,427774207
BOL.AX,annual,2024-06-30,AUD,259231000,42742000,false,9192000,,-15088000,33550000,42567982,425679826,81669000,6317000,,111024000,418745411
BOL.AX,annual,2025-06-30,AUD,264553000,44107000,false,10749000,,-6816000,33358000,41987503,41987503,107529000,14255000,,132395000,41272332
BOL.AX,annual,2026-06-30,AUD,271004000,45217000,false,11985000,,-5998000,33232000,38783673,38783673,109764000,24711000,,135084000,36968491
BRE.AX,annual,2022-12-31,AUD,,-7627299,false,-7722892,,-439266,95593,655741,655741,17532591,18430214,,-1526524,778008
BRE.AX,annual,2023-12-31,AUD,,-37819129,false,-38143550,,-1669048,324421,186997430,186997430,10743167,48844019,,35819750,214105170
BRE.AX,annual,2024-12-31,AUD,,-46048854,false,-46065741,,-426933,16887,233221395,233221395,,81685609,,81790596,246538695
BRE.AX,annual,2025-12-31,AUD,,-45976175,false,-45983052,,-2553712,6877,253142173,253142173,1547468,136902535,,162120620,274626572
BRG.AX,annual,2022-06-30,AUD,,,false,,,,,,,,,,,
BRG.AX,annual,2023-06-30,AUD,1478554000,214692000,false,168550000,,-53243000,46142000,143874674,142696000,280494000,84155000,,769659000,142781365
BRG.AX,annual,2024-06-30,AUD,1529993000,243399000,false,183614000,,-62119000,59785000,144874083,143309000,155983000,137772000,,848214000,143430691
BRG.AX,annual,2025-06-30,AUD,1696551000,269553000,false,202225000,,-100404000,67328000,146079570,143840000,118464000,105740000,,973709000,143942481
BRG.AX,annual,2026-06-30,AUD,1810896000,282128000,false,205023000,,-90506000,77105000,146943617,144680000,153421000,193358000,,1058305000,144838561
BRI.AX,annual,2022-06-30,AUD,,,false,,,,,,,2538000,,,,
BRI.AX,annual,2023-06-30,AUD,449451000,49431000,false,35582000,,-1641000,13849000,84515691,83193978,72422000,34291000,,120711000,83357808
BRI.AX,annual,2024-06-30,AUD,414676000,30637000,false,15323000,,-2860000,15314000,85163158,84091125,78731000,20477000,,119248000,85691632
BRI.AX,annual,2025-06-30,AUD,405093000,7711000,false,-9203000,,-2165000,16914000,85705466,85705466,75802000,22817000,,101376000,85720296
BRI.AX,annual,2026-06-30,AUD,426428000,29062000,false,10989000,,-2533000,18073000,92297552,89985203,82593000,24499000,,113602000,94190636
BRL.AX,annual,2022-06-30,NZD,35702561.33,32022005.77,false,29871031.75,,-586219.3362,2150974.026,175641196,173747000,692640.6927,4297438.672,,174362373.7,191360000
BRL.AX,annual,2023-06-30,NZD,40198474.69,85235688.69,false,83545897.27,,-3793071.763,1689791.418,193764515,191360000,1177065.147,11772489.2,,259082973.4,191360000
BRL.AX,annual,2024-06-30,NZD,39689759.31,37453097.83,false,35845154.21,,-12978859.71,1607943.626,,,1760776.059,7117232.543,,293763155.5,191360000
BRL.AX,annual,2025-06-30,NZD,,,false,,,,,203815000,203815000,,,,,
BRN.AX,annual,2021-12-31,USD,,,false,,,,,,,214988,,,,
BRN.AX,annual,2022-12-31,USD,5071252,-21412006,false,-21962811,,-127224,550805,1786841984,1786841984,2047265,23165288,,23718406,1745922757
BRN.AX,annual,2023-12-31,USD,232004,-28035588,false,-28660498,,-132602,624910,1844752633,1844752633,1697135,14343381,,16834321,1805814685
BRN.AX,annual,2024-12-31,USD,398011,-23674896,false,-24281304,,-72652,606408,1964216080,1964216080,1170325,20000422,,19826520,1972467976
BRN.AX,annual,2025-12-31,USD,1887155,-19777909,false,-20330333,,-2017763,552424,2122036348,2122036348,816509,31712588,,30693993,2252751810
BSX.AX,annual,2022-06-30,AUD,,-34393549,false,-35517626,,-591712,1124077,440255536,440255536,699232,40752510,,861346,506075590
BSX.AX,annual,2023-06-30,AUD,,-33442946,false,-34453877,,-73867,1010931,507923100,507923100,436918,12382285,,-1124407,508481561
BSX.AX,annual,2024-06-30,AUD,,-16478277,false,-17585879,,-1250000,1107602,500000078,500000078,1117704,4162366,,-3799802,537979460
BSX.AX,annual,2025-06-30,AUD,,,false,,,,,601732191,601732191,,,,,
BTL.AX,annual,2021-12-31,AUD,8502389,,false,,,,,,,,,,,
BTL.AX,annual,2022-12-31,AUD,13980946,-2396471,false,-3484154,,-37585578,1087683,700901005,700901005,8831080,21880311,,133607790,773121148
BTL.AX,annual,2023-12-31,AUD,6085528,-16706273,false,-18194304,,-7161713,1488031,773121148,773121148,9746068,17399410,,112303417,773121148
BTL.AX,annual,2024-12-31,AUD,,-18833977,false,-19114587,,-27015506,280610,935213554,935213554,2279022,25437604,,136443189,1017303219
BTL.AX,annual,2025-12-31,AUD,,-16617000,false,-16895000,,-48181000,278000,1150310593,1150310593,25664000,17763000,,152871000,1244076668
BTR.AX,annual,2022-06-30,AUD,,-2598180,false,-2993122,,-2530695,394942,,,5078310,1601324,,4649344,25874434
BTR.AX,annual,2023-06-30,AUD,,2348657,false,2305274,,-3158731,43383,32910091,32910091,1170360,425707,,33423525,62960608
BTR.AX,annual,2024-06-30,AUD,1054317,-3735216,false,-5992980,,-8745859,2257764,96270224,96270224,2633172,7961484,,69083766,182799385
BTR.AX,annual,2025-06-30,AUD,,,false,,,,,369990000,369990000,,,,,
BTR.AX,annual,2026-06-30,AUD,64139000,-41287000,false,-73217000,,-53023000,31930000,769875000,769875000,171979000,282910000,,372918000,1097936000
BUB.AX,annual,2022-06-30,AUD,,,false,,,,,,,2000000,,,,
BUB.AX,annual,2023-06-30,AUD,60110627,-103155763,false,-107159543,,-246832,4003780,739265049,739265049,4405887,26052523,,41680218,739265049
BUB.AX,annual,2024-06-30,AUD,79703759,-19422940,false,-20301574,,-189824,878634,832289946,832289946,6997623,17523474,,36871700,892130038
BUB.AX,annual,2025-06-30,AUD,102544417,6705368,false,5970405,,-118110,734963,892957435,892957435,967500,17426313,,42476557,893130038
BUB.AX,annual,2026-06-30,AUD,111857863,-3131880,false,-4403303,,-1211021,1271423,893921247,893921247,15923594,9412498,,39027688,894130038
BVR.AX,annual,2023-06-30,AUD,,-1333360,false,-1344721,,-4126976,11361,66830639,66830639,,1031556,,5733501,66830639
BVR.AX,annual,2024-06-30,AUD,,-1924577,false,-2055772,,-2215312,131195,76305813,76305813,75321,802548,,5729046,78469101
BVR.AX,annual,2025-06-30,AUD,,,false,,,,,87845958,87845958,,,,,
BVS.AX,annual,2022-06-30,AUD,,,false,,,,,,,,,,,
BVS.AX,annual,2023-06-30,AUD,248129000,-254147000,false,-280605000,,-19182000,26458000,306270000,306270000,27785000,75749000,,125910000,448354002
BVS.AX,annual,2024-06-30,AUD,248947000,29047000,false,13459000,,-6490000,15588000,461947368,448354000,17408000,89971000,,133671000,448354002
BVS.AX,annual,2025-06-30,AUD,256422000,108026000,false,93091000,,-2871000,14935000,448155000,448155000,13316000,58685000,,93577000,447299975
BVS.AX,annual,2026-06-30,AUD,282399000,91313000,false,75030000,,-3498000,16283000,443388000,443388000,6936000,50296000,,119683000,440466902
BWN.AX,annual,2022-06-30,AUD,,,false,,,,,275200238,275200238,,,,,
BWN.AX,annual,2023-06-30,AUD,169000000,37700000,false,16700000,,,21000000,275200238,275200238,,,,0,275200238
BWN.AX,annual,2024-06-30,AUD,269839000,32501000,false,8935000,,-13648000,23566000,149666000,149666000,93754000,1351000,,78076000,148216111
BWN.AX,annual,2025-06-30,AUD,283038000,50581000,false,22507000,,-38363000,28074000,267525000,267525000,66104000,16192000,,167808000,275200238
BWN.AX,annual,2026-06-30,AUD,235914000,42030000,false,5348000,,-27236000,36682000,,,157612000,23847000,,216646000,397151458
BXB.AX,annual,2022-06-30,USD,5558900000,1586200000,false,894300000,,-1672100000,691900000,1422781775,1415700000,2875500000,158200000,,2451100000,
BXB.AX,annual,2023-06-30,USD,6076800000,1765100000,false,1035000000,,-1684500000,730100000,1395436508,1388000000,2884300000,160700000,,2870000000,1389304056
BXB.AX,annual,2024-06-30,USD,6545400000,2033000000,false,1231000000,,-1149100000,802000000,1397670251,1391400000,2641000000,112900000,,3227100000,1392666186
BXB.AX,annual,2026-06-30,USD,7042900000,2335400000,false,1441900000,,-1137800000,893500000,,,3028800000,76800000,,3232200000,1335699622
C79.AX,annual,2022-06-30,AUD,,,false,,,,,,,436000,,,,
C79.AX,annual,2023-06-30,AUD,26817000,5091000,false,-1330000,,-47263000,6421000,105476190,98663955,14276000,53359000,,124227000,99590770
C79.AX,annual,2024-06-30,AUD,45361000,11755000,false,316000,,-59863000,11439000,108746876,108746876,6667000,61067000,,198274000,115033797
C79.AX,annual,2025-06-30,AUD,66112000,17343000,false,2082000,,-68722000,15261000,115316341,115316341,25413000,21520000,,198302000,116311297
C79.AX,annual,2026-06-30,AUD,88110000,27233000,false,5847000,,-41011000,21386000,117763158,116444745,66249000,25892000,,197678000,116501297
CAA.AX,annual,2021-12-31,AUD,,,false,,,,,,,,,,,
CAA.AX,annual,2022-12-31,AUD,643284000,55675000,false,34357000,,-9960000,21318000,18366893,18366893,118115000,48988000,,189726000,17193259
CAA.AX,annual,2023-12-31,AUD,614844000,57100000,false,34091000,,-8770000,23009000,18619298,17939575,88813000,59457000,,204732000,17687010
CAA.AX,annual,2024-12-31,AUD,604398000,53518000,false,29687000,,-9693000,23831000,17850000,17300000,82928000,68907000,,225129000,17033185
CAA.AX,annual,2025-12-31,AUD,686039000,57743000,false,33958000,,-11756000,23785000,16607000,16607000,73209000,60488000,,243806000,16174045
CAR.AX,annual,2022-06-30,AUD,,,false,,,,,285385819,284736717,,,,,
CAR.AX,annual,2023-06-30,AUD,781236000,860593000,false,753575000,,-87006000,107018000,356497515,356175047,1242569000,198709000,,55621000,376733547
CAR.AX,annual,2024-06-30,AUD,1098724000,582972000,false,428165000,,-101795000,154807000,377601208,376984167,1338207000,308309000,,51660000,377162127
CAR.AX,annual,2025-06-30,AUD,1183856000,631748000,false,460439000,,-118907000,171309000,378418956,377596567,1412072000,289327000,,72713000,377858815
CAR.AX,annual,2026-06-30,AUD,1253427000,684725000,false,499373000,,-141393000,185352000,,,1601774000,325607000,,72252000,378858647
CAT.AX,annual,2022-03-31,USD,,,false,,,,,,,4495000,,,-134000,
CAT.AX,annual,2023-03-31,USD,84360000,-9980000,false,-30576000,,-25251000,20596000,234421000,234421000,39823000,16225000,,-147000,241394136
CAT.AX,annual,2024-03-31,USD,100004000,11243000,false,-12968000,,-27055000,24211000,239464000,239464000,23207000,11594000,,-175000,261107456
CAT.AX,annual,2025-03-31,USD,116526000,17616000,false,-9275000,,-29854000,26891000,256136000,256136000,9804000,10758000,,-237000,264211140
CAT.AX,annual,2026-03-31,USD,140723000,15123000,false,-22199000,,-37429000,37322000,269505000,269505000,5213000,53451000,,212360000,305143676
CAY.AX,annual,2022-06-30,AUD,,-12689835,false,-12774624,,-268455,84789,692714648,692714648,,4478367,,20403299,806422064
CAY.AX,annual,2023-06-30,AUD,,-4924118,false,-4983565,,-1379983,59447,917323159,917323159,,10726199,,28839368,1015766507
CAY.AX,annual,2024-06-30,AUD,,-9441139,false,-9538634,,-3503788,97495,1198001073,1198001073,,22165818,,43869004,1374404793
CAY.AX,annual,2025-06-30,AUD,,,false,,,,,1424765468,1424765468,,,,,
CBE.AX,annual,2022-06-30,AUD,,-1525582,false,-1526983,,-1083771,1401,161356008,161356008,,2730000,,3508633,165407010
CBE.AX,annual,2023-06-30,AUD,,-1934904,false,-1936306,,-7915821,1402,240594468,240594468,,5764076,,30774019,286910995
CBE.AX,annual,2024-06-30,AUD,,-2389661,false,-2391062,,-5305292,1401,300432191,300432191,,980630,,30577352,331132779
CBE.AX,annual,2025-06-30,AUD,,-2450330,false,-2476435,,-5771420,26105,401881286,401881286,5469815,4591195,,35898145,443389952
CBO.AX,annual,2022-06-30,AUD,,,false,,,,,,,,,,,
CBO.AX,annual,2023-06-30,AUD,168954000,40722000,false,22637000,,-56024000,18085000,415215300,415215300,197474000,13674000,,287789000,415773189
CBO.AX,annual,2024-06-30,AUD,227777000,66647000,false,43477000,,-66185000,23170000,434004684,416673251,231013000,11347000,,321745000,417420302
CBO.AX,annual,2025-06-30,AUD,241659000,116373000,false,91451000,,-81465000,24922000,436901408,418509037,277146000,4013000,,365499000,418943611
CBO.AX,annual,2026-06-30,AUD,268943000,9616000,false,-20853000,,-102299000,30469000,465025636,465025636,512271000,12198000,,517643000,478791191
CCE.AX,annual,2022-06-30,AUD,321938,-2004614,false,-2288142,,-1011400,283528,300166542,300166542,167615,4095035,,20733675,300166542
CCE.AX,annual,2023-06-30,AUD,383737,-305966,false,-619489,,-1119512,313523,309469556,309469556,110917,2003868,,21224357,312851474
CCE.AX,annual,2024-06-30,AUD,346921,-1988425,false,-2307316,,-2743001,318891,313582297,313582297,34216,3728673,,21098234,366203472
CCE.AX,annual,2025-06-30,AUD,317363,-1433423,false,-1715543,,,282120,366203472,366203472,5037128,2898643,,19237358,366203472
CCL.AX,annual,2022-06-30,AUD,,,false,,,,,,,,,,,
CCL.AX,annual,2023-06-30,AUD,,112400000,false,104200000,,-9700000,8200000,175400000,175400000,2473500000,1616900000,,2200000,175356653
CCL.AX,annual,2024-06-30,AUD,,177600000,false,152800000,,-18000000,24800000,175400000,175400000,2707700000,2069100000,,2000000,175356653
CCL.AX,annual,2025-06-30,AUD,343700000,164000000,false,149700000,,-24600000,14300000,186363636,185000000,697900000,2211200000,,376400000,191562253
CCL.AX,annual,2026-06-30,AUD,417500000,196900000,false,180700000,,-8000000,16200000,195871560,193200000,4225600000,2978800000,,433700000,199812619
CCV.AX,annual,2022-06-30,AUD,,,false,,,,,,,,,,,
CCV.AX,annual,2023-06-30,AUD,262016000,-67848000,false,-80264000,,-4476000,12416000,625253983,625253983,200733000,71565000,,206494000,627545015
CCV.AX,annual,2024-06-30,AUD,377142000,59817000,false,43551000,,-6460000,16266000,656490566,626559867,215074000,56289000,,211366000,627545015
CCV.AX,annual,2025-06-30,AUD,381136000,67046000,false,49506000,,-7158000,17540000,671665949,631830192,202153000,73197000,,227959000,627545015
CCV.AX,annual,2026-06-30,AUD,425391000,65850000,false,42317000,,-13170000,23533000,719963370,678664231,203782000,37223000,,253803000,711522934
CDA.AX,annual,2022-06-30,AUD,506145000,161991000,false,137391000,,-6588000,24600000,181179856,180826994,82243000,22613000,,367956000,180883935
CDA.AX,annual,2023-06-30,AUD,456468000,120624000,false,91757000,,-19371000,28867000,181213904,180918865,125391000,23661000,,406335000,181168094
CDA.AX,annual,2024-06-30,AUD,550459000,146481000,false,113395000,,-50784000,33086000,181667411,181044967,141046000,19703000,,446932000,181316113
CDA.AX,annual,2025-06-30,AUD,674226000,182731000,false,144996000,,-62428000,37735000,182205986,181290944,160736000,39731000,,523827000,181570842
CEH.AX,annual,2022-06-30,AUD,,,false,,,,,,,69937000,,,27481000,
CEH.AX,annual,2023-06-30,AUD,83875000,-35000,false,-8038000,,-17484000,8003000,480877523,479706000,601000,46424000,,254579000,479706016
CEH.AX,annual,2024-06-30,AUD,87029000,-504000,false,-10711000,,-48307000,10207000,463638000,463638000,989000,27195000,,239650000,441003885
CEH.AX,annual,2025-06-30,AUD,95720000,2616000,false,-10456000,,-49275000,13072000,425419000,425419000,765000,13878000,,221047000,397545363
CEH.AX,annual,2026-06-30,AUD,115676000,12934000,false,-2070000,,-16012000,15004000,389272000,389272000,1111000,35010000,,224199000,388561874
CEL.AX,annual,2022-12-31,AUD,,27853857,false,27784582,,-22564558,69275,1045973305,1045815039,12487875,15426824,,149237282,1045815039
CEL.AX,annual,2023-12-31,AUD,,54401494,false,54226498,,-20129840,174996,1170908696,1145228515,14331582,4345983,,127409561,1261168374
CEL.AX,annual,2024-12-31,AUD,,76258592,false,76031678,,-13012323,226914,1394359215,1385083141,19116569,853144,,203040264,1532201046
CEL.AX,annual,2025-12-31,AUD,,10823167,false,10540349,,-21435027,282818,2061073214,1971147635,20011376,36194257,,240899327,2420119607
CEN.AX,annual,2022-06-30,NZD,,,false,,,,,778794640,778794640,,,,1000000,
CEN.AX,annual,2023-06-30,NZD,2101000000,445000000,false,221000000,,-541000000,224000000,783046136,783046136,1556000000,140000000,,2804000000,784963454
CEN.AX,annual,2024-06-30,NZD,2841000000,635000000,false,385000000,,-506000000,250000000,787316179,787316179,1913000000,229000000,,2619000000,789117208
CEN.AX,annual,2025-06-30,NZD,3412000000,833000000,false,560000000,,-449000000,273000000,797176026,797176026,2449000000,514000000,,2760000000,802811914
CEN.AX,annual,2026-06-30,NZD,3196000000,1035000000,false,741000000,,-499000000,294000000,,,3051000000,766000000,,5229000000,1070627153
CGS.AX,annual,2022-06-30,USD,,,false,,,,,176934918,172768268,183348,,,,
CGS.AX,annual,2023-06-30,USD,40451123,5689841,false,3094899,,-2210458,2594942,176620446,173441505,378892,28675988,,37688576,173186147
CGS.AX,annual,2024-06-30,USD,43427773,9891281,false,7152711,,-1888446,2738570,173012190,171811952,672724,30124231,,40921807,170778816
CGS.AX,annual,2025-06-30,USD,50812535,16930398,false,13984273,,-3074171,2946125,174009177,171289509,469922,35563694,,47897815,168926510
CGS.AX,annual,2026-06-30,USD,58367363,19221025,false,16130665,,-6312332,3090360,,,359181,34781144,,58274330,169919352
CHI.AX,annual,2021-12-31,NZD,,,false,,,-33447000,,,,,,,,
CHI.AX,annual,2022-12-31,NZD,88237000,57635000,false,33025000,,-56730000,24610000,374515613,374515613,260202000,2386000,,518492000,375621050
CHI.AX,annual,2023-12-31,NZD,130703000,87446000,false,52037000,,-57971000,35409000,377605428,377605428,321257000,4870000,,499211000,381698013
CHI.AX,annual,2024-12-31,NZD,139822000,95041000,false,56624000,,-52616000,38417000,380198000,380198000,300668000,1283000,,818257000,410004702
CHI.AX,annual,2025-12-31,NZD,136356000,93466000,false,48395000,,-50118000,45071000,410377000,410377000,335558000,2902000,,779612000,412198231
CHN.AX,annual,2022-06-30,AUD,,-65655000,false,-65829000,,-7848000,174000,355099348,355099348,2136000,131712000,,176331000,371740141
CHN.AX,annual,2023-06-30,AUD,181000,-66387000,false,-66595000,,-438000,208000,377462253,377462253,1727000,145223000,,187050000,386933791
CHN.AX,annual,2024-06-30,AUD,118000,-44253000,false,-44435000,,-4572000,182000,379257185,379257185,2112000,88950000,,162791000,388963304
CHN.AX,annual,2025-06-30,AUD,,-21924000,false,-22133000,,-231000,209000,380338374,380338374,1879000,70829000,,129418000,389026788
CHW.AX,annual,2023-06-30,AUD,,-1022744,false,-1022744,,-11380,,8200001,8200001,,8022417,,-469155,8200001
CHW.AX,annual,2024-06-30,AUD,,-1917137,false,-1945556,,-1753480,28419,67038799,67038799,119202,4151024,,10064570,67200001
CIA.AX,annual,2022-03-31,CAD,,,false,,,,,,,71995000,,,,
CIA.AX,annual,2023-03-31,CAD,1395088000,481677000,false,360633000,235984000,-294664000,121044000,527666000,517046000,562122000,326806000,,1262704000,517193000
CIA.AX,annual,2024-03-31,CAD,1524294000,555407000,false,431823000,474585000,-343274000,123584000,527525000,517579000,616406000,400061000,,1396510000,518071226
CIA.AX,annual,2025-03-31,CAD,1606579000,446204000,false,297600000,304018000,-605596000,148604000,527659000,518173000,799636000,117451000,,1435398000,518251001
CIA.AX,annual,2026-03-31,CAD,1769731000,507809000,false,327525000,435931000,-413866000,180284000,533235000,530621000,1080524000,296788000,,1534259000,533251001
CIA.AX,quarterly,2024-12-31,CAD,,,false,,,,,518251001,518251001,41096000,,,,
CIA.AX,quarterly,2025-03-31,CAD,425345000,124139000,false,82693000,144378000,-110646000,41446000,,,799636000,117451000,,1435398000,518251001
CIA.AX,quarterly,2025-06-30,CAD,390027000,78634000,false,31838000,81132000,-114700000,46796000,533251001,533251001,850466000,176054000,,1442652000,533251001
CIA.AX,quarterly,2025-09-30,CAD,,,false,,,,,533251001,533251001,,,,,
CIA.AX,quarterly,2025-12-31,CAD,472309000,161568000,false,116717000,81713000,-88325000,44851000,534504000,533251000,1060616000,245092000,,1509819000,533251001
CIA.AX,quarterly,2026-03-31,CAD,414505000,106131000,false,62602000,152062000,-91220000,43529000,,,1080524000,296788000,,1534259000,533251001
CIA.AX,quarterly,2026-06-30,CAD,356876000,12247000,false,-34994000,51013000,-102959000,47241000,557102000,557102000,1413798000,198621000,,1610056000,560046922
CKF.AX,annual,2022-04-30,AUD,,,false,,,,,,,,,,,
CKF.AX,annual,2023-04-30,AUD,1348614000,146251000,false,48097000,,-75626000,98154000,117800370,117177086,843368000,80236000,,384498000,117322572
CKF.AX,annual,2024-04-30,AUD,1488884000,227851000,false,122171000,,-82746000,105680000,118579598,117490108,834542000,83822000,,426443000,117580785
CKF.AX,annual,2025-04-30,AUD,1519489000,186241000,false,74827000,,-67909000,111414000,119378378,117793570,890828000,119119000,,405324000,117882713
CKF.AX,annual,2026-04-30,AUD,1592618000,228494000,false,114647000,,-54442000,113847000,119335135,118036403,842793000,93914000,,421742000,118135928
CLV.AX,annual,2022-07-31,AUD,70660000,11007000,false,10295000,,-1598000,712000,166439311,166439311,12078000,10111000,,63040000,166439311
CLV.AX,annual,2023-07-31,AUD,79875000,10010000,false,9091000,,-1639000,919000,166999431,166999431,11712000,9437000,,67151000,166999431
CLV.AX,annual,2024-07-31,AUD,62207000,3981000,false,2816000,,-2328000,1165000,166999431,166999431,10387000,12259000,,67070000,166999431
CLV.AX,annual,2025-07-31,AUD,86004000,12239000,false,10681000,,-1340000,1558000,166999431,166999431,2422000,8683000,,72232000,166999431
CLX.AX,annual,2022-06-30,AUD,283037636,50047284,false,25557346,,-7434570,24489938,75383432,75383432,73056282,9409550,,100790936,75745883
CLX.AX,annual,2023-06-30,AUD,301658348,53573735,false,28696508,,-29821014,24877227,76949584,76443916,93252603,10282435,,112609919,77035697
CLX.AX,annual,2024-06-30,AUD,320835353,56149155,false,29343894,,-25413313,26805261,77258641,77258641,118406493,10395674,,121440375,77524663
CLX.AX,annual,2025-06-30,AUD,325265335,59146077,false,27610433,,-34274492,31535644,78659369,77931676,142984776,10542613,,128491740,78287555
CMA.AX,annual,2023-06-30,AUD,48000000,-23700000,false,-26300000,,-3100000,2600000,136670085,136670085,,,,0,136670085
CMA.AX,annual,2024-06-30,AUD,68900000,-28100000,false,-33000000,,-3000000,4900000,136670085,136670085,,,,0,136670085
CMA.AX,annual,2025-06-30,AUD,71400000,-25100000,false,-31800000,,-2700000,6700000,136670085,136670085,12600000,70900000,,87100000,136670085
CMM.AX,annual,2022-06-30,AUD,286948000,150439000,false,118774000,,-77506000,31665000,374249268,368756565,110821000,61502000,,247535000,371925185
CMM.AX,annual,2023-06-30,AUD,320747000,158607000,false,131097000,,-47303000,27510000,375982906,373757298,91810000,106471000,,256537000,375958175
CMM.AX,annual,2024-06-30,AUD,359727000,171304000,false,142581000,,-65640000,28723000,378531712,376764998,134768000,119917000,,309265000,377528031
CMM.AX,annual,2026-06-30,AUD,711361000,426368000,false,410689000,,-300668000,15679000,447713787,445985715,20295000,504811000,,1432119000,456787789
CNB.AX,annual,2022-06-30,AUD,,-7946800,false,-8208765,,-1137345,261965,,,63839,17931947,,23526267,144560897
CNB.AX,annual,2023-06-30,AUD,,-12224442,false,-12224442,,-189943,,147609152,147609152,18709,26925556,,31607738,162754340
CNB.AX,annual,2024-06-30,AUD,,-12069767,false,-12069767,,-4411180,,163973644,163973644,65601,10296535,,26776526,171937249
CNB.AX,annual,2025-06-30,AUD,,,false,,,,,201664677,201664677,,,,,
CNB.AX,annual,2026-06-30,AUD,,-9388628,false,-9485987,,-8451244,97359,260909153,260909153,72964,9391670,,44329150,276119867
CNU.AX,annual,2022-06-30,NZD,,,false,,,,,,,,,,,
CNU.AX,annual,2023-06-30,NZD,980000000,676000000,false,230000000,,-495000000,446000000,555555556,443000000,2709000000,76000000,,1063000000,436000000
CNU.AX,annual,2024-06-30,NZD,1010000000,705000000,false,243000000,,-442000000,462000000,435000000,435000000,2797000000,45000000,,841000000,433887294
CNU.AX,annual,2025-06-30,NZD,950000000,694000000,false,233000000,,-397000000,461000000,540540541,435000000,3300000000,81000000,,567000000,433887294
CNU.AX,annual,2026-06-30,NZD,1029000000,726000000,false,290000000,,-374000000,436000000,434000000,434000000,3463000000,199000000,,1030000000,433887294
COH.AX,annual,2022-06-30,AUD,,,false,,,,,,,42600000,,,,
COH.AX,annual,2023-06-30,AUD,1936100000,486900000,false,406000000,,-95900000,80900000,65906599,65762443,201800000,555500000,,1748800000,65671649
COH.AX,annual,2024-06-30,AUD,2235600000,578900000,false,494000000,,-89800000,84900000,65709024,65536708,243700000,513600000,,1840500000,65494161
COH.AX,annual,2025-06-30,AUD,2343100000,619900000,false,529500000,,-102600000,90400000,65438099,65438099,235700000,275700000,,1950300000,65397004
COH.AX,annual,2026-06-30,AUD,2347600000,331800000,false,227100000,,-90700000,104700000,65417231,65417231,212700000,187700000,,1740500000,65398917
COI.AX,annual,2022-06-30,AUD,,-7452000,false,-7523000,,-8329000,71000,860034445,860034445,19438000,7423000,,47545000,860034445
COI.AX,annual,2023-06-30,AUD,,-3526000,false,-3650000,,-6537000,124000,981229847,981229847,7205000,11651000,,64313000,1010373085
COI.AX,annual,2024-06-30,AUD,,-4391000,false,-4519000,,-4724000,128000,1046296114,1046296114,7444000,16776000,,72506000,1107801434
COI.AX,annual,2025-06-30,AUD,,-163000,false,-299000,,-16307000,136000,1155662899,1155662899,6951000,13299000,,80319000,1196438720
COL.AX,annual,2022-06-30,AUD,,,false,,,,,1331639136,1330000000,,,,,
COL.AX,annual,2023-06-30,AUD,4.0483e+10,2977000000,false,1516000000,,-1514000000,1461000000,1337393423,1334000000,8967000000,597000000,,3356000000,1336100000
COL.AX,annual,2024-06-30,AUD,4.3571e+10,3211000000,false,1694000000,,-1671000000,1517000000,1337960747,1334000000,1.0069e+10,675000000,,3617000000,1334800000
COL.AX,annual,2025-06-30,AUD,4.4352e+10,3221000000,false,1652000000,,-1487000000,1569000000,1340372671,1336000000,1.0327e+10,705000000,,3806000000,1341300000
COL.AX,annual,2026-06-30,AUD,4.558e+10,3313000000,false,1661000000,,-1491000000,1652000000,,,9892000000,568000000,,3946000000,1343100000
CRD.AX,annual,2022-12-31,USD,333328,-16255724,false,-16401951,,-425256,146227,129717061,129717061,350025,18961222,,37383733,159398990
CRD.AX,annual,2023-12-31,USD,,-9532321,false,-9726872,,-4713265,194551,160016765,160016765,284642,4511418,,30965282,161723606
CRD.AX,annual,2024-12-31,USD,,-7382313,false,-7606162,,-1407637,223849,175973777,175973777,258289,4113333,,34659818,179227712
CRD.AX,annual,2025-12-31,USD,,-3774071,false,-3984970,,-780621,210899,,,7411765,1360602,,36064263,193113866
CRN.AX,annual,2021-12-31,USD,,,false,,,,,,,,,,,
CRN.AX,annual,2022-12-31,USD,3527626000,1237955000,false,1070909000,,-199716000,167046000,1.67645e+10,1.67645e+10,256246000,334629000,,1103090000,1676453731
CRN.AX,annual,2023-12-31,USD,2830689000,341276000,false,180565000,,-237205000,160711000,1.67645e+10,1.67645e+10,319914000,361201000,,1246035000,1676453731
CRN.AX,annual,2024-12-31,USD,2444862000,97066000,false,-90334000,,-248142000,187400000,1.67645e+10,1.67645e+10,530919000,339625000,,1072885000,1676453731
CRN.AX,annual,2025-12-31,USD,1920416000,-158274000,false,-343624000,,-244784000,185350000,1.674635659e+11,1.674635659e+11,825138000,173032000,,649746000,1676453731
CSC.AX,annual,2021-12-31,USD,,,false,,,,,,,,,,,
CSC.AX,annual,2022-12-31,USD,1296024000,391102000,false,214929000,87422000,-559752000,176173000,630179251,625434676,702972000,170307000,,428639000,691639972
CSC.AX,annual,2023-12-31,USD,1345511000,162174000,false,-76021000,116817000,-616729000,238195000,693520515,693520515,1160773000,126016000,,405535000,696073153
CSC.AX,annual,2024-12-31,USD,1599222000,485350000,false,169196000,398643000,-448032000,316154000,752248608,750633211,1185774000,131593000,,408203000,761894175
CSC.AX,annual,2025-12-31,USD,2359890000,1080702000,false,599166000,685208000,-519097000,481536000,764351538,762422156,1332182000,304192000,,442140000,763656709
CSC.AX,quarterly,2024-12-31,USD,,,false,,,,,,,,,,,
CSC.AX,quarterly,2025-03-31,USD,533324000,161559000,false,41485000,121809000,-107048000,120074000,761966779,761966779,1452779000,343670000,,413818000,762150156
CSC.AX,quarterly,2025-06-30,USD,543161000,205281000,false,86065000,236384000,-121998000,128620000,762349353,761878360,1350567000,310799000,,419885000,762229684
CSC.AX,quarterly,2025-09-30,USD,,,false,,,,,,,,,,,
CSC.AX,quarterly,2025-12-31,USD,684966000,275146000,false,162127000,173596000,-157787000,100766000,,,1332182000,304192000,,442140000,763656709
CSC.AX,quarterly,2026-03-31,USD,652487000,311915000,false,216217000,221516000,-155604000,95698000,767117936,763668362,1414348000,394131000,,451635000,763743112
CSC.AX,quarterly,2026-06-30,USD,739653000,316590000,false,203845000,278716000,-179595000,119095000,766962455,763857868,1312845000,367075000,,480036000,763949339
CSL.AX,annual,2022-06-30,USD,,,false,,,,,,,,,,,
CSL.AX,annual,2023-06-30,USD,1.3174e+10,3902000000,false,3071000000,,-1692000000,831000000,484326711,482173148,1.2227e+10,1548000000,,2040000000,482369261
CSL.AX,annual,2024-06-30,USD,1.469e+10,4733000000,false,3795000000,,-1258000000,938000000,484770642,483010851,1.2183e+10,1657000000,,2038000000,483252729
CSL.AX,annual,2025-06-30,USD,1.543e+10,5134000000,false,4117000000,,-1017000000,1017000000,486547812,484041060,1.1498e+10,2157000000,,2072000000,484212123
CSL.AX,annual,2026-06-30,USD,1.5698e+10,-2664000000,false,-3705000000,,-1280000000,1041000000,481980156,481980156,1.0896e+10,1513000000,,1510000000,478911979
CSL.AX,quarterly,2024-12-31,USD,8213000000,3229000000,false,2753000000,,-533000000,476000000,485956416,483879837,1.1964e+10,1524000000,,1987000000,484206716
CTD.AX,annual,2022-06-30,AUD,375327000,46859000,false,2436000,,-4278000,44423000,140059733,140059733,48352000,142054000,,13439000,145190637
CTD.AX,annual,2023-06-30,AUD,650396000,160662000,false,105433000,,-4272000,55229000,146642722,146173544,38409000,150985000,,14930000,146325746
CTD.AX,annual,2024-06-30,AUD,707675000,178337000,false,118258000,,-47563000,60079000,145943043,145943043,38782000,134771000,,15807000,144648936
CTD.AX,annual,2025-06-30,AUD,635768000,-298829000,false,-363487000,,-38895000,64658000,142107760,142107760,27734000,124004000,,16646000,138936922
CTM.AX,annual,2021-12-31,AUD,,,false,,,,,,,,,,,
CTM.AX,annual,2022-12-31,AUD,,-44114301,false,-44477133,,-5874635,362832,420198738,420198738,1028931,34047722,,49328699,427106273
CTM.AX,annual,2023-12-31,AUD,,-42945028,false,-43466766,,-2784158,521738,455019721,455019721,507054,34673852,,55216482,494857633
CTM.AX,annual,2024-12-31,AUD,,-21671552,false,-21972993,,-374759,301441,495845110,495845110,649474,18043388,,35428544,496701213
CTM.AX,annual,2025-12-31,AUD,,-13960549,false,-14227567,,-2168111,267018,520174759,520174759,724427,24577181,,45058256,562827818
CTT.AX,annual,2022-06-30,AUD,209883855,-24468663,false,-26246163,,-8375178,1777500,381238220,381238220,,22673443,,17188636,381238220
CTT.AX,annual,2023-06-30,AUD,416227021,28543539,false,24473901,,-12066491,4069638,383786899,381145613,,46310727,,32999450,381238220
CTT.AX,annual,2024-06-30,AUD,742255133,25149171,false,18656707,,-14281463,6492464,382281277,376772712,,78957357,,36072046,380563220
CTT.AX,annual,2025-06-30,AUD,742113329,1272736,false,-7914849,,-16631772,9187585,378680584,378680584,,37081835,,35810456,381238220
CU6.AX,annual,2022-06-30,AUD,,-30244720,false,-30290969,,-213148,46249,,,,55336328,,92236534,258739821
CU6.AX,annual,2023-06-30,AUD,,-36063549,false,-36164062,,-46562,100513,260410337,260410337,,31213092,,69175668,132525726
CU6.AX,annual,2024-06-30,AUD,,-56154254,false,-56307322,,-504005,153068,273158189,273158189,,47900692,,146297450,311645897
CU6.AX,annual,2025-06-30,AUD,,-78371770,false,-78556853,,-182743,185083,319198114,319198114,,47684182,,90230512,321471612
CU6.AX,annual,2026-06-30,AUD,,,false,,,,,368025868,368025868,,,,,
CUF.AX,annual,2022-06-30,AUD,32997036,3010268,false,242208,,-7078828,2768060,880735413,880735413,1581362,7193910,,24619507,958612365
CUF.AX,annual,2023-06-30,AUD,35021811,-6516397,false,-10748378,,-368728,4231981,965968134,965968134,1797624,3896360,,13804180,966112365
CUF.AX,annual,2024-06-30,AUD,96133892,-3624989,false,-13119715,,-525244,9494726,1135846612,1135846612,,7906861,,5510974,1335112365
CUF.AX,annual,2025-06-30,AUD,,,false,,,,,1340110408,1340110408,,,,,
CUP.AX,annual,2022-06-30,AUD,76870000,15822000,false,9365000,,-2643000,6457000,111859956,111610249,23239000,21540000,,13111000,111610249
CUP.AX,annual,2023-06-30,AUD,91481000,16467000,false,9763000,,-3002000,6704000,111597374,110243025,28851000,21668000,,14760000,108985675
CUP.AX,annual,2024-06-30,AUD,112994000,14465000,false,6413000,,-3693000,8052000,131428571,,61768000,25028000,,12787000,168797227
CUP.AX,annual,2025-06-30,AUD,144498000,30268000,false,19557000,,-1177000,10711000,171621622,166398927,63787000,23226000,,13635000,166568797
CUV.AX,annual,2022-06-30,AUD,,,false,,,,,,,,,,,
CUV.AX,annual,2023-06-30,AUD,78321318,49560844,false,48771436,,-1027532,789408,51784376,49410338,999865,156813537,,164631143,49410338
CUV.AX,annual,2024-06-30,AUD,88178308,56275596,false,55133270,,-5576215,1142326,51054956,49834035,879784,183868471,,203011366,50077780
CUV.AX,annual,2025-06-30,AUD,95017570,57197032,false,56015638,,-298567,1181394,50379552,50076045,528528,224105942,,240808626,50123630
CUV.AX,annual,2026-06-30,AUD,94024398,40531563,false,39546095,,-1601939,985468,50773681,50009944,1938486,252055390,,272881295,50427898
CVL.AX,annual,2022-06-30,AUD,,,false,,,,,,,28000000,,,,
CVL.AX,annual,2023-06-30,AUD,830866000,101858000,false,83440000,95240000,-19880000,18418000,516633775,504683775,113835000,70381000,,-261000,505117000
CVL.AX,annual,2024-06-30,AUD,1033473000,111968000,false,92292000,71354000,-25210000,19676000,512478973,507189973,121297000,88457000,,-261000,507591000
CVL.AX,annual,2025-06-30,AUD,810586000,82813000,false,61380000,60912000,-4815000,21433000,512079630,508273630,120511000,102940000,,-261000,508528000
CVL.AX,annual,2026-06-30,AUD,902984000,98756000,false,75027000,-23117000,-5400000,23729000,515926953,509350750,126361000,54629000,,-261000,509625000
CVN.AX,annual,2022-06-30,AUD,,-18872000,false,-19141000,,-38144000,269000,1623920837,1623920837,441000,112424000,,269978000,1800186904
CVN.AX,annual,2023-06-30,AUD,,-8247000,false,-8503000,,-13638000,256000,1800186904,1800186904,220000,95301000,,266355000,1800186904
CVN.AX,annual,2024-06-30,AUD,,-6914000,false,-7145000,,-3209000,231000,1795344220,1795344220,601000,179551000,,266334000,1800186904
CVN.AX,annual,2025-06-30,AUD,,-5023000,false,-5230000,,-2872000,207000,1789086882,1789086882,388000,186144000,,271530000,1789086882
CVV.AX,annual,2022-06-30,AUD,,-14516563,false,-14525284,,-44201,8721,387889793,387889793,,2448419,,4788283,400187314
CVV.AX,annual,2023-06-30,AUD,,-11771600,false,-11783133,,-589652,11533,452646170,452646170,,6054282,,8763496,479184373
CVV.AX,annual,2024-06-30,AUD,,-7673967,false,-7688271,,35193,14304,519488944,519488944,,8722591,,11845135,524279799
CVV.AX,annual,2025-06-30,AUD,,-8120432,false,-8131792,,-89930,11360,547310692,547310692,,5545633,,8607561,558762558
CWP.AX,annual,2022-06-30,AUD,,,false,,,,,82716814,81881597,29159000,,,,
CWP.AX,annual,2023-06-30,AUD,391303000,52339000,false,49688000,,-1774000,2651000,83250000,82197343,204799000,6802000,,431102000,82209937
CWP.AX,annual,2024-06-30,AUD,386348000,70194000,false,68041000,,-1724000,2153000,83492784,82382220,144565000,21945000,,460791000,82418418
CWP.AX,annual,2025-06-30,AUD,465940000,86135000,false,83922000,,-726000,2213000,83867596,82493638,136208000,8569000,,489195000,82510622
CWP.AX,annual,2026-06-30,AUD,502376000,104786000,false,102720000,,-1086000,2066000,,,168776000,7804000,,544545000,85075752
CWY.AX,annual,2022-06-30,AUD,,,false,,,,,,,,,,,
CWY.AX,annual,2023-06-30,AUD,3507100000,474900000,false,109000000,,-385900000,365900000,2212975561,2212975561,1589100000,102100000,,3900000,2226243110
CWY.AX,annual,2024-06-30,AUD,3700400000,688100000,false,318600000,,-403200000,369500000,2228181888,2228181888,1731900000,120600000,,4200000,2229377942
CWY.AX,annual,2025-06-30,AUD,3788900000,707900000,false,328400000,,-335100000,379500000,2230902274,2230902274,1805000000,86500000,,3900000,2231991740
CWY.AX,annual,2026-06-30,AUD,4299900000,702600000,false,282900000,,-326800000,419700000,2238043731,2238043731,2334800000,116200000,,1600000,2241209765
CXO.AX,annual,2022-06-30,AUD,,-7593690,false,-7709818,,-69218357,116128,1579962831,1579962831,2086256,135387708,,238724755,1732611716
CXO.AX,annual,2023-06-30,AUD,50598000,14544000,false,10481000,,-165609000,4063000,1818657366,1818657366,22944000,152946000,,354922000,1858516794
CXO.AX,annual,2024-06-30,AUD,189494000,-164581000,false,-201014000,,-87231000,36433000,,2094971729,3534000,88176000,,256872000,2136935544
CXO.AX,annual,2025-06-30,AUD,-2421000,-21835000,false,-22339000,,-19409000,504000,,,2911000,24057000,,234279000,2143015544
CXU.AX,annual,2022-06-30,AUD,,-1521614,false,-1523925,,-1688038,2311,544839302,544839302,,235738,,779448,586265044
CXU.AX,annual,2023-06-30,AUD,,-2127321,false,-2128209,,-5837,888,789543132,789543132,,771393,,124344,988173202
CXU.AX,annual,2024-06-30,AUD,,-4701357,false,-4721995,,-39899,20638,1116275782,1116275782,91493,1939961,,1346025,1282471290
CXU.AX,annual,2025-06-30,AUD,,,false,,,,,1393506697,1393506697,,,,,
CY5.AX,annual,2021-12-31,AUD,24883,,false,,,,,,,116763,,,,
CY5.AX,annual,2022-12-31,AUD,92498,-2540323,false,-2607407,,-4630226,67084,618913430,618913430,,13530678,,17402441,183874212
CY5.AX,annual,2023-12-31,AUD,8700,-14172771,false,-14224253,,-12875651,51482,231027237,231027237,,9316782,,26977396,291559139
CY5.AX,annual,2024-12-31,AUD,,-2341194,false,-2383299,,-8378182,42105,349580579,349580579,,14869835,,71467357,848319650
CY5.AX,annual,2025-12-31,AUD,591901,-7382757,false,-7515824,,-13003833,133067,959737128,959737128,,13351264,,84035916,1064424968
CYL.AX,annual,2022-06-30,AUD,63330429,10504815,false,161601,,-15592504,10343214,98641985,98641985,3788019,18242571,,57720276,98391985
CYL.AX,annual,2023-06-30,AUD,63944000,-614000,false,-15036000,,-25206000,14422000,123411952,123411952,33817000,28791000,,171773000,219062544
CYL.AX,annual,2024-06-30,AUD,317014000,63284000,false,31243000,,-32743000,32041000,220379085,220379085,33005000,30895000,,201980000,224582544
CYL.AX,annual,2026-06-30,AUD,,,false,,,,,265838123,258294300,,,,,
CYM.AX,annual,2021-12-31,AUD,,-25724000,false,-27246000,,-14432000,1522000,,,30261000,25474000,,87322000,
CYM.AX,annual,2022-12-31,AUD,,-27421000,false,-29083000,,-15325000,1662000,71433732,71433732,32751000,1694000,,80380000,30272288
CYM.AX,annual,2023-12-31,AUD,,-14022000,false,-18082000,,-4694000,4060000,98157011,98157011,49896000,22591000,,92325000,154084068
CYM.AX,annual,2024-06-30,AUD,,-9991000,false,-11571000,,-5758000,1580000,154084068,154084068,51870000,7325000,,80779000,154084068
CYM.AX,annual,2025-06-30,AUD,,,false,,,,,178249839,178249839,,,,,208555666
DAI.AX,annual,2022-06-30,AUD,1886901,-3098893,false,-3104511,,,5618,55363925,55363925,,533075,,362117,55425722
DAI.AX,annual,2023-06-30,AUD,2215922,-2667625,false,-2709265,,,41640,73235762,73235762,43870,168561,,922977,84759056
DAI.AX,annual,2024-06-30,AUD,1936014,-12788500,false,-12824253,,-1725,35753,112302173,112302173,22290,1103030,,2637604,124879796
DAI.AX,annual,2025-06-30,AUD,,,false,,,,,226898532,151781677,,,,,
DBI.AX,annual,2021-12-31,AUD,,,false,,,,,,,9000000,,,,
DBI.AX,annual,2022-12-31,AUD,579127000,270428000,false,230843000,,-46327000,39585000,495761667,495761667,3673457000,216684000,,1158053000,495761667
DBI.AX,annual,2023-12-31,AUD,599737000,273968000,false,233931000,,-39118000,40037000,495761667,495761667,2520815000,71142000,,1100216000,495761667
DBI.AX,annual,2024-12-31,AUD,679015000,296571000,false,256043000,,-82312000,40528000,495761667,495761667,1929467000,89890000,,1088139000,495761667
DBI.AX,annual,2025-12-31,AUD,659358000,296009000,false,255184000,,-164918000,40825000,495761667,495761667,2162061000,110454000,,1036749000,495761667
DDR.AX,annual,2021-12-31,AUD,,,false,,,,,172553523,172553523,,,,,
DDR.AX,annual,2022-12-31,AUD,3103666000,128277000,false,115982000,,-11410000,12295000,174762827,174762827,310876000,12263000,,230145000,180091527
DDR.AX,annual,2023-12-31,AUD,2259384000,150813000,false,136839000,,-14155000,13974000,180175670,180175670,319151000,11607000,,255336000,180289482
DDR.AX,annual,2024-12-31,AUD,2272777000,151965000,false,137823000,,-3976000,14142000,,,369145000,45813000,,249717000,180550666
DDR.AX,annual,2025-12-31,AUD,2559141000,157510000,false,143856000,,-3050000,13654000,180688790,180688790,373933000,66418000,,257023000,180817855
DEV.AX,annual,2022-06-30,AUD,,-11644438,false,-11795975,,-86097,151537,314183969,314183969,435702,7872823,,8084759,314183969
DEV.AX,annual,2023-06-30,AUD,,-12638680,false,-12807398,,-116316,168718,359531472,359531472,366663,12673800,,12463906,370778575
DEV.AX,annual,2024-06-30,AUD,,-10275578,false,-10470046,,-281920,194468,417827027,417827027,262228,16773392,,22883348,441190671
DEV.AX,annual,2025-06-30,AUD,,-8620657,false,-8845857,,-49587,225200,441593411,441593411,147295,7119398,,13754481,441690671
DGL.AX,annual,2022-06-30,AUD,410011087.7,66739106.33,false,47750304.91,,-55322097.79,18988801.42,270671000,270671000,123480430.2,28215988.47,,339048675,279192548
DGL.AX,annual,2023-06-30,AUD,507121558.4,64218086.84,false,39846555.66,,-28063989.55,24371531.18,283431000,283431000,189560343.9,40177386.01,,363080857.5,284911205
DGL.AX,annual,2024-06-30,AUD,509325830.4,66713286.71,false,33688811.19,,-31786494.76,33024475.52,284979757,284979757,197659528,21448863.64,,373917176.6,284610360
DGL.AX,annual,2025-06-30,AUD,,,false,,,,,,,,,,,
DLI.AX,annual,2022-06-30,AUD,,-7985659,false,-8048849,,-13378162,63190,226197334,226197334,212064,23359876,,60358946,312569016
DLI.AX,annual,2023-06-30,AUD,,-8394890,false,-8508430,,-36219534,113540,401063600,401063600,117560,84311712,,174335148,534272794
DLI.AX,annual,2024-06-30,AUD,,-12112232,false,-12388837,,-62761363,276605,634144208,634144208,709636,86686146,,241439844,713407142
DLI.AX,annual,2025-06-30,AUD,,,false,,,,,715342748,715342748,,,,,
DMP.AX,annual,2022-06-30,AUD,,,false,,,,,,,,,,,
DMP.AX,annual,2023-06-30,AUD,2344702000,269696000,false,118773000,,-157664000,150923000,88195652,87996000,1754439000,159891000,,520517000,89090402
DMP.AX,annual,2024-06-30,AUD,2370008000,311859000,false,156815000,,-90185000,155044000,90017824,89932000,1458013000,87651000,,609548000,90930709
DMP.AX,annual,2025-06-30,AUD,2296878000,179739000,false,31204000,,-75781000,148535000,92593000,92593000,1498963000,153499000,,663087000,94448286
DMP.AX,annual,2026-06-30,AUD,2039942000,49127000,false,-120382000,,-34891000,169509000,94586000,94586000,1130328000,131028000,,457250000,94746866
DNL.AX,annual,2021-09-30,AUD,,,false,,,,,,,,,,,
DNL.AX,annual,2022-09-30,AUD,6315300000,1834800000,false,1462300000,,-434000000,372500000,1945681382,1942225029,1957900000,763500000,,100000,1942225029
DNL.AX,annual,2023-09-30,AUD,5410900000,792400000,false,467700000,,-495100000,324700000,1942225029,1942225029,1966400000,399400000,,-100000,1942225029
DNL.AX,annual,2024-09-30,AUD,5278500000,-190200000,false,-535200000,,-378700000,345000000,1935814215,1935814215,1955400000,1068900000,,-1000000,1892101721
DNL.AX,annual,2025-09-30,AUD,3710100000,628300000,false,344200000,,-474200000,284100000,1855343829,1855343829,2017000000,647200000,,1800000,1795372022
DOW.AX,annual,2022-06-30,AUD,,,false,,,,,,,,,,,
DOW.AX,annual,2023-06-30,AUD,1.16355e+10,67600000,false,-268600000,,-263000000,336200000,671500000,671500000,2138500000,889100000,,2289800000,671573679
DOW.AX,annual,2024-06-30,AUD,1.0969e+10,512700000,false,166700000,,-146300000,346000000,670400000,670400000,1810400000,837600000,,178600000,671573679
DOW.AX,annual,2025-06-30,AUD,1.04721e+10,616000000,false,273500000,,-122900000,342500000,670800000,670800000,1538400000,833800000,,178600000,671573679
DOW.AX,annual,2026-06-30,AUD,9704800000,657300000,false,375400000,,-144900000,281900000,664700000,664700000,1375200000,766400000,,178600000,659010687
DPM.AX,annual,2021-12-31,USD,,,false,,253580000,-10100000,,187477078,186135033,,,,,
DPM.AX,annual,2022-12-31,USD,433490000,226073000,false,141844000,232052000,-30219000,84229000,191157592,,14584000,433176000,,993094000,190000202
DPM.AX,annual,2023-12-31,USD,520091000,292114000,false,207706000,275682000,-27627000,84408000,185417810,184987439,12534000,595285000,,1120550000,181433538
DPM.AX,annual,2024-12-31,USD,606992000,372207000,false,277697000,144712000,-28899000,94510000,,180167032,13521000,634830000,,1286828000,176713839
DPM.AX,annual,2025-12-31,USD,950481000,532317000,false,424913000,652097000,-20082000,107404000,185707109,185179142,12422000,497797000,,2572114000,221981361
DPM.AX,quarterly,2024-12-31,USD,,,false,,,106000,,,,13521000,,,,
DPM.AX,quarterly,2025-03-31,USD,,,false,,,0,,,176336842,,,,,
DPM.AX,quarterly,2025-06-30,USD,186487000,116795000,false,93104000,94212000,-2392000,23691000,,168161224,,331685000,,1272775000,166933140
DPM.AX,quarterly,2025-09-30,USD,267413000,138377000,false,110196000,184576000,-7571000,28181000,177750000,177750000,,413611000,,2423381000,221880802
DPM.AX,quarterly,2025-12-31,USD,352434000,217709000,false,182349000,145147000,-5925000,35360000,,,12422000,497797000,,2572114000,221981361
DPM.AX,quarterly,2026-03-31,USD,310364000,214835000,false,190203000,154509000,-3788000,24632000,221216000,221216000,,575487000,,2705236000,221434508
DPM.AX,quarterly,2026-06-30,USD,361543000,281734000,false,257270000,284043000,-6432000,24464000,221198077,221198077,,761209000,,2875122000,221041933
DRE.AX,annual,2022-06-30,AUD,,-1329338,false,-1391452,,-7119457,62114,2774262376,2774262376,207319,2501971,,19515212,2838683551
DRE.AX,annual,2023-06-30,AUD,,-5709738,false,-5842549,,-21131464,132811,3136162345,3136162345,177576,5664368,,50841416,3327728220
DRE.AX,annual,2024-06-30,AUD,,-6373920,false,-6533670,,-17308333,159750,3444557489,3444557489,143384,1448571,,52037529,3513072960
DRE.AX,annual,2025-06-30,AUD,,,false,,,,,4067416667,4067416667,,,,,
DRO.AX,annual,2021-12-31,AUD,,,false,,,,,,,95386,,,,
DRO.AX,annual,2022-12-31,AUD,16806723,-3280444,false,-4210601,,-832175,930157,429980471,429980471,596097,10143861,,18999403,429980471
DRO.AX,annual,2023-12-31,AUD,54088928,2564272,false,1041427,,-2926014,1522845,464029449,464029449,2625404,56696346,,74511293,611453611
DRO.AX,annual,2024-12-31,AUD,57529000,-2710000,false,-6327000,,-13011000,3617000,624993012,624993012,9107000,62620000,,311587000,872115159
DRO.AX,annual,2025-12-31,AUD,216547000,12463000,false,1884000,,-30826000,10579000,921668710,921668710,14255000,209490000,,336616000,913417667
DRR.AX,annual,2022-06-30,AUD,,,false,,,,,528776296,528511354,,,,,
DRR.AX,annual,2023-06-30,AUD,229264000,220603000,false,220207000,,-89000,396000,528817204,528530992,186000,29491000,,92138000,528540107
DRR.AX,annual,2024-06-30,AUD,240509000,225513000,false,225051000,,-88000,462000,529524786,528635775,497000,31064000,,80352000,528649527
DRR.AX,annual,2025-06-30,AUD,263433000,248026000,false,241690000,,-1931000,6336000,529755019,528802928,295401000,24394000,,124660000,528918273
DRR.AX,annual,2026-06-30,AUD,242400000,239680000,false,238275000,,-14000,1405000,,,143291000,10512000,,142642000,529456506
DTL.AX,annual,2022-06-30,AUD,,,false,,,,,,,,,,,
DTL.AX,annual,2023-06-30,AUD,2560700000,60447000,false,53293000,,-981000,7154000,155067002,154556033,23883000,404766000,,68345000,154599184
DTL.AX,annual,2024-06-30,AUD,805746000,69164000,false,62103000,,-607000,7061000,155236559,154686011,20595000,276381000,,74916000,154704064
DTL.AX,annual,2025-06-30,AUD,852659000,75640000,false,69154000,,-2169000,6486000,155364281,154872516,18547000,356689000,,84169000,154908333
DTL.AX,annual,2026-06-30,AUD,906982000,85398000,false,78831000,,-5042000,6567000,155510553,155047190,22672000,326047000,,95162000,155077841
DTR.AX,annual,2022-06-30,AUD,,-11482027,false,-12750947,,-8468775,1268920,436141402,436141402,21892640,1936037,,9856330,495730320
DTR.AX,annual,2023-06-30,AUD,858199,-8171244,false,-9332806,,-1590276,1161562,592885314,592885314,21258899,928940,,11063873,856871409
DTR.AX,annual,2024-06-30,AUD,,-15810173,false,-16848457,,-2075029,1038284,1212784621,1212784621,5554598,849473,,3585666,1457546951
DTR.AX,annual,2025-06-30,AUD,308119,-11432525,false,-11556344,,-630225,123819,2485578675,2485578675,3026546,8945254,,9227930,3149322158
DUG.AX,annual,2022-06-30,USD,,,false,,,,,,,4494000,,,,
DUG.AX,annual,2023-06-30,USD,50948000,14226000,false,7801000,,-3080000,6425000,120893720,118123386,15516000,7987000,,-84000,118123386
DUG.AX,annual,2024-06-30,USD,65501000,15550000,false,8249000,,-31319000,7301000,121982379,118123386,35047000,9385000,,471000,118123386
DUG.AX,annual,2025-06-30,USD,62577000,11515000,false,-1360000,,-8403000,12875000,129174218,129174218,33809000,16410000,,-45000,134657601
DUG.AX,annual,2026-06-30,USD,86387000,22484000,false,8774000,,-11617000,13710000,138931298,134901786,42702000,10501000,,1168000,135505172
DUR.AX,annual,2022-06-30,AUD,,,false,,,,,,,,,,,
DUR.AX,annual,2023-06-30,AUD,491796000,37950000,false,28381000,,-13001000,9569000,254317881,242723467,18324000,66187000,,46063000,244020537
DUR.AX,annual,2024-06-30,AUD,555792000,45641000,false,30963000,,-16255000,14678000,258504222,247351061,31562000,65218000,,59121000,248372718
DUR.AX,annual,2025-06-30,AUD,573028000,47843000,false,31639000,,-14047000,16204000,263287197,250824981,49391000,84026000,,74325000,252390429
DUR.AX,annual,2026-06-30,AUD,570281000,49465000,false,31902000,,-12065000,17563000,268182844,256950657,57356000,78764000,,93829000,258160262
DVP.AX,annual,2022-06-30,AUD,4512431,-8632873,false,-9098261,,-8995168,465388,144761135,144761135,3517713,43206524,,144554069,161501849
DVP.AX,annual,2023-06-30,AUD,67775130,-1446666,false,-11419550,,-40005639,9972884,167368203,167368203,27913148,21769145,,149660928,181442082
DVP.AX,annual,2024-06-30,AUD,147229949,11710218,false,-10531960,,-33747352,22242178,226088882,226088882,40811644,41499452,,171915,244053581
DVP.AX,annual,2025-06-30,AUD,231472030,26955747,false,-1831337,,-72879798,28787084,281467838,269645665,158292214,58625753,,452086,288390802
DXB.AX,annual,2022-06-30,AUD,,,false,,,,,299535073,299535073,20982,,,,
DXB.AX,annual,2023-06-30,AUD,,-22767334,false,-22823343,,-2299,56009,325529108,325529108,5957809,7991792,,5963119,388059039
DXB.AX,annual,2024-06-30,AUD,407466,-25187051,false,-25235799,,-15798,48748,452909979,452909979,149683,22141466,,18185510,550195989
DXB.AX,annual,2025-06-30,AUD,5586828,-31885557,false,-32009119,,-21006,123562,560424855,560424855,97481,68283812,,13379343,598511172
DXB.AX,annual,2026-06-30,AUD,4350305,-37039728,false,-37177886,,-4982,138158,,,232091,16153803,,-14756836,600396776
DXN.AX,annual,2022-06-30,AUD,15386453,-2706508,false,-6410887,,-49606,3704379,92340732,92340732,15563631,1924767,,7447699,98087655
DXN.AX,annual,2023-06-30,AUD,5047674,-6332651,false,-8984876,,-334064,2652225,112882176,112882176,13163449,710209,,-175144,114754322
DXN.AX,annual,2024-06-30,AUD,10755354,175902,false,-1321072,,-38937,1496974,148710218,148710218,8319977,2983785,,-412273,184889354
DXN.AX,annual,2025-06-30,AUD,16028458,-218078,false,-1219959,,-2373875,1001881,252136289,252136289,6450746,3119895,,4920340,298703639
DYL.AX,annual,2022-06-30,AUD,51566,-6921573,false,-7278434,,-8261173,356861,370069286,370069286,3860564,64924350,,115177018,387374725
DYL.AX,annual,2023-06-30,AUD,38459,-10994251,false,-11812384,,-27916430,818133,710990970,710990970,3833828,40770146,,374642354,758206208
DYL.AX,annual,2024-06-30,AUD,15949,-13601435,false,-14407323,,-17120370,805888,811562091,811562091,3567289,177503228,,614636438,969194446
DYL.AX,annual,2025-06-30,AUD,,,false,,,,,980460274,971273179,,,,,
E25.AX,annual,2022-06-30,AUD,26932732,-15068468,false,-17467739,,-1514115,2399271,151131743,151131743,890251,14927576,,45798692,152710369
E25.AX,annual,2023-06-30,AUD,33469168,-22454891,false,-24813094,,-1236837,2358203,174495121,174495121,547286,28885874,,55423489,194960368
E25.AX,annual,2024-06-30,AUD,13296901,-19100383,false,-21450751,,-20484355,2350368,218111980,,180023,11326929,,57131462,219530335
EBO.AX,annual,2022-06-30,AUD,,,false,,,,,,,,,,,
EBO.AX,annual,2023-06-30,AUD,1.331744586e+10,615978887.8,false,480181739,,-107032321.3,135797148.8,190602000,190602000,1396172598,230586570.9,,-142596582.9,191603879
EBO.AX,annual,2024-06-30,AUD,1.44111167e+10,650419580.4,false,509607736,,-92327360.14,140811844.4,192168000,192168000,1795195586,236978802.4,,-35522290.21,193243000
EBO.AX,annual,2025-06-30,AUD,1.320867664e+10,579907397.4,false,421727145.5,,-54253257.24,158180252,197371561,196073000,1746369118,198396683.5,,-16945192.2,203230000
EBO.AX,annual,2026-06-30,AUD,1.640715815e+10,700901459.9,false,481828467.2,,-88384428.22,219072992.7,206396536,205101000,2306251825,290858880.8,,-50708029.2,206949000
EBR.AX,annual,2021-12-31,USD,,,false,,,,,,,2410496,,,,
EBR.AX,annual,2022-12-31,USD,,-31560810,false,-31560810,,-730179,652432,291958850,291958850,21585734,15456338,,43949093,291418678
EBR.AX,annual,2023-12-31,USD,0,-29799275,false,-30551532,-32697514,-354054,752257,312822450,312822450,41589289,14578752,,31056452,309362697
EBR.AX,annual,2024-12-31,USD,0,-34180000,false,-34767000,-41230000,-273000,587000,351936760,351936760,41398000,6918000,,24356000,37107620
EBR.AX,annual,2025-12-31,USD,1617000,-42709000,false,-43112000,-53192000,-3683000,403000,451922710,451922710,58588000,5794000,,25588000,45025916
EBR.AX,quarterly,2024-12-31,USD,,,false,,,,90641,,,37000,,,,
EBR.AX,quarterly,2025-03-31,USD,,,false,,,,78863,377673480,377673480,40431428,,,,
EBR.AX,quarterly,2025-06-30,USD,170000,-10418000,false,-10536000,-11476000,-889000,118000,3705942596,3705942596,56184788,44993424,,49696129,44955220
EBR.AX,quarterly,2025-09-30,USD,512093,-10672851,false,-10763397,-13141204,-1277417,90546,486958490,486958490,56798412,12641581,,38650515,44988945
EBR.AX,quarterly,2025-12-31,USD,935203,-12539460,false,-12654914,-15010796,-1456583,115454,,,58588000,5794000,,25588000,45025916
EBR.AX,quarterly,2026-03-31,USD,2362000,-15633000,false,-15758000,-20251000,-3290000,125000,487719230,487719230,59534000,6558000,,9538000,45055736
EBR.AX,quarterly,2026-06-30,USD,2637000,-15834000,false,-16118000,-17194000,-2851000,284000,492361290,492361290,59678000,59350000,,68857000,75330559
ECH.AX,annual,2022-06-30,AUD,,,false,,,,,,,,,,13757000,
ECH.AX,annual,2023-06-30,AUD,98784000,40764000,false,25197000,,-12187000,15567000,227369000,227369000,,36380000,,22592000,227369000
ECH.AX,annual,2024-06-30,AUD,92871000,31912000,false,16823000,,-2514000,15089000,227369000,227369000,52996000,42290000,,19441000,227369000
ECH.AX,annual,2025-06-30,AUD,124192957.9,53563045.12,false,30460859.27,,-6331431.033,23102185.85,227369000,227369000,51567782.92,39626359.43,,23732098.63,227369000
ECH.AX,annual,2026-06-30,AUD,77077858.88,40187347.93,false,26057177.62,,-20218978.1,14130170.32,227369000,227369000,17002433.09,30374695.86,,178296837,227369000
EDU.AX,annual,2022-12-31,AUD,18119381,-2604382,false,-6121569,,-1164072,3517187,140905362,140905362,17643299,6075190,,13256667,140905362
EDU.AX,annual,2023-12-31,AUD,21213067,-63241,false,-3613128,,-482614,3549887,165214443,165214443,15320307,3121297,,10481220,165214443
EDU.AX,annual,2024-12-31,AUD,42180000,7403000,false,3910000,,-2184000,3493000,163029408,163029408,10462000,6494000,,12431000,150553408
EDU.AX,annual,2025-12-31,AUD,82392000,25664000,false,20705000,,-1866000,4959000,157897545,148707843,14851000,18459000,,22494000,143931874
EDV.AX,annual,2022-06-30,AUD,,,false,,,,,,,,,,,
EDV.AX,annual,2023-06-30,AUD,1.1884e+10,1416000000,false,843000000,,-408000000,573000000,1791000000,1791000000,6088000000,290000000,,3709000000,1790680594
EDV.AX,annual,2024-06-30,AUD,1.2309e+10,1472000000,false,865000000,,-419000000,607000000,1791000000,1791000000,6072000000,293000000,,-2000000,1790754347
EDV.AX,annual,2025-06-30,AUD,1.2058e+10,1416000000,false,735000000,,-334000000,681000000,1791000000,1791000000,5817000000,318000000,,-3000000,1790857913
EDV.AX,annual,2026-06-30,AUD,1.2212e+10,925000000,false,283000000,,-494000000,642000000,1792000000,1792000000,5933000000,330000000,,3589000000,1795725673
EF2.AX,annual,2021-12-31,USD,,,false,,,,,,,324000,,,,
EF2.AX,annual,2022-12-31,USD,12515000,-56509000,false,-59778000,-49702000,-1996000,3269000,157343250,157343250,1378000,62820000,,3982000,157682531
EF2.AX,annual,2023-12-31,USD,37928000,-29616000,false,-32367000,-15409000,-44710000,2751000,160154000,159107000,1319000,57445000,,3959000,162659155
EF2.AX,annual,2024-12-31,USD,78114000,-34045000,false,-37172000,-43973000,-31022000,3127000,171964000,171964000,2183000,38603000,,3883000,198666994
EF2.AX,annual,2025-12-31,USD,65922000,-95724000,false,-101155000,-89480000,-51793000,5431000,,,675688000,64736000,,4165000,240366000
EF2.AX,quarterly,2024-12-31,USD,,,false,,,,,,,2183000,,,,
EF2.AX,quarterly,2025-03-31,USD,,,false,,,,,207705000,207705000,,,,,
EF2.AX,quarterly,2025-06-30,USD,4212000,-20435000,false,-21775000,-25942000,-9290000,1340000,219776000,219776000,,71492000,,4587000,225862996
EF2.AX,quarterly,2025-09-30,USD,17710000,-25276000,false,-26666000,-28496000,-14957000,1390000,,,,93962000,,4318000,236866480
EF2.AX,quarterly,2025-12-31,USD,27102000,-20691000,false,-22121000,-16211000,-18953000,1430000,,,675688000,64736000,,4165000,240366000
EF2.AX,quarterly,2026-03-31,USD,35838000,-13117000,false,-14545000,8323000,-11816000,1428000,,,676688000,108446000,,4049000,244410000
EF2.AX,quarterly,2026-06-30,USD,25108000,-29559000,false,-31226000,-26073000,-12242000,1667000,249323000,249323000,677684000,58416000,,4228000,249919146
EGH.AX,annual,2022-06-30,AUD,,,false,,,,,,,,,,,
EGH.AX,annual,2023-06-30,AUD,36420000,34290000,false,33444000,,-845000,846000,281822509,281182833,70433000,1815000,,143956000,307799817
EGH.AX,annual,2024-06-30,AUD,41141000,25056000,false,24361000,,-213000,695000,309690584,308668643,91846000,2257000,,154241000,310658378
EGH.AX,annual,2025-06-30,AUD,45790000,33353000,false,32864000,,-701000,489000,385067179,382707686,56664000,2803000,,240272000,424178505
EGH.AX,annual,2026-06-30,AUD,56700000,31693000,false,31205000,,-293000,488000,431262887,426567017,136631000,2507000,,254234000,428905970
EGR.AX,annual,2022-06-30,AUD,,-8193000,false,-8203000,,-165000,10000,450164144,450164144,,46728000,,63418000,450333459
EGR.AX,annual,2023-06-30,AUD,,-9598000,false,-9615000,,-2117000,17000,450333459,450333459,,38606000,,58896000,450333459
EGR.AX,annual,2024-06-30,AUD,,-8986000,false,-9091000,,-9186000,105000,453401136,453401136,228000,25459000,,-59000,454031819
EGR.AX,annual,2025-06-30,AUD,,-8608000,false,-8732000,,-8558000,124000,454098303,454098303,135000,11202000,,-147000,454131819
EHL.AX,annual,2022-06-30,AUD,,,false,,,,,,,,,,,
EHL.AX,annual,2023-06-30,AUD,874917000,225586000,false,79765000,,-179411000,145821000,526509554,517322000,322647000,46673000,,589444000,515594288
EHL.AX,annual,2024-06-30,AUD,822728000,258190000,false,102998000,,-214947000,155192000,524501992,516388000,358736000,78265000,,637241000,518374757
EHL.AX,annual,2025-06-30,AUD,785354000,290346000,false,134940000,,-161782000,155406000,531024735,518469000,321332000,126356000,,714821000,518374757
EHL.AX,annual,2026-06-30,AUD,792836000,278928000,false,134432000,,-188672000,144496000,518375000,518375000,252433000,125383000,,792296000,518374757
EIQ.AX,annual,2022-06-30,AUD,251103,-5610337,false,-6250543,,-367333,640206,,,,2406909,,7839886,429382713
EIQ.AX,annual,2023-06-30,AUD,107332,-7067592,false,-7674859,,-339663,607267,448468563,448468563,,3276398,,7435040,472254376
EIQ.AX,annual,2024-06-30,AUD,44500,-5997640,false,-6601296,,,603656,454550084,454550084,,2117326,,6767992,537654376
EIQ.AX,annual,2025-06-30,AUD,,,false,,,,,566774103,566774103,,,,,
EIQ.AX,annual,2026-06-30,AUD,92000,-19299000,false,-19848000,,-53000,549000,652720313,652720313,,8712000,,11629000,660862710
EL8.AX,annual,2022-06-30,AUD,,-5689189,false,-5774709,,-112996,85520,252135516,252135516,177272,15811013,,18492893,275495717
EL8.AX,annual,2023-06-30,AUD,,-8812600,false,-8930280,,-74517,117680,275528161,275528161,146033,10057562,,11518396,277864139
EL8.AX,annual,2024-06-30,AUD,,-10366561,false,-10488236,,-62432,121675,294788073,294788073,74213,10833663,,11778718,308446580
EL8.AX,annual,2025-06-30,AUD,,,false,,,,,353607957,353607957,,,,,
ELD.AX,annual,2021-09-30,AUD,,,false,,,,,,,,,,,
ELD.AX,annual,2022-09-30,AUD,3433710000,290834000,false,243593000,,-25164000,47241000,158906177,158906177,302753000,17840000,,5858000,158905745
ELD.AX,annual,2023-09-30,AUD,3311939000,216131000,false,158519000,,-47762000,57612000,158906177,158906177,484794000,21483000,,4354000,158905745
ELD.AX,annual,2024-09-30,AUD,3118822000,170807000,false,97359000,,-47362000,73448000,159795776,159795776,730716000,40210000,,4465000,160494580
ELD.AX,annual,2025-09-30,AUD,3185785000,177915000,false,94323000,,-33215000,83592000,184737000,184737000,594133000,46732000,,4966000,191211193
ELS.AX,annual,2021-12-31,USD,,,false,,,-42690,,,,,,,,
ELS.AX,annual,2022-12-31,USD,823241,-3962464,false,-4294012,,-3532,331548,144876769,144876769,4253932,5194794,,1087457,150319581
ELS.AX,annual,2023-12-31,USD,1541168,-2602298,false,-2854942,,-44079,252644,150348245,150348245,5324990,2702593,,-2667264,150324581
ELS.AX,annual,2024-12-31,USD,2028737,-2618288,false,-2854683,,-16890,236395,151191778,151191778,180102,873953,,1150985,181041211
ELS.AX,annual,2025-12-31,USD,22799333,6705782,false,6378467,,-219237,327315,222093264,197482380,206259,59040914,,50968090,219673912
ELT.AX,annual,2022-06-30,AUD,,-2179733,false,-2224288,,-3631928,44555,166359714,166359714,58210,6270173,,20019846,178601939
ELT.AX,annual,2023-06-30,AUD,,-2170298,false,-2221617,,-4802234,51319,182299617,182299617,7063,3449654,,22154495,196359512
ELT.AX,annual,2024-06-30,AUD,,-1197550,false,-1258646,,-2372774,61096,196359512,196359512,1062529,503214,,19964616,196359512
ELT.AX,annual,2025-06-30,AUD,,,false,,,,,230445508,230445508,,,,,294737396
ELV.AX,annual,2022-06-30,USD,,,false,,,,,47882029,45298904,16146451.08,,,,
ELV.AX,annual,2023-06-30,USD,0,520940.2077,false,-3557882.613,-30526301.85,-84123569.4,4078822.821,57969306,57969306,20661534.49,139746347.8,,85168097.54,66927587
ELV.AX,annual,2024-06-30,USD,134263523.4,-52371149.18,false,-74947697.7,-41559778.36,-68476248.4,22576548.52,68519787,68519787,30620000,60573086.2,,87287031.03,68621973
ELV.AX,annual,2025-06-30,USD,145016000,-221177000,false,-246160000,-9603000,-12729000,24983000,71864000,71864000,77551000,47254000,,37812000,75288640
ELV.AX,annual,2026-06-30,USD,201675000,75382000,false,51752000,-43605000,-24027000,23630000,,,,255279000,,0,193020849
EML.AX,annual,2022-06-30,AUD,,,false,,,,,,,81616000,,,,
EML.AX,annual,2023-06-30,AUD,221686000,-243105000,false,-278176000,,-11743000,35071000,373885828,373885828,98492000,71362000,,174553000,373984129
EML.AX,annual,2024-06-30,AUD,167529000,32493000,false,7631000,,-9229000,24862000,374635109,374635109,90636000,43060000,,159022000,375155763
EML.AX,annual,2025-06-30,AUD,157936000,-20591000,false,-35823000,,-5959000,15232000,379511457,379511457,54077000,59316000,,146442000,382100226
EML.AX,annual,2026-06-30,AUD,150297000,2358000,false,-10782000,,-12870000,13140000,387060778,387060778,89340000,37753000,,130095000,388661799
EMP.AX,annual,2022-06-30,AUD,,-859159,false,-859159,,-929966,,200521558,200521558,,572044,,5061762,224893728
EMP.AX,annual,2023-06-30,AUD,,-962453,false,-962453,,-432492,,256671639,256671639,,313070,,5427280,268862478
EMP.AX,annual,2024-06-30,AUD,,-794260,false,-794260,,-358024,,318766073,318766073,,221900,,5642973,383464751
EMP.AX,annual,2025-06-30,AUD,,-969146,false,-969146,,-866290,,580642903,580642903,,2350348,,8763744,710435250
EMR.AX,annual,2022-06-30,AUD,,,false,,,,,,,,,,4479000,
EMR.AX,annual,2023-06-30,AUD,297666000,134839000,false,92394000,,-8606000,42445000,593772000,593772000,,70963000,,3859000,595461968
EMR.AX,annual,2024-06-30,AUD,366038000,176791000,false,139827000,,-5885000,36964000,620924000,620924000,,144101000,,557968000,656112660
EMR.AX,annual,2025-06-30,AUD,430414000,164920000,false,164390000,,-17714000,530000,663202120,656931000,21931000,201387000,,655440000,657590123
EMR.AX,annual,2026-06-30,AUD,601794000,366741000,false,366139000,,-69197000,602000,660244000,660244000,31884000,433649000,,4494000,6.60775844e+11
EMV.AX,annual,2022-06-30,AUD,,,false,,,,,75192582,75192582,,,,,
EMV.AX,annual,2023-06-30,AUD,,-3493419,false,-3835428,,-187293,342009,77711338,77711338,3040981,9969013,,5115045,77915217
EMV.AX,annual,2024-06-30,AUD,,-1505576,false,-1916156,,-302413,410580,80437212,80437212,2900305,18601524,,18515748,85424884
EMV.AX,annual,2025-06-30,AUD,,-7858357,false,-8266842,,-50373,408485,85442963,85442963,3534313,10456814,,9282964,85516535
EMV.AX,annual,2026-06-30,AUD,,-7664610,false,-8081511,,-124216,416901,,,3405757,17103760,,15768711,92955561
ENR.AX,annual,2022-06-30,AUD,,-5349962,false,-5418604,,-3057104,68642,316715223,316715223,116954,2165945,,16192923,317216826
ENR.AX,annual,2023-06-30,AUD,,-1557305,false,-1631071,,-3693703,73766,349011344,349011344,49059,11817728,,28843623,395525781
ENR.AX,annual,2024-06-30,AUD,,-4759029,false,-4949804,,-8499810,190775,410722867,410722867,205897,14050537,,36249890,450828054
EOL.AX,annual,2022-06-30,AUD,,,false,,,,,,,2500000,,,,
EOL.AX,annual,2023-06-30,AUD,44725000,10895000,false,5750000,,-10553000,5145000,29690825,29411162,24119000,951000,,47060000,30040111
EOL.AX,annual,2024-06-30,AUD,52182000,9843000,false,4188000,,-5062000,5655000,29589322,29437000,19377000,1970000,,53116000,31169000
EOL.AX,annual,2025-06-30,AUD,61117000,16148000,false,9596000,,-6008000,6552000,31780896,31296000,13794000,3972000,,63640000,31331000
EOL.AX,annual,2026-06-30,AUD,69564000,18849000,false,11823000,,-7527000,7026000,32500000,31452000,6067000,3006000,,70273000,31494000
EOS.AX,annual,2021-12-31,AUD,,,false,,,,,,,,,,,
EOS.AX,annual,2022-12-31,AUD,137912000,-38891000,false,-49950000,,-19253000,11059000,146853905,146853905,97184000,21681000,,-3202000,171236006
EOS.AX,annual,2023-12-31,AUD,219253000,6376000,false,-6007000,,-2933000,12383000,159226631,159226631,88741000,70997000,,-4033000,171236006
EOS.AX,annual,2024-12-31,AUD,176565000,-2418000,false,-14960000,,-11556000,12542000,175407278,175407278,65930000,41078000,,-4988000,192952099
EOS.AX,annual,2025-12-31,AUD,128458000,-41941000,false,-61286000,,-26308000,19345000,182066881,182066881,17142000,113841000,,-6120000,192952099
EQR.AX,annual,2022-06-30,AUD,4014380,-4482207,false,-5421799,,-6448920,939592,1336589754,1336589754,6529570,1723426,,14317218,1344186938
EQR.AX,annual,2023-06-30,AUD,5039906,-801039,false,-2225118,,-7379101,1424079,1420196670,1420196670,12095589,5335596,,16304564,1474486938
EQR.AX,annual,2024-06-30,AUD,26480740,-19488590,false,-25634069,,-14537072,6145479,1696757002,1696757002,45722219,3489532,,56625658,2065288465
EQU.AX,annual,2022-06-30,AUD,,-928435,false,-928435,,,,,,,6058563,,13367891,132251241
EQU.AX,annual,2023-06-30,AUD,,-692465,false,-692465,,,,204643730,204643730,,19295046,,0,204643730
EQU.AX,annual,2024-06-30,AUD,,-640450,false,-640450,,,,204643730,204643730,,4391291,,0,204643730
EQU.AX,annual,2025-06-30,AUD,,-812000,false,-812000,,,,204643730,204643730,79471,19087236,,16931905,204643730
ERA.AX,annual,2021-12-31,AUD,190347000,,false,,,-43000,,,,,,,,
ERA.AX,annual,2022-12-31,AUD,35555000,-53774000,false,-54086000,,-227000,312000,5.028022911e+10,5.028022911e+10,13218000,87116000,,-603657000,5.028023181e+10
ERA.AX,annual,2023-12-31,AUD,,-1330529000,false,-1330821000,,-79000,292000,7.745873483e+10,7.745873483e+10,680000,403385000,,-1237800000,7.745873483e+10
ERA.AX,annual,2024-12-31,AUD,36350000,-135065000,false,-135357000,,-76000,292000,4.0539624e+11,4.0539624e+11,385000,331332000,,-1114619000,4.053962416e+11
ERA.AX,annual,2025-12-31,AUD,,81828000,false,81534000,,132000,294000,4.05396241e+11,4.05396241e+11,78000,58374000,,-1165270000,4.05396241e+11
ERD.AX,annual,2022-03-31,NZD,,,false,,,,,114078865,114078865,,,,,
ERD.AX,annual,2023-03-31,NZD,156300000,36000000,false,1700000,,-55700000,34300000,132253406,132253406,78100000,8100000,,248800000,134437247
ERD.AX,annual,2024-03-31,NZD,175000000,43000000,false,800000,,-53500000,42200000,149705877,149705877,42900000,14500000,,303000000,184821022
ERD.AX,annual,2025-03-31,NZD,185300000,49300000,false,6600000,,-28300000,42700000,186222866,186222866,31200000,13800000,,331700000,187410632
ERD.AX,annual,2026-03-31,NZD,187000000,-107200000,false,-155700000,,-32500000,48500000,,,32100000,10100000,,172300000,187966817
ESK.AX,annual,2021-12-31,USD,,,false,,,,,,,,,,,
ESK.AX,annual,2022-12-31,USD,9681000,3390000,false,2121000,,-2702000,1269000,134539877,130721255,506000,1918000,,8650000,130759502
ESK.AX,annual,2023-12-31,USD,9419000,2294000,false,194000,,-2849000,2100000,137894737,131000000,2698000,2061000,,9644000,131907002
ESK.AX,annual,2024-12-31,USD,5932000,-1157000,false,-3588000,,-2696000,2431000,132000000,132063000,3307000,136000,,6318000,132162002
ESK.AX,annual,2025-12-31,USD,9941000,2097000,false,-362000,,-3939000,2459000,132075472,132075472,3126000,2259000,,9099000,141549695
ETM.AX,annual,2021-12-31,AUD,,,false,,,-14000,,,,751000,,,,
ETM.AX,annual,2022-12-31,AUD,,-5823000,false,-6091000,,-172000,268000,1347465474,1347465474,1083000,24951000,,25329000,1355744000
ETM.AX,annual,2023-12-31,AUD,,-5967000,false,-6407000,,-1622000,440000,1362057494,1362057494,270000,16146000,,26444000,1400060000
ETM.AX,annual,2024-12-31,AUD,,-5683000,false,-5946000,,-947000,263000,1404595041,1404595041,34000,11985000,,15677000,1408708678
ETM.AX,annual,2025-12-31,AUD,,-11700000,false,-11799000,,-2119000,99000,1695890915,1695890915,,31820000,,32864000,1981779997
EUR.AX,annual,2022-06-30,AUD,29723,-11877317,false,-11907758,,-8258237,30441,1137281868,1137281868,,33000939,,78550748,1400239175
EUR.AX,annual,2023-06-30,AUD,,-12094865,false,-12107267,,-3045405,12402,1444388194,1444388194,,13144813,,66303914,1494239175
EUR.AX,annual,2024-06-30,AUD,,-156373713,false,-156447784,,-1605918,74071,1398439052,1398439052,1994919,5778638,,-9760509,1398122640
EUR.AX,annual,2025-06-30,AUD,,,false,,,,,1424295082,1424295082,,,,,
EVN.AX,annual,2022-06-30,AUD,2064928000,934096000,false,466271000,,-669103000,467825000,1826689266,1822135441,1859794000,572427000,,3253976000,1833007683
EVN.AX,annual,2023-06-30,AUD,2285877000,844974000,false,322149000,,-838675000,522825000,1839235096,1834693710,1821265000,46146000,,3294876000,1835016319
EVN.AX,annual,2024-06-30,AUD,3303975000,1426905000,false,761826000,,-918269000,665079000,1923776765,1917721891,2019074000,403303000,,4142196000,1985877758
EVN.AX,annual,2025-06-30,AUD,,,false,,,,,1995623788,1991992067,,,,,
EVO.AX,annual,2021-12-31,AUD,,,false,,,,,,,36216000,,,,
EVO.AX,annual,2022-12-31,AUD,19807000,14638000,false,984000,,-3971000,13654000,159549484,159549484,76801000,17299000,,81727000,159549484
EVO.AX,annual,2023-12-31,AUD,20549154.73,15374178.96,false,11857435.12,,-488855.3893,3516743.836,159549484,159549484,78844621.51,28899536.99,,84327554.65,159549484
EVO.AX,annual,2024-12-31,AUD,25368897.72,18279213.61,false,14127457.48,,-1011707.533,4151756.13,183481906,183481906,127330461.7,14742655.18,,105559973.5,183481906
EVO.AX,annual,2025-12-31,AUD,34657708.79,24880111.2,false,18506892.16,,-1055253.099,6373219.043,184194235,184194235,143418278.7,23931425.92,,123501679.6,203481906
EVT.AX,annual,2022-06-30,AUD,731267000,286912000,false,95005000,,-99487000,191907000,162072948,161195521,1331408000,175158000,,920771000,161195521
EVT.AX,annual,2023-06-30,AUD,1145617000,397655000,false,199559000,,-203688000,198096000,162639695,161282440,1398200000,207000000,,1009828000,161327709
EVT.AX,annual,2024-06-30,AUD,1188955000,289235000,false,98104000,,-89710000,191131000,166068966,162024918,1324318000,106418000,,964145000,162275357
EVT.AX,annual,2025-06-30,AUD,1195340000,296804000,false,108195000,,-82330000,188609000,164502463,162482485,1315599000,76674000,,950363000,162522422
EWC.AX,annual,2022-06-30,USD,145957000,71086000,false,34652000,,-16532000,36434000,2608134691,2608134691,579108000,59230000,,18115000,2608134691
EWC.AX,annual,2023-06-30,USD,34947000,2148000,false,-11407000,,-7213000,13555000,2705527950,2705527950,581207000,69583000,,19615000,3078921246
EWC.AX,annual,2024-06-30,USD,24771000,-741848000,false,-746107000,,-212000,4259000,3076768293,3076768293,788508000,6566000,,19152000,3078921246
EXP.AX,annual,2022-06-30,AUD,,,false,,,,,700695053,700695053,902000,,,,
EXP.AX,annual,2023-06-30,AUD,109317000,11814000,false,108000,,-15044000,11706000,753696122,753696122,39707000,8587000,,128964000,755203289
EXP.AX,annual,2024-06-30,AUD,127991000,12104000,false,-822000,,-9548000,12926000,756952371,756952371,48936000,8244000,,128942000,757457387
EXP.AX,annual,2025-06-30,AUD,134315000,14469000,false,1755000,,-14343000,12714000,757409961,757409961,38037000,11082000,,127643000,756069910
EXP.AX,annual,2026-06-30,AUD,129593000,19934000,false,2670000,,-9104000,17264000,,,29025000,5441000,,126489000,754667387
EXR.AX,annual,2022-06-30,AUD,,,false,,,,,891449321,891449321,66506,,,,
EXR.AX,annual,2023-06-30,AUD,,-3257227,false,-3282097,,-11457977,24870,909260816,909260816,46957,9555235,,42835893,912437310
EXR.AX,annual,2024-06-30,AUD,,-1370787,false,-1400957,,-21407368,30170,1157122380,1157122380,6345763,7665422,,53537289,1133978866
EXR.AX,annual,2025-06-30,AUD,,-40809955,false,-40833284,,-4531935,23329,1252074679,1252074679,,6576021,,28164559,1399622137
EXR.AX,annual,2026-06-30,AUD,,-3464000,false,-3467000,,-18617000,3000,,,7283000,8370000,,43961000,1868953000
FAL.AX,annual,2022-06-30,AUD,,-63071696,false,-63092592,,-149371,20896,98500000,98500000,187082,25016277,,25047956,177000000
FAL.AX,annual,2023-06-30,AUD,,-9865708,false,-9932909,,-23636,67201,177000000,177000000,159512,17305205,,17200702,177000000
FAL.AX,annual,2024-06-30,AUD,,-5474304,false,-5548149,,-299206,73845,177000000,177000000,127490,11815755,,12224945,177000000
FAL.AX,annual,2025-06-30,AUD,,-4856800,false,-4932673,,-18511,75873,177000000,177000000,87623,7826627,,7714880,177000000
FBU.AX,annual,2022-06-30,NZD,,,false,,,,,,,,,,15000000,
FBU.AX,annual,2023-06-30,NZD,8469000000,799000000,false,441000000,,-445000000,358000000,853834138,807952361,3399000000,365000000,,27000000,798921910
FBU.AX,annual,2024-06-30,NZD,7683000000,460000000,false,123000000,,-402000000,337000000,807952361,807952361,3544000000,311000000,,11000000,799265032
FBU.AX,annual,2025-06-30,NZD,6994000000,36000000,false,-324000000,,-280000000,360000000,1013000000,1013000000,2669000000,139000000,,5000000,1070593940
FBU.AX,annual,2026-06-30,NZD,5994000000,613000000,false,297000000,,-288000000,316000000,1075000000,1075000000,2024000000,145000000,,3957000000,1072148547
FCL.AX,annual,2022-06-30,EUR,127247699,-6281569,false,-29398164,,-26819592,23116595,315974050,315974050,4559815,44311366,,169293652,638769574
FCL.AX,annual,2023-06-30,EUR,125036147,1696742,false,-23415174,,-27438828,25111916,319977055,319977055,4592320,25516941,,147144212,640851350
FCL.AX,annual,2024-12-31,EUR,133222410,20584394,false,-6650723,,-29598235,27235117,338330651,338330651,3025798,19831239,,164498759,338499665
FCL.AX,annual,2025-12-31,EUR,138434565,30624440,false,1210196,,-28521127,29414244,339603843,339603843,2155405,27843713,,157534616,689663490
FDR.AX,annual,2022-06-30,AUD,,-4178726,false,-4178726,,,,99328767,99328767,,10699419,,1341250,157500000
FDR.AX,annual,2023-06-30,AUD,,-5491083,false,-5491083,,2348480,,157500000,157500000,50436,9431448,,238029,157500000
FDR.AX,annual,2024-06-30,AUD,,-4437502,false,-4437502,,,,157500000,157500000,115492,6344676,,-3091007,157500000
FDR.AX,annual,2025-06-30,AUD,,,false,,,,,256526378,256526378,,,,,
FDV.AX,annual,2021-12-31,USD,,,false,,,,,,,33387.21837,,,,
FDV.AX,annual,2022-12-31,USD,40246830.48,408656.1356,false,-7178246.051,,-3868141.557,7586902.186,378565406,378565406,1011709.321,18110712.68,,-1948131.897,379316247
FDV.AX,annual,2023-12-31,USD,46276341.14,-1855710.665,false,-7169808.827,,-4262076.06,5314098.162,416364152,416364152,787404.7882,10117211.03,,-3513260.843,433206332
FDV.AX,annual,2024-12-31,USD,42336663.64,-1041268.282,false,-5522088.598,,-3167827.206,4480820.316,433472888,433472888,711657.4221,6633211.248,,-3197568.65,433580197
FDV.AX,annual,2025-12-31,USD,36704179.05,-5009917.129,false,-11545692.43,,-1627731.143,6535775.297,434552227,434552227,582384.1272,6130956.971,,-3833295.178,435734768
FEX.AX,annual,2022-06-30,AUD,,,false,,,,,,,,,,,
FEX.AX,annual,2023-06-30,AUD,196849504,55210072,false,39900747,,-4108603,15309325,613274256,572253997,21367655,76328189,,124837216,634161920
FEX.AX,annual,2024-06-30,AUD,259203239,74838102,false,50430894,,-26245819,24407208,785911636,690931100,41919635,77118325,,166340303,694617920
FEX.AX,annual,2025-06-30,AUD,316093000,56886000,false,11974000,,-64349000,44912000,759859155,728118066,82925000,56820000,,177770000,741144534
FEX.AX,annual,2026-06-30,AUD,589727000,80824000,false,29845000,,-75785000,50979000,820263158,737022934,128802000,81024000,,-148000,764963014
FFM.AX,annual,2022-06-30,AUD,,-3453929,false,-3482612,,-20365978,28683,120085228,120085228,71259,13587703,,17512460,137820144
FFM.AX,annual,2023-06-30,AUD,,-3633010,false,-3885431,,-17310719,252421,143931295,143931295,1838765,6297931,,21934833,154189086
FFM.AX,annual,2024-06-30,AUD,,-21647000,false,-23000000,,-58667000,1353000,326680022,326680022,2003000,64770000,,21647000,480707962
FFM.AX,annual,2025-06-30,AUD,,-8072000,false,-9833000,,-63692000,1761000,545911052,545911052,1440000,99909000,,22242000,643069099
FHE.AX,annual,2021-12-31,AUD,,,false,,,,,,,,,,,
FHE.AX,annual,2022-12-31,AUD,,-6043039,false,-6119723,,-4006043,76684,259554260,259554260,175277,13455335,,3232900,292477893
FHE.AX,annual,2023-12-31,AUD,,2180751,false,2094393,,-7105690,86358,373373818,304024340,95355,11573748,,-722023,446049780
FHE.AX,annual,2024-12-31,AUD,,-17961760,false,-18056760,,-10258992,95000,468580787,468580787,57721,14334978,,-716188,515062990
FHE.AX,annual,2025-12-31,AUD,,-5141168,false,-5156713,,-9769112,15545,515871687,515871687,,5587807,,-715734,546572215
FLC.AX,annual,2021-12-31,USD,,,false,,,,,,,30085000,,,,
FLC.AX,annual,2022-12-31,USD,119088000,-10370000,false,-12009000,,-445000,1639000,729855304,729855304,35305000,30936000,,-1994000,820612939
FLC.AX,annual,2023-12-31,USD,70037000,-8874000,false,-10666000,,-1758000,1792000,704123094,704123094,19310000,24635000,,-1966000,1076184716
FLC.AX,annual,2024-12-31,USD,51495000,-17053000,false,-18816000,,-1691000,1763000,1078660717,1078660717,21446000,8945000,,-2218000,1080966412
FLC.AX,annual,2025-12-31,USD,78414000,-4528000,false,-6012000,,-1228000,1484000,1092225174,1092225174,19313000,16640000,,-2078000,1141818593
FLT.AX,annual,2022-06-30,AUD,,,false,,,,,,,,,,,
FLT.AX,annual,2023-06-30,AUD,2280782000,290052000,false,147959000,,-92031000,142093000,210937778,205165141,1358733000,1351494000,,1409000,218075659
FLT.AX,annual,2024-06-30,AUD,2710748000,449143000,false,289817000,,-95604000,159326000,278163347,219190058,988152000,1157658000,,923000,218446295
FLT.AX,annual,2025-06-30,AUD,2783944000,415880000,false,266490000,,-102656000,149390000,223446939,220602679,884111000,834211000,,-622000,217822659
FLT.AX,annual,2026-06-30,AUD,2854861000,437892000,false,276534000,,-94643000,161358000,214638849,210358398,1234854000,824755000,,3415000,206156256
FMG.AX,annual,2022-06-30,USD,,,false,,,,,,,,,,,
FMG.AX,annual,2023-06-30,USD,1.678e+10,8677000000,false,6933000000,,-2901000000,1744000000,3081567116,3075997351,5321000000,4287000000,,9000000,3078964918
FMG.AX,annual,2024-06-30,USD,1.8109e+10,1.0517e+10,false,8373000000,,-2834000000,2144000000,3081887202,3075951886,5400000000,4903000000,,-21000000,3078964918
FMG.AX,annual,2025-06-30,USD,1.542e+10,7559000000,false,5053000000,,-3238000000,2506000000,3074807097,3074807097,5439000000,4328000000,,-28000000,3078964918
FMG.AX,annual,2026-06-30,USD,1.6835e+10,7279000000,false,4407000000,,-3282000000,2872000000,3082706767,3076300671,5931000000,5074000000,,-38000000,3078964918
FML.AX,annual,2021-12-31,AUD,,,false,,,,,,,20000000,,,,
FML.AX,annual,2022-12-31,AUD,16545000,-1236000,false,-2119000,,-19403000,883000,286558645,286558645,35571000,18898000,,95417000,286558645
FML.AX,annual,2023-12-31,AUD,33080000,1925000,false,-303000,,-83501000,2228000,286558645,286558645,98436000,1198000,,92620000,286558645
FML.AX,annual,2024-12-31,AUD,115141000,26936000,false,13709000,,-62787000,13227000,286558645,286558645,160137000,16500000,,95626000,286558645
FML.AX,annual,2025-12-31,AUD,301263000,135578000,false,88131000,,-80061000,47447000,286558645,286558645,4475000,129812000,,368075000,286558645
FPH.AX,annual,2022-03-31,NZD,,,false,,,,,,,63000000,,,,
FPH.AX,annual,2023-03-31,NZD,1588600000,433700000,false,334700000,,-211300000,99000000,582093023,578140116,145800000,121000000,,1753400000,579219294
FPH.AX,annual,2024-03-31,NZD,1758100000,368200000,false,253900000,,-339000000,114300000,586725664,581972373,189100000,82000000,,1759100000,583963682
FPH.AX,annual,2025-03-31,NZD,1280300000,654300000,false,514400000,,-103000000,139900000,590297340,585543359,153300000,264500000,,1890400000,583544510
FPH.AX,annual,2026-03-31,NZD,2308400000,800400000,false,641800000,,-195200000,158600000,590794451,586929183,146100000,461100000,,2115400000,587276425
FPH.AX,quarterly,2025-03-31,NZD,1280300000,654300000,false,514400000,,-103000000,139900000,590297340,585543359,153300000,264500000,,1890400000,583544510
FPR.AX,annual,2021-09-30,AUD,,,false,,,,,,,,,,,
FPR.AX,annual,2022-09-30,AUD,608615000,328339000,false,153687000,,-482113000,174652000,296887931,287700359,1197688000,238233000,,620638000,277578176
FPR.AX,annual,2023-09-30,AUD,595077000,306205000,false,121639000,,-19549000,184566000,270973244,264175536,1384337000,247092000,,635684000,247676169
FPR.AX,annual,2024-09-30,AUD,657964000,323493000,false,116795000,,-18549000,206698000,243365625,240352856,1662184000,91298000,,622932000,232536677
FPR.AX,annual,2025-09-30,AUD,670035000,336275000,false,112923000,,-12713000,223352000,227598187,224440665,1828558000,308560000,,632294000,213818505
FRI.AX,annual,2022-06-30,AUD,,,false,,,,,,,,,,,
FRI.AX,annual,2023-06-30,AUD,31805000,6486000,false,6187000,,-206000,299000,272123142,272123142,177140000,18176000,,240072000,272123142
FRI.AX,annual,2024-06-30,AUD,186142000,27491000,false,27207000,,-168000,284000,272123142,272123142,388766000,220138000,,256499000,272123142
FRI.AX,annual,2025-06-30,AUD,282534000,23326000,false,23059000,,-39000,267000,272123142,272123142,50333000,36384000,,249104000,272123142
FRI.AX,annual,2026-06-30,AUD,204319000,30105000,false,29865000,,-173000,240000,272123142,272123142,13870000,50654000,,257118000,272123142
FRS.AX,annual,2022-06-30,AUD,,-2079487,false,-2116121,,-2386905,36634,42059173,42059173,,1586230,,6797601,42811304
FRS.AX,annual,2023-06-30,AUD,,-1596722,false,-1667610,,-2564948,70888,62595444,62595444,,2117054,,9350362,93251039
FRS.AX,annual,2024-06-30,AUD,,-5899577,false,-5930495,,-1950047,30918,136741533,136741533,,459039,,6110585,161785777
FRS.AX,annual,2025-06-30,AUD,,,false,,,,,225065569,225065569,,,,,
FRW.AX,annual,2022-06-30,NZD,,,false,,,,,,,,,,,
FRW.AX,annual,2023-06-30,NZD,1121620000,202261000,false,121340000,,-37251000,80921000,174525000,174525000,655467000,44485000,,388000,177431358
FRW.AX,annual,2024-06-30,NZD,1209151000,229107000,false,136358000,,-31437000,92749000,178366000,178366000,648741000,35653000,,404000,178707397
FRW.AX,annual,2025-06-30,NZD,1289559000,232004000,false,129509000,,-29544000,102495000,179190583,178766000,632170000,43261000,,427000,178789356
FRW.AX,annual,2026-06-30,NZD,1463645000,261583000,false,150676000,,-33948000,110907000,179561303,178919000,697887000,32904000,,444000,178994863
FTI.AX,annual,2022-06-30,AUD,4896569,-9690474,false,-10299612,,-716562,609138,5366609,5366609,693237,3754467,,5285387,5919611
FTI.AX,annual,2023-06-30,AUD,6931554,-8179921,false,-8839184,,-21544,659263,9024484,9024484,264942,301785,,3253668,12393814
FTI.AX,annual,2024-06-30,AUD,5102224,-6334520,false,-6804065,,-13120,469545,13478695,13478695,,3366636,,2929831,50025780
FTI.AX,annual,2025-06-30,AUD,4327710,-1781903,false,-1844614,,-4070,62711,146687460,146687460,,3034930,,4498152,146687460
FWD.AX,annual,2022-06-30,AUD,,,false,,,,,,,19000,,,,
FWD.AX,annual,2023-06-30,AUD,409335000,20232000,false,3398000,,-7818000,16834000,94284579,94284579,25345000,46578000,,165634000,94284579
FWD.AX,annual,2024-06-30,AUD,416356000,23909000,false,7376000,,-12781000,16533000,94277330,94277330,18652000,39330000,,165241000,94137579
FWD.AX,annual,2025-06-30,AUD,503083000,43941000,false,25566000,,-6926000,18375000,96423841,93697074,17258000,51024000,,165765000,92334233
FWD.AX,annual,2026-06-30,AUD,471470000,21511000,false,4229000,,-7462000,17282000,92321173,92321173,13607000,61479000,,142230000,90081099
FXG.AX,annual,2022-06-30,AUD,,-2144921,false,-2154783,,-5761782,9862,142650000,142650000,,6926189,,17798918,171675113
FXG.AX,annual,2023-06-30,AUD,,-2212917,false,-2223599,,-6766401,10682,176683387,176683387,,1258410,,18706864,199815000
FXG.AX,annual,2024-06-30,AUD,,-1551439,false,-1562136,,-2114431,10697,209038748,209038748,730000,1602733,,19804747,250428983
G50.AX,annual,2022-06-30,AUD,,-2027112,false,-2035714,,-3164594,8602,91543956,91543956,,5509125,,10876023,95500000
G50.AX,annual,2023-06-30,AUD,,-2368327,false,-2410369,,-3291279,42042,96639560,96639560,447722,689413,,9460165,96925000
G50.AX,annual,2024-06-30,AUD,,-1763081,false,-1868915,,-593976,105834,119910000,119910000,363787,1404443,,10525331,119910000
G6M.AX,annual,2022-06-30,AUD,,-13214752,false,-13631492,,-34135788,416740,5531018,5531018,12640019,4529465,,23873972,6307547
G6M.AX,annual,2023-06-30,AUD,,-17900982,false,-21322132,,-56249503,3421150,7230640,7230640,49011633,9032167,,70968334,9726268
G6M.AX,annual,2024-06-30,AUD,12383000,-113958000,false,-126832000,,-4484000,12874000,10025903,10025903,71708000,809000,,-57408000,10040228
GBM.AX,annual,2022-06-30,AUD,3332817,-273859,false,-627941,,-14279580,354082,495181256,495181256,249087,836149,,38444705,522928466
GBM.AX,annual,2023-06-30,AUD,1626372,-254574,false,-1153815,,-8128722,899241,566089672,566089672,7490373,1901042,,40355434,615960932
GBM.AX,annual,2024-06-30,AUD,,-2121539,false,-2276777,,-3387435,155238,,,6023043,1600808,,39392613,1156688889
GBR.AX,annual,2022-06-30,AUD,,-3199415,false,-3277650,,-7438773,78235,374203980,374203980,150626,9078113,,4582630,425509629
GBR.AX,annual,2023-06-30,AUD,,-3445932,false,-3559871,,-8531399,113939,441223665,441223665,109420,4937271,,5076981,504256998
GBR.AX,annual,2024-06-30,AUD,,-15325704,false,-15428042,,-5371381,102338,559646971,559646971,170660,2927558,,21453780,606256130
GBR.AX,annual,2025-06-30,AUD,,,false,,,,,706368063,706368063,,,,,
GDF.AX,annual,2022-06-30,AUD,,,false,,,,,223415965,223415965,130000,,,,
GDF.AX,annual,2023-06-30,AUD,31556000,1644000,false,1494000,,,150000,223580323,223580323,224269000,13164000,,408369000,227235712
GDF.AX,annual,2024-06-30,AUD,30695000,-35807000,false,-35943000,,,136000,221474189,221474189,216900000,17002000,,342557000,218316369
GDF.AX,annual,2025-06-30,AUD,25233000,2119000,false,1978000,,,141000,216801897,216801897,269682000,24136000,,322163000,216801897
GDF.AX,annual,2026-06-30,AUD,20063000,31289000,false,31149000,,,140000,,,161517000,18280000,,329947000,200684899
GDI.AX,annual,2022-06-30,AUD,44202000,73473000,false,73449000,,-15169000,24000,538719530,538719530,246780000,12570000,,1365101000,538719530
GDI.AX,annual,2023-06-30,AUD,62532000,32474000,false,32459000,,-21459000,15000,652411576,532419922,689770000,8228000,,79892000,531592363
GDI.AX,annual,2024-06-30,AUD,69060000,14079000,false,13948000,,-31168000,131000,535604859,535604859,387557000,17014000,,77589000,536407358
GDI.AX,annual,2025-06-30,AUD,,,false,,,,,537275046,537275046,,,,,
GEM.AX,annual,2021-12-31,AUD,,,false,,,,,,,,,,,
GEM.AX,annual,2022-12-31,AUD,901286000,162820000,false,67534000,,-59607000,95286000,837665904,834742833,713555000,37826000,,883363000,813837307
GEM.AX,annual,2023-12-31,AUD,983438000,195566000,false,92580000,,-44524000,102986000,813584906,809677944,778135000,40253000,,905503000,809506134
GEM.AX,annual,2024-12-31,AUD,1015268000,213621000,false,109046000,,-32516000,104575000,811606715,807431606,783994000,47679000,,916313000,795947151
GEM.AX,annual,2025-12-31,AUD,946842000,-169093000,false,-275570000,,-51669000,106477000,772942191,772942191,819079000,38086000,,525680000,757526162
GG8.AX,annual,2022-06-30,AUD,,-6890496,false,-6925271,,-8013208,34775,111636301,111636301,,2360814,,10867405,128728379
GG8.AX,annual,2023-06-30,AUD,,-5849547,false,-5941292,,-3516203,91745,134504227,134504227,,418163,,6689266,141421974
GG8.AX,annual,2024-06-30,AUD,,-3490591,false,-3490591,,-1863213,,166701320,166701320,,287071,,5029129,168858206
GG8.AX,annual,2025-06-30,AUD,,,false,,,,,456997032,456997032,,,,,
GG8.AX,annual,2026-06-30,AUD,,-3756709,false,-3853040,,-34178820,96331,,,82391,19762181,,119689645,732653065
GGM.AX,annual,2022-06-30,AUD,,-4145404,false,-4146839,,-2748909,1435,164752306,164752306,,2182230,,6202883,166664590
GGM.AX,annual,2023-06-30,AUD,,-6490938,false,-6494281,,-2111298,3343,173532686,173532686,,816540,,7067337,188604590
GGM.AX,annual,2024-06-30,AUD,,-2686815,false,-2686815,,-1310126,,189055704,189055704,1300000,628398,,6510186,195920557
GGM.AX,annual,2025-06-30,AUD,,,false,,,,,198975664,198975664,,,,,
GGP.AX,annual,2022-06-30,AUD,,-8266450,true,-8437450,-5961000,-20543000,171000,4097373291,4016373291,43103000,,,,4070547171
GGP.AX,annual,2023-06-30,AUD,0,-40049598.45,false,-40049598.45,-11467000,-53216537.52,224000,670618774,670618774,41915000,31149000,,0,670618774
GGP.AX,annual,2024-06-30,AUD,0,-26766260.18,false,-26766260.18,-12199000,-26314005.94,162000,670618774,670618774,41802000,4808000,,0,670618774
GGP.AX,annual,2025-06-30,AUD,957367000,487921000,false,447114000,,-181812000,40807000,,,31569000,574663000,,1340111000,
GGP.AX,annual,2026-06-30,AUD,2259372000,1388836000,false,1244562000,,-454875000,144274000,686432893,671271021,22184000,1288938000,,2226224000,672565333
GHM.AX,annual,2021-12-31,AUD,0,-1159939,false,-1159939,-757821,-1393268,,24972323,24972323,450141,192114,,2880314,24972323
GHM.AX,annual,2022-12-31,AUD,0,-1056356,false,-1056356,-430491,-652074,0,106716543,26679135,313797,127323,,3027551,27932534
GHM.AX,annual,2023-12-31,AUD,4059767,-938124,false,-939898,236585,-718671,1774,34395545,34395545,,1933580,,8440561,39886821
GHY.AX,annual,2023-06-30,AUD,,-3204858,false,-3259078,,-4400113,54220,107952820,107952820,108632,5243380,,23128419,140000000
GHY.AX,annual,2024-06-30,AUD,,-1799792,false,-1852963,,-12769087,53171,150840820,150840820,110412,4724629,,35486114,159740000
GHY.AX,annual,2025-06-30,AUD,,-2143063,false,-2206991,,-1362204,63928,159740000,159740000,129549,11484796,,33363249,159740000
GL1.AX,annual,2022-06-30,AUD,,-4295424,false,-4321435,,-7511689,26011,164369814,164369814,190157,32926736,,58048409,201130699
GL1.AX,annual,2023-06-30,AUD,136044,-6283642,false,-6365517,,-64305916,81875,237519342,237519342,1028072,61952063,,171429255,259051533
GL1.AX,annual,2024-06-30,AUD,588861,-3998181,false,-4367005,,-205224,368824,260070659,260070659,823657,51615842,,166278971,260265299
GLB.AX,annual,2022-06-30,AUD,274463000,30245000,false,26978000,,-14815000,3267000,41463818,41463818,31192000,14861000,,76066000,41463818
GLB.AX,annual,2023-06-30,AUD,234341000,7599000,false,4009000,,-1717000,3590000,41463818,41463818,24490000,10635000,,71109000,41463818
GLB.AX,annual,2024-06-30,AUD,222317000,20420000,false,16731000,,-945000,3689000,41463818,41463818,18899000,22117000,,76285000,41463818
GLF.AX,annual,2022-12-31,AUD,137700000,77200000,false,72500000,,-7000000,4700000,380288462,380288462,,,,0,380288462
GLF.AX,annual,2023-12-31,AUD,242100000,89200000,false,83900000,,-8900000,5300000,380288462,380288462,,,,0,380288462
GLF.AX,annual,2024-12-31,AUD,266300000,96300000,false,91000000,,-4200000,5300000,380288462,380288462,373500000,55600000,,731300000,380288462
GLF.AX,annual,2025-12-31,AUD,280728000,79377000,false,74221000,,-536000,5156000,286933615,286933615,475242000,9365000,,803293000,380288462
GLN.AX,annual,2022-06-30,AUD,,-4925425,false,-4940792,,-9735896,15367,292912946,292912946,,53894847,,86860372,312204473
GLN.AX,annual,2023-06-30,AUD,,-8253635,false,-8426540,,-34426141,172905,316131756,316131756,749427,45150542,,116448409,345554261
GLN.AX,annual,2024-06-30,AUD,,-9015141,false,-9270314,,-74748326,255173,386319455,386319455,605717,4334457,,159842363,486096405
GMD.AX,annual,2022-06-30,AUD,,,false,,,,,,,,,,,
GMD.AX,annual,2023-06-30,AUD,76963000,-115072000,false,-115700000,,-9137000,628000,378135183,378135183,11351000,181538000,,13589000,1028802175
GMD.AX,annual,2024-06-30,AUD,438593000,119436000,false,45173000,,-164555000,74263000,1130497981,1085089796,45203000,171290000,,991381000,1121933336
GMD.AX,annual,2025-06-30,AUD,920141000,463329000,false,326054000,,-183059000,137275000,1129581205,1090958995,200887000,239532000,,1253535000,1130347900
GMD.AX,annual,2026-06-30,AUD,1742346000,963611000,false,796385000,,-326793000,167226000,1129011257,1100773402,302843000,488335000,,2077627000,1170350452
GML.AX,annual,2022-06-30,AUD,,-1315289,false,-1372195,,-4390217,56906,21365380,21365380,90120,3729835,,24441269,22601063
GML.AX,annual,2023-06-30,AUD,,-1224578,false,-1296077,,-3980538,71499,243465343,243465343,46412,1411696,,25255700,266333543
GML.AX,annual,2024-06-30,AUD,,-1623487,false,-1685865,,-2170613,62378,318204522,318204522,120567,1402795,,26243073,395459425
GML.AX,annual,2025-06-30,AUD,,,false,,,,,497191020,402560819,,,,,
GNC.AX,annual,2021-09-30,AUD,,,false,,,,,229489292,,,,,,
GNC.AX,annual,2022-09-30,AUD,7854000000,704900000,false,587600000,,-80800000,117300000,228331333,226896901,1103800000,322400000,,1452700000,222883102
GNC.AX,annual,2023-09-30,AUD,8214100000,561100000,false,444200000,,-66300000,116900000,224954955,223459389,1206600000,609200000,,1591800000,224336997
GNC.AX,annual,2024-09-30,AUD,6490500000,252100000,false,153900000,,-54700000,98200000,,223508382,940000000,596500000,,1502700000,221187796
GNC.AX,annual,2025-09-30,AUD,7286800000,270100000,false,149900000,,-72400000,120200000,221666667,219775519,833900000,511300000,,1401600000,216527494
GNE.AX,annual,2022-06-30,NZD,,,false,,,,,,,,,,,
GNE.AX,annual,2023-06-30,NZD,2382800000,602100000,false,347300000,,-88100000,254800000,1072631062,1072631062,1366700000,60100000,,2406000000,1081258393
GNE.AX,annual,2024-06-30,NZD,3026600000,506600000,false,269600000,,-151700000,237000000,1089479733,1089479733,1450700000,192800000,,2678000000,1098817550
GNE.AX,annual,2025-06-30,NZD,3714500000,540900000,false,301800000,,-135100000,239100000,1107444882,1107444882,1489800000,81000000,,2975900000,1117087194
GNE.AX,annual,2026-06-30,NZD,2817300000,430900000,false,183400000,,-280800000,247500000,1164100000,1164100000,1138500000,145100000,,2988400000,1308800000
GNG.AX,annual,2022-06-30,AUD,,,false,,,,,,,4258677,,,,
GNG.AX,annual,2023-06-30,AUD,551361115,40139635,false,34151271,,-3411124,5988364,167323372,161565197,7232512,86022143,,59731891,161567252
GNG.AX,annual,2024-06-30,AUD,424064189,50015165,false,43210012,,-4826658,6805153,169640272,164837350,9152193,74645675,,66326523,166908472
GNG.AX,annual,2025-06-30,AUD,479020483,55442250,false,47532163,,-2366599,7910087,172249204,167166143,9176900,70959192,,68847800,167353472
GNG.AX,annual,2026-06-30,AUD,493163782,61476587,false,53929437,,-3241502,7547150,172177772,168961497,10158121,87936702,,76596548,170288366
GNP.AX,annual,2022-06-30,AUD,,,false,,,,,,,,,,,
GNP.AX,annual,2023-06-30,AUD,444394154,32497932,false,17284741,,-5697192,15213191,177277319,177277319,27729653,46737238,,104976133,177724948
GNP.AX,annual,2024-06-30,AUD,551189613,43113825,false,28259574,,-13933408,14854251,180864207,177724948,29252925,100966681,,121166442,177724948
GNP.AX,annual,2025-06-30,AUD,751265713,67186072,false,53300765,,-13116960,13885307,182597956,179127345,51738074,160819159,,159779069,180185885
GNP.AX,annual,2026-06-30,AUD,1281072620,99204696,false,77048944,,-21411289,22155752,187544759,183267675,96195899,476049940,,398108060,203147255
GPR.AX,annual,2021-12-31,AUD,,,false,,,,,544641349,544641349,613988,67470477,,141367250,584539436
GPR.AX,annual,2022-12-31,AUD,,-70830516,false,-71118984,,-39550456,288468,584773830,584773830,53946,5738772,,78505482,586359727
GPR.AX,annual,2023-12-31,AUD,,-9937168,false,-10499213,,-4037451,562045,751418424,751418424,3691008,2145015,,69101797,847058656
GPR.AX,annual,2024-12-31,AUD,,-11568640,false,-12250651,,-3138091,682011,,,,,,,
GPR.AX,annual,2025-12-31,AUD,,-4448409,false,-4783563,,-12920670,335154,,,77890,9630616,,92901341,3205795329
GRR.AX,annual,2021-12-31,AUD,,,false,,,,,,,,,,,
GRR.AX,annual,2022-12-31,AUD,594555000,276684000,false,251221000,,-224579000,25463000,1157338698,1157338698,6482000,108411000,,904126000,1157338698
GRR.AX,annual,2023-12-31,AUD,614744000,274530000,false,219056000,,-258192000,55474000,1158209877,1157338698,2215000,109706000,,1031326000,1157338698
GRR.AX,annual,2024-12-31,AUD,520805000,132807000,false,84250000,,-199787000,48557000,1161686508,1157338698,1323000,71772000,,1061261000,1157338698
GRR.AX,annual,2025-12-31,AUD,477854000,117046000,false,70219000,,-154429000,46827000,1162094763,1157338698,176000,94549000,,1108155000,1157338698
GRX.AX,annual,2022-06-30,AUD,261543,-4513399,false,-4513399,,-2065965,,240247672,240247672,854074,6106847,,11812416,253620464
GRX.AX,annual,2023-06-30,AUD,313149,-3471930,false,-3471930,,-2250468,,257817404,257817404,582340,8674728,,0,272878939
GRX.AX,annual,2024-06-30,AUD,451134,-4139117,false,-4139117,,-1631847,,273382132,,302580,7170793,,1862,278901032
GRX.AX,annual,2025-06-30,AUD,244867,-3223901,false,-3223901,,-787493,,280527231,280527231,0,6826337,,-5618,287083089
GRX.AX,quarterly,2024-12-31,AUD,,,false,,,-120000,,,,162323,4831121,,-3404,
GRX.AX,quarterly,2025-12-31,AUD,,,false,,,-478655,,,,729881,2185065,,-113062,293369335
GRX.AX,quarterly,2026-03-31,AUD,,,false,,,-24345,,,,,,,,
GTK.AX,annual,2021-09-30,NZD,,,false,,,,,,,,,,,
GTK.AX,annual,2022-09-30,NZD,126299000,7887000,false,-2806000,,-986000,10693000,99840000,99840000,13082000,27387000,,159908000,100480000
GTK.AX,annual,2023-09-30,NZD,169884000,23868000,false,15417000,,-1958000,8451000,99983000,99983000,17305000,49186000,,181416000,101798000
GTK.AX,annual,2024-09-30,NZD,213242000,23998000,false,15005000,,-1087000,8993000,103112000,103112000,17155000,66679000,,207803000,103490000
GTK.AX,annual,2025-09-30,NZD,230194000,30052000,false,20503000,,-1743000,9549000,109842105,107026000,16276000,84816000,,244193000,107722000
GWA.AX,annual,2022-06-30,AUD,418717000,77296000,false,57268000,,-2408000,20028000,,,229297000,31440000,,303826000,265205000
GWA.AX,annual,2023-06-30,AUD,411840000,86215000,false,67567000,,-2220000,18648000,268043478,265205000,212565000,43443000,,305540000,265205000
GWA.AX,annual,2024-06-30,AUD,413492000,83419000,false,63980000,,-2978000,19439000,268270833,265205000,182813000,42008000,,304591000,265205000
GWA.AX,annual,2025-06-30,AUD,,,false,,,,,267765432,265205000,,,,,
GWA.AX,annual,2026-06-30,AUD,,,false,,,,,262196721,261367000,,,,,
GYG.AX,annual,2022-06-30,AUD,,,false,,,,,,,,,,,
GYG.AX,annual,2023-06-30,AUD,259000000,34200000,false,8700000,,-42600000,25500000,101352914,101352914,,,,0,101352914
GYG.AX,annual,2024-06-30,AUD,364760000,19892000,false,-11231000,,-33559000,31123000,85568408,85568408,239498000,294480000,,353979000,101352914
GYG.AX,annual,2025-06-30,AUD,464612000,69022000,false,29341000,,-61363000,39681000,105664234,101509607,331311000,281743000,,380124000,102860548
GYG.AX,annual,2026-06-30,AUD,551753000,96824000,false,60102000,,-57016000,36722000,100539694,100539694,441732000,170520000,,244424000,101654664
HAV.AX,annual,2022-07-31,AUD,,-2798255,false,-2908838,,-2409051,110583,309416125,309416125,104084,1610201,,43007937,316639210
HAV.AX,annual,2023-07-31,AUD,,3147861,false,2945869,,-1821238,201992,318642826,316638005,171937,3650548,,46237640,316639210
HAV.AX,annual,2024-07-31,AUD,,5830769,false,5594582,,-3427231,236187,316639210,316639210,141186,1161953,,51917477,316639210
HAV.AX,annual,2025-07-31,AUD,,-3044543,false,-3271863,,-5446443,227320,,,109024,541332,,53550161,339256296
HCH.AX,annual,2022-06-30,AUD,,-4776797,false,-4866831,,-48882367,90034,95854266,95854266,330848,23721808,,18848770,119961168
HCH.AX,annual,2023-06-30,AUD,,-5245734,false,-5376432,,-15495974,130698,119961168,119961168,333608,2948964,,19309663,119961168
HCH.AX,annual,2024-06-30,AUD,,-7586695,false,-7742942,,-14738536,156247,124098909,124098909,554602,33741518,,19648425,151998964
HCH.AX,annual,2025-06-30,AUD,,-11356124,false,-11534999,,-23993752,178875,152119490,152119490,415299,5189090,,21850807,152261191
HLO.AX,annual,2022-06-30,AUD,,,false,,,,,,,,,,,
HLO.AX,annual,2023-06-30,AUD,42903000,-85209000,false,-103232000,,-3440000,18023000,155027845,155027845,22144000,160888000,,455000,155027845
HLO.AX,annual,2024-06-30,AUD,42930000,-129328000,false,-148126000,,-2827000,18798000,159595653,159595653,22197000,161877000,,580000,160979622
HLO.AX,annual,2025-06-30,AUD,26198000,-116790000,false,-130494000,,-4516000,13704000,162280921,162280921,10824000,79405000,,384000,163326530
HLO.AX,annual,2026-06-30,AUD,201771000,29516000,false,11788000,,-3961000,17728000,163542641,163542641,44231000,84799000,,267000,163680166
HLS.AX,annual,2022-06-30,AUD,2336200000,710900000,false,432400000,,-93500000,278500000,,,1779000000,81300000,,1921600000,614972749
HLS.AX,annual,2023-06-30,AUD,1706900000,-91500000,false,-368700000,,-76100000,277200000,615565890,615613427,1766000000,115300000,,1506200000,615320638
HLS.AX,annual,2024-06-30,AUD,1746200000,-338900000,false,-620100000,,-64000000,281200000,659800000,659760000,1597900000,60100000,,1040700000,726101000
HLS.AX,annual,2025-06-30,AUD,1344200000,-341500000,false,-565800000,,-65900000,224300000,726100000,726100000,911800000,57200000,,587900000,726133000
HLS.AX,annual,2026-06-30,AUD,,,false,,,,,726137000,726137000,,,,,
HMX.AX,annual,2022-06-30,AUD,,-593042,false,-635500,,-4926844,42458,814035632,814035632,233937,5193673,,26747267,815394623
HMX.AX,annual,2023-06-30,AUD,,-1177582,false,-1278167,,-3715779,100585,824347048,824347048,164593,4357140,,29073115,879740682
HMX.AX,annual,2024-06-30,AUD,,6380523,false,6282594,,-3157246,97929,886037586,886037586,177588,5348004,,35899295,886407349
HMX.AX,annual,2025-06-30,AUD,,-2818990,false,-2911295,,-3456506,92305,,,141289,2583350,,33369648,887758700
HMX.AX,annual,2026-06-30,AUD,,,false,,,,,891690207,891690207,,,,,
HPG.AX,annual,2022-06-30,AUD,60657000,9394000,false,-1045000,,-13150000,10439000,131005489,131005489,13850000,10907000,,37098000,131005489
HPG.AX,annual,2023-06-30,AUD,65893000,8871000,false,-5483000,,-15948000,14354000,131179237,131179237,11712000,8540000,,34200000,133110322
HPG.AX,annual,2024-06-30,AUD,75312000,20138000,false,3259000,,-14727000,16879000,138100775,133259473,9697000,20116000,,38758000,134045376
HPG.AX,annual,2025-06-30,AUD,,,false,,,,,135795455,133385433,,,,,
HRN.AX,annual,2022-06-30,AUD,,-285000,false,-324000,,-5563000,39000,109990294,109990294,40000,211000,,30468000,126260577
HRN.AX,annual,2023-06-30,AUD,,-1709000,false,-1748000,,-5264000,39000,127515810,127515810,41000,238000,,28805000,127767683
HRN.AX,annual,2024-06-30,AUD,,-1097000,false,-1138000,,-1832000,41000,139262353,139262353,,219000,,31956000,146658801
HRN.AX,annual,2025-06-30,AUD,,,false,,,,,146658801,146658801,,,,,146658801
HSN.AX,annual,2022-06-30,AUD,,,false,,,,,,,,,,,
HSN.AX,annual,2023-06-30,AUD,311766000,102740000,false,58440000,,-25897000,44300000,205745192,202410396,69306000,54279000,,338880000,201941212
HSN.AX,annual,2024-06-30,AUD,353106000,83942000,false,34470000,,-20521000,49472000,204504854,203197909,89350000,46021000,,337145000,203050749
HSN.AX,annual,2025-06-30,AUD,392486000,110126000,false,57684000,,-23626000,52442000,206304762,203693976,83610000,48191000,,379950000,203378727
HSN.AX,annual,2026-06-30,AUD,386494000,122540000,false,65749000,,-15093000,56791000,206744589,204199976,88151000,54827000,,383741000,204525901
HVN.AX,annual,2022-06-30,AUD,,,false,,,,,,,,,,,
HVN.AX,annual,2023-06-30,AUD,3983684000,1080415000,false,817444000,,-187660000,262971000,1248022207,1246006654,2179107000,218750000,,35240000,1246006654
HVN.AX,annual,2024-06-30,AUD,3921859000,837257000,false,594583000,,-192158000,242674000,1248505136,1246006654,2279572000,273472000,,35726000,1246006654
HVN.AX,annual,2025-06-30,AUD,4121467000,1062569000,false,808236000,,-183558000,254333000,1248231325,1246006654,2293852000,279688000,,41503000,1246006654
HVN.AX,annual,2026-06-30,AUD,4313160000,1112100000,false,847377000,,-150503000,264723000,1247542493,1246006654,2585671000,298612000,,42998000,1246006654
HZN.AX,annual,2022-06-30,USD,,,false,,,-3000,,,,,,,,
HZN.AX,annual,2023-06-30,USD,150565000,61020000,false,60805000,,-30936000,215000,1648571429,1598627894,7912000,43591000,,95776000,1601442962
HZN.AX,annual,2024-06-30,USD,111604000,42296000,false,42119000,,-9696000,177000,1639240506,1617370026,25855000,52570000,,83243000,1623014645
HZN.AX,annual,2025-06-30,USD,104126000,22828000,false,22653000,,-15025000,175000,1626432235,1626432235,25655000,39782000,,65298000,1625301966
HZN.AX,annual,2026-06-30,USD,94337000,14484000,false,14341000,,-7457000,143000,1663906250,1628725163,47491000,37400000,,27238000,1627588503
HZR.AX,annual,2022-06-30,AUD,,,false,,,-11525,,162333854,162333854,3666097,,,,
HZR.AX,annual,2023-06-30,AUD,,-11723406,false,-11834664,,-4497509,111258,174301266,174301266,261262,9278322,,3939477,175009200
HZR.AX,annual,2024-06-30,AUD,,-18780518,false,-18895948,,-7497658,115430,205369909,205369909,222828,18049644,,13570549,230112506
HZR.AX,annual,2025-06-30,AUD,614239,-7447772,false,-7550420,,-1446195,102648,230944306,230944306,220003,12534265,,13711232,253326552
HZR.AX,annual,2026-06-30,AUD,19571,-10208759,false,-10316553,,-156651,107794,,,104423,10669237,,10351029,267847838
IDX.AX,annual,2022-06-30,AUD,,,false,,,,,,,5470000,,,,
IDX.AX,annual,2023-06-30,AUD,440099000,92484000,false,48998000,,-43995000,43486000,236226415,232718711,365076000,33855000,,373048000,233029358
IDX.AX,annual,2024-06-30,AUD,469697000,6733000,false,-40129000,,-23878000,46862000,233496534,233496534,357797000,42438000,,301707000,233915810
IDX.AX,annual,2025-06-30,AUD,627215000,87700000,false,31165000,,-59761000,56535000,306619056,306619056,585006000,52104000,,942000,372215519
IDX.AX,annual,2026-06-30,AUD,788619000,126590000,false,52474000,,-49641000,74116000,378155172,372850296,597096000,51286000,,5526000,372488315
IEL.AX,annual,2022-06-30,AUD,,,false,,,,,,,,,,,
IEL.AX,annual,2023-06-30,AUD,981916000,268155000,false,217682000,,-38946000,50473000,278755631,278336211,329564000,166626000,,274000,278336211
IEL.AX,annual,2024-06-30,AUD,1037246000,262590000,false,207146000,,-54166000,55444000,279001681,278336211,395660000,107622000,,808000,278336211
IEL.AX,annual,2025-06-30,AUD,882201000,149548000,false,88381000,,-60884000,61167000,279572864,278304087,394630000,121481000,,1316000,278389664
IEL.AX,annual,2026-06-30,AUD,795401000,124946000,false,59825000,,-32346000,65121000,280686499,278247691,333476000,135120000,,1379000,278434190
IFN.AX,annual,2024-06-30,AUD,,-1250000,true,-1308000,,-68000,58000,219891248,219891248,,,,0,219891248
IFN.AX,annual,2025-06-30,AUD,,-4904204,true,-5086513,,-258872,182309,52085401,52085401,431801,13413901,,143067343,135139072
IFT.AX,annual,2022-03-31,NZD,,,false,,,,,,,,,,,
IFT.AX,annual,2023-03-31,NZD,1191700000,900500000,false,792900000,,-164400000,107600000,724000000,724000000,3391800000,774500000,,1602600000,723983582
IFT.AX,annual,2024-03-31,NZD,2995200000,1911700000,false,1353100000,,-516600000,558600000,808900000,808900000,6857800000,236200000,,1548400000,832567631
IFT.AX,annual,2025-03-31,NZD,3346800000,862800000,false,254800000,,-598300000,608000000,935300000,935300000,7049300000,293700000,,1553700000,968086132
IFT.AX,annual,2026-03-31,NZD,2999100000,1194600000,false,614200000,,-550600000,580400000,985600000,985600000,7919100000,312600000,,851900000,999312470
IGL.AX,annual,2022-06-30,AUD,,,false,,,,,143336000,143336000,,,,,
IGL.AX,annual,2023-06-30,AUD,970212000,86816000,false,38110000,,-11367000,48706000,149972000,149972000,299922000,44860000,,193558000,152096028
IGL.AX,annual,2024-06-30,AUD,972821000,106836000,false,58030000,,-14743000,48806000,155084270,153682000,290931000,48760000,,194579000,153980641
IGL.AX,annual,2025-06-30,AUD,959245000,130385000,false,84472000,,-28029000,45913000,156214047,154563000,272444000,50073000,,212670000,154181938
IGL.AX,annual,2026-06-30,AUD,941772000,132428000,false,73998000,,-38337000,58430000,,,497666000,44093000,,217915000,152435244
IGO.AX,annual,2022-06-30,AUD,,,false,,,,,759990813,757267813,890000000,,,,
IGO.AX,annual,2023-06-30,AUD,1049900000,1007900000,false,720800000,,-338400000,287100000,759789678,757267813,432100000,775200000,,3790200000,757267813
IGO.AX,annual,2024-06-30,AUD,823200000,144800000,false,-77400000,,-198900000,222200000,757267813,757267813,48700000,468000000,,3215900000,757267813
IGO.AX,annual,2025-06-30,AUD,512500000,-811100000,false,-1037200000,,-5300000,226100000,757267813,757267813,31400000,279700000,,2092400000,757267813
IGO.AX,annual,2026-06-30,AUD,448900000,335100000,false,148600000,,-6100000,186500000,,,16800000,386500000,,2240200000,757267813
IKE.AX,annual,2022-03-31,NZD,,,false,,,,,148854956,148854956,,,,,
IKE.AX,annual,2023-03-31,NZD,30789000,-4608000,false,-7763000,,-5131000,3155000,159559589,159559589,14000,18048000,,33935000,159731745
IKE.AX,annual,2024-03-31,NZD,21104000,-16020000,false,-19118000,,-3828000,3098000,160056203,160056203,1333000,10242000,,20097000,160242975
IKE.AX,annual,2025-03-31,NZD,25155000,-12508000,false,-16180000,,-1241000,3672000,160603675,160603675,1023000,10282000,,4770000,161062692
IKE.AX,annual,2026-03-31,NZD,26549000,-9378000,false,-11222000,,-1944000,1844000,,,648000,11700000,,25568000,194116284
ILA.AX,annual,2022-06-30,AUD,,-2809005,false,-2809005,,,,87156187,87156187,,4787437,,4318143,87519888
ILA.AX,annual,2023-06-30,AUD,11065,-2821449,false,-2821449,,,,87519888,87519888,,1998263,,1785373,87519888
ILA.AX,annual,2024-06-30,AUD,1251575,-2818117,false,-2818117,,,,90295606,90295606,421968,1660377,,1518847,126767093
ILA.AX,annual,2025-06-30,AUD,,,false,,,,,173349397,173349397,,,,,
ILA.AX,annual,2026-06-30,AUD,282657,-10229514,false,-10334803,,-841703,105289,,,,12871155,,13458024,295916682
ILU.AX,annual,2021-12-31,AUD,,,false,,,,,,,,,,1400000,
ILU.AX,annual,2022-12-31,AUD,1611300000,880500000,false,736100000,,-152600000,144400000,422342323,422342323,62500000,521700000,,1894800000,424932151
ILU.AX,annual,2023-12-31,AUD,1291000000,647100000,false,479300000,,-281400000,167800000,429323308,425610795,163700000,364900000,,2158500000,426032302
ILU.AX,annual,2024-12-31,AUD,1170300000,527000000,false,334800000,,-433900000,192200000,431529851,427260625,291300000,136000000,,2360400000,428628861
ILU.AX,annual,2025-12-31,AUD,1015400000,-175800000,false,-408300000,,-862100000,232500000,428812233,428812233,1137500000,45700000,,2068800000,429703905
IMB.AX,annual,2022-06-30,AUD,,,false,,,,,54328940,54328940,,,,,
IMB.AX,annual,2023-06-30,AUD,32878000,747000,false,-6549000,,-1484000,7296000,131421950,131421950,30122000,5269000,,-1706000,188181145
IMB.AX,annual,2024-06-30,AUD,121796000,20362000,false,2669000,,-19434000,17693000,244302683,244302683,88979000,25546000,,128000,301809817
IMB.AX,annual,2025-06-30,AUD,174878000,25725000,false,3277000,,-10338000,22448000,334623810,334623810,95554000,23965000,,211000,355088266
IMB.AX,annual,2026-06-30,AUD,203656000,31308000,false,8173000,,-7978000,23135000,,,142193000,42678000,,52927000,411817621
IMD.AX,annual,2022-06-30,AUD,,,false,,,,,420558161,402741597,,,,,
IMD.AX,annual,2023-06-30,AUD,411398000,99829000,false,58641000,,-27155000,41188000,463509934,440417327,243854000,58128000,,556208000,505454641
IMD.AX,annual,2024-06-30,AUD,445284000,113060000,false,60012000,,-33509000,53048000,537296849,509799776,127653000,47132000,,571277000,510546432
IMD.AX,annual,2025-06-30,AUD,431395000,129192000,false,76510000,,-57396000,52682000,539491691,511838272,100315000,42510000,,629359000,511841821
IMD.AX,annual,2026-06-30,AUD,520086000,195320000,false,113304000,,-69334000,82016000,,,284471000,40770000,,683926000,511841821
IMR.AX,annual,2021-12-31,USD,,,false,,,,,135064873,135064873,,,,,
IMR.AX,annual,2022-12-31,USD,816011,-16465859,false,-17178350,,-238859,712491,150495068,150495068,4490007,5687816,,7510440,156280436
IMR.AX,annual,2023-12-31,USD,615568,-21870410,false,-22577955,,-82783,707545,161715078,161715078,10421014,831522,,-8753365,174423613
IMR.AX,annual,2024-12-31,USD,959424,-28924601,false,-29672766,,-77976,748165,223999081,223999081,21347879,15707739,,-7377033,270175766
IMR.AX,annual,2025-12-31,USD,292309,-24515678,false,-25314393,,-434287,798715,,,25965396,19502348,,11523304,320947028
ING.AX,annual,2022-06-30,AUD,2713100000,319200000,false,48600000,,-61900000,270600000,373007439,371500000,1802500000,131600000,,158200000,371679601
ING.AX,annual,2023-06-30,AUD,3044000000,420900000,false,152700000,,-71900000,268200000,372839506,371700000,1767300000,136300000,,201800000,371679601
ING.AX,annual,2024-06-30,AUD,3262000000,232000000,false,174500000,,-161700000,57500000,373161765,371700000,1597000000,110700000,,219600000,371679601
ING.AX,annual,2026-06-30,AUD,,,false,,,,,371700000,371700000,,,,,
INR.AX,annual,2022-06-30,USD,0,-8498000,false,-8498000,,-2751.637224,173000,2014426374,2014426374,255000,94177000,,203699000,2091299420
INR.AX,annual,2023-06-30,USD,0,-6381000,false,-6381000,,-601000,52000,2098194055,2098194055,212000,52709000,,197399000,2098818267
INR.AX,annual,2024-06-30,USD,0,-7823000,false,-7823000,,-2000,260000,2145062282,2145062282,1283000,35715000,,218221000,2325614708
INR.AX,annual,2025-06-30,USD,0,-9552000,false,-9552000,,0,,,,373000,25059000,,230298000,2608172516
INR.AX,quarterly,2025-03-31,USD,,,false,,,0,,,,,,,,
INR.AX,quarterly,2025-06-30,USD,,,false,,,0,,,,373000,25059000,,230298000,2608172516
INR.AX,quarterly,2025-12-31,USD,,,false,,,-9000,,,,,,,,
ION.AX,annual,2022-06-30,AUD,,-11398002,false,-11514018,,-371100,116016,,,50490,4560622,,11484209,213328756
ION.AX,annual,2023-06-30,AUD,,-7923246,false,-8042900,,-663188,119654,261188818,261188818,33523,4212502,,7660942,426285279
ION.AX,annual,2024-06-30,AUD,,-6050089,false,-6117399,,-201372,67310,491948817,491948817,19816,2759282,,4036080,604856599
ION.AX,annual,2025-06-30,AUD,,,false,,,,,899032571,899032571,,,,,
ION.AX,annual,2026-06-30,AUD,,,false,,,,,1245530374,1245530374,,,,,
IPG.AX,annual,2022-06-30,AUD,,,false,,,,,,,,,,,
IPG.AX,annual,2023-06-30,AUD,227095000,27766000,false,23398000,,-2157000,4368000,87285721,86726407,13815000,20757000,,72915000,86746450
IPG.AX,annual,2024-06-30,AUD,290472000,38224000,false,32406000,,-1790000,5818000,96813853,96039605,44704000,22284000,,150741000,103380078
IPG.AX,annual,2025-06-30,AUD,354894000,44585000,false,37336000,,-2242000,7249000,103912698,103615420,31546000,20855000,,163919000,103693582
IPG.AX,annual,2026-06-30,AUD,414478000,55579000,false,47323000,,-2742000,8256000,104297945,103870740,75568000,32199000,,181834000,103980121
IPH.AX,annual,2022-06-30,AUD,,,false,,,,,,,,,,,
IPH.AX,annual,2023-06-30,AUD,482865000,159164000,false,105813000,,-6892000,53351000,227017235,225496338,441285000,103267000,,577126000,234855739
IPH.AX,annual,2024-06-30,AUD,605600000,179600000,false,114600000,,-11000000,65000000,243785084,242421000,491800000,75500000,,634300000,247738121
IPH.AX,annual,2025-06-30,AUD,706200000,187100000,false,115000000,,-7900000,72100000,267496112,266160000,469700000,59000000,,699400000,260544352
IPH.AX,annual,2026-06-30,AUD,710400000,195000000,false,128200000,,-2900000,66800000,260869565,259867000,416100000,59800000,,622300000,256293158
IPX.AX,annual,2022-06-30,USD,0,-21475696,false,-21475696,-12134077,-2816467,153434,134609413,134609413,543030,5672551,,7419719,140288491
IPX.AX,annual,2023-06-30,USD,0,-17356616,false,-17356616,-15864394,-2705586,426534,168029357,168029357,975314,11937941,,20563228,193493973
IPX.AX,annual,2024-06-30,USD,0,-21720910,false,-21720910,-18607063,-8069652,645851,217842947,217842947,1490673,33157356,,51339595,257244759
IPX.AX,annual,2025-06-30,USD,,,false,,,,,296887872,296887872,,,,,
IPX.AX,quarterly,2024-12-31,USD,,,false,,,-8153858,,,,4191039,77125859,,105542403,315846248
IPX.AX,quarterly,2025-03-31,USD,,,false,,,-4562000,,,,,,,,
IPX.AX,quarterly,2025-12-31,USD,,,false,,,-6340310,,,,4458746,65826830,,108201890,336322679
IPX.AX,quarterly,2026-03-31,USD,,,false,,,-2788000,,,,,,,,
IRE.AX,annual,2021-12-31,AUD,,,false,,,,,,,,,,,
IRE.AX,annual,2022-12-31,AUD,617928000,119950000,false,79295000,,-27609000,40655000,188114286,184157000,462751000,63353000,,433813000,184582000
IRE.AX,annual,2023-12-31,AUD,625743000,-54276000,false,-105280000,,-19428000,51004000,179960000,179960000,422958000,43881000,,272009000,186789000
IRE.AX,annual,2024-12-31,AUD,600827000,153070000,false,106604000,,-21665000,46466000,191924242,184778000,234034000,66188000,,378105000,186789000
IRE.AX,annual,2025-12-31,AUD,556319000,143431000,false,115696000,,-40344000,27735000,194262255,185884000,164102000,55340000,,423101000,186789000
IVR.AX,annual,2022-06-30,AUD,,-4397426,false,-4409392,,-4261378,11966,1328055625,1328055625,141932,6221599,,28411574,1332313657
IVR.AX,annual,2023-06-30,AUD,,-2751248,false,-2768690,,-4586818,17442,1387427829,1387427829,92438,4497080,,30709638,1437170029
IVR.AX,annual,2024-06-30,AUD,,-2131425,false,-2158291,,-4199634,26866,1511967295,1511967295,120014,4529044,,33967095,1583879574
IVR.AX,annual,2025-06-30,AUD,,,false,,,,,1590692761,1590692761,,,,,
IVZ.AX,annual,2022-06-30,AUD,,-3468014,false,-3732018,,-14187462,264004,629692632,629692632,492096,13718461,,1035794,746732948
IVZ.AX,annual,2023-06-30,AUD,,-4636904,false,-4887287,,-48666035,250383,886755485,886755485,365063,22931927,,732819,1178116846
IVZ.AX,annual,2024-06-30,AUD,,-5047740,false,-5289650,,-47288144,241910,1320397067,1320397067,219158,3256044,,420357,1417895548
IVZ.AX,annual,2025-06-30,AUD,,-4714938,false,-4899947,,-7573217,185009,1544070441,1544070441,167693,8677024,,205789,1603481774
IXR.AX,annual,2022-06-30,AUD,,-4580699,false,-4641354,,-9147291,60655,116016978,116016978,34963,26759731,,48290028,129086830
IXR.AX,annual,2023-06-30,AUD,,-7960848,false,-8536658,,-2579986,575810,130488748,130488748,7319,11116649,,43698641,131536830
IXR.AX,annual,2024-06-30,AUD,,-18915807,false,-21200698,,-1359969,2284891,142069001,142069001,489346,2028820,,36511264,161043370
IXR.AX,annual,2025-06-30,AUD,,-10183835,false,-11335167,,-37660,1151332,169159941,169159941,1118386,595231,,29592136,175580858
JBH.AX,annual,2022-06-30,AUD,,,false,,,,,,,59400000,,,,
JBH.AX,annual,2023-06-30,AUD,9626400000,973800000,false,751500000,,-72000000,222300000,109769622,109300000,655100000,177300000,,1419600000,109333981
JBH.AX,annual,2024-06-30,AUD,9592400000,864400000,false,629200000,,-74500000,235200000,109790577,109300000,657400000,317700000,,1559100000,109333981
JBH.AX,annual,2025-06-30,AUD,1.05548e+10,925900000,false,670400000,,-82300000,255500000,109737286,109300000,714400000,284100000,,5200000,109333981
JBH.AX,annual,2026-06-30,AUD,1.1064e+10,976600000,false,702800000,,-87500000,273800000,109668465,109300000,705000000,206500000,,4800000,109333981
JGH.AX,annual,2021-12-31,AUD,,,false,,,,,859195985,859195985,326507,,,,
JGH.AX,annual,2022-12-31,AUD,25740,-3634986,false,-3958380,,-6846369,323394,1302391591,1302391591,497935,3365583,,-415551,1397403331
JGH.AX,annual,2023-12-31,AUD,,-4127257,false,-4694184,,-9956730,566927,1541207267,1541207267,1833464,2258540,,-727880,1576834171
JGH.AX,annual,2024-12-31,AUD,,-5181854,false,-5340430,,-7123437,158576,1587181662,1587181662,8097046,1601325,,-912485,1686834171
JGH.AX,annual,2025-12-31,AUD,,-3686998,false,-3806035,,-5627536,119037,,,11949423,1944188,,-1100036,1839177020
JHX.AX,annual,2022-03-31,USD,,,false,,,,,,,,,,,
JHX.AX,annual,2023-03-31,USD,3777100000,933100000,false,760500000,607600000,-599800000,172600000,445600000,445100000,1138200000,113000000,,1611400000,442056296
JHX.AX,annual,2024-03-31,USD,3936300000,955100000,false,770100000,914200000,-468800000,185000000,439600000,438400000,1201000000,365000000,,1858900000,433784634
JHX.AX,annual,2025-03-31,USD,3877500000,871900000,false,655700000,802800000,-443200000,216200000,432100000,430800000,1208000000,562700000,,2161500000,429818781
JHX.AX,annual,2026-03-31,USD,4835800000,931300000,false,437800000,589800000,-390000000,493500000,545500000,541800000,4785700000,269200000,,6425500000,580174308
JHX.AX,quarterly,2024-12-31,USD,,,false,,,,,430900000,429500000,,,,,
JHX.AX,quarterly,2025-03-31,USD,,,false,,,,,,,9400000,,,,
JHX.AX,quarterly,2025-06-30,USD,899900000,184000000,false,127500000,206900000,-105300000,56500000,431100000,429900000,2610000000,391600000,,2256300000,579194442
JHX.AX,quarterly,2025-09-30,USD,1292200000,151800000,false,25400000,47400000,-95700000,126400000,577400000,577400000,5243600000,566700000,,6322100000,579185759
JHX.AX,quarterly,2025-12-31,USD,1239800000,323800000,false,176200000,201100000,-107900000,147600000,583100000,579400000,4862000000,344200000,,6396700000,579883254
JHX.AX,quarterly,2026-03-31,USD,1403900000,271700000,false,108700000,134400000,-81100000,163000000,,,4785700000,269200000,,6425500000,580174308
JHX.AX,quarterly,2026-06-30,USD,1474600000,387600000,false,218800000,344000000,-89800000,168800000,584300000,580300000,4522000000,289900000,,6540600000,580354409
JIN.AX,annual,2022-06-30,AUD,,,false,,,,,,,,,,,
JIN.AX,annual,2023-06-30,AUD,118712000,57981000,false,46686000,,-8416000,11295000,63264529,62925396,3846000,53190000,,99989000,62898394
JIN.AX,annual,2024-06-30,AUD,159334000,76426000,false,64068000,,-6636000,12358000,63209390,62950955,3102000,68979000,,115158000,62968330
JIN.AX,annual,2025-06-30,AUD,145292000,70939000,false,57749000,,-7188000,13190000,62871674,62623196,14671000,79886000,,121698000,62351670
JIN.AX,annual,2026-06-30,AUD,193568000,77322000,false,56140000,,-7766000,21182000,63264410,63052917,95178000,48076000,,133715000,63351538
JMS.AX,annual,2022-02-28,AUD,,-6167760,false,-6170959,,-1417,3199,1955715761,1955715761,,39158487,,435320602,1958991033
JMS.AX,annual,2023-02-28,AUD,,89802713,false,89756252,,-77709,46461,1958991033,1958991033,504171,49486940,,471904883,1958991033
JMS.AX,annual,2024-06-30,AUD,,42339789,false,42224574,,-8815,115215,1963313990,1963313990,398136,19058357,,543346410,1960005319
JMS.AX,annual,2025-06-30,AUD,,44002168,false,43870637,,-6168,131531,1961041761,1961041761,299144,13157448,,565248831,1961041761
JNS.AX,annual,2022-06-30,AUD,,-2577511,false,-2820323,,,242812,248038977,1240194,19290,2016762,,13686630,2029891
JNS.AX,annual,2023-06-30,AUD,,-785815,false,-1321703,,,535888,455242641,2276213,64622,1308085,,17086385,2452701
JNS.AX,annual,2024-06-30,AUD,,-4324458,false,-4861705,,,537247,670846431,3354232,201898,245213,,15685868,3630670
JNS.AX,annual,2025-06-30,AUD,1702526,-6936662,false,-7386145,,-68586,449483,,58786083,3910247,4047030,,5728765,117010470
JYC.AX,annual,2022-06-30,AUD,,,false,,,,,28223782,28223782,,,,,
JYC.AX,annual,2023-06-30,AUD,144701000,28634000,false,21665000,,-5176000,6969000,28684020,28334563,19055000,46079000,,4793000,28403617
JYC.AX,annual,2024-06-30,AUD,145509000,29081000,false,21617000,,-2783000,7464000,29474559,28483494,27596000,39148000,,4268000,29496662
JYC.AX,annual,2025-06-30,AUD,148154000,31277000,false,22371000,,-3118000,8906000,29769044,29546393,28825000,39228000,,5310000,29569269
JYC.AX,annual,2026-06-30,AUD,169885000,40919000,false,31283000,,-2205000,9636000,,,30232000,48465000,,5977000,29569269
KAN.AX,annual,2021-12-31,AUD,,,false,,,,,,,,,,,
KAN.AX,annual,2022-12-31,AUD,,-4428000,false,-4495000,,-7570000,67000,78285937,78285937,,5305000,,32566000,78285937
KAN.AX,annual,2023-12-31,AUD,,-14243000,false,-14989000,,-22513000,746000,112377536,112377536,14814000,10240000,,54876000,127464733
KAN.AX,annual,2024-12-31,AUD,112404000,21237000,false,-10526000,,-32222000,31763000,137484800,137484800,13155000,3260000,,41571000,139703706
KAN.AX,annual,2025-12-31,AUD,167632000,26510000,false,5626000,,-40311000,20884000,177050630,177050630,4590000,20953000,,96029000,227606142
KAR.AX,annual,2022-06-30,USD,385074000,-83260000,false,-83988000,,-108287000,728000,561401264,561401264,316031000,157683000,,276201000,563604119
KAR.AX,annual,2023-06-30,USD,566500000,370000000,false,226100000,,-352600000,143900000,575767284,567850569,275700000,74800000,,473600000,568930247
KAR.AX,annual,2024-12-31,USD,776500000,298200000,false,296900000,,-220900000,1300000,798371947,793823809,511200000,341200000,,976400000,764369698
KAR.AX,annual,2025-12-31,USD,628600000,250600000,false,220700000,,-288500000,29900000,747914184,741043505,338800000,206100000,,1032500000,722097286
KAU.AX,annual,2022-06-30,AUD,22799878,4541592,false,-2238882,,-8670091,6780474,132965982,132965982,267836,6581919,,22809825,141281237
KAU.AX,annual,2023-06-30,AUD,30706815,4933871,false,1196173,,-9385308,3737698,154160132,142651075,893330,3225145,,25219322,147697682
KAU.AX,annual,2024-06-30,AUD,23736414,-1740403,false,-5463959,,-5331413,3723556,171043894,171043894,599816,1112332,,24095966,171043894
KCN.AX,annual,2022-06-30,AUD,,-10401000,false,-10502000,,-21000,101000,,,19895000,7424000,,-7894000,221320453
KCN.AX,annual,2023-06-30,AUD,27337000,11101000,false,11064000,,-755000,37000,232254902,229916383,24042000,9570000,,50049000,257751692
KCN.AX,annual,2024-06-30,AUD,133091000,217790000,false,209894000,,-19331000,7896000,260105469,257751692,59405000,3890000,,247686000,257751692
KCN.AX,annual,2025-06-30,AUD,,,false,,,,,267790909,257631359,,,,,
KCN.AX,annual,2026-06-30,AUD,,,false,,,,,261600762,261600762,,,,,
KGL.AX,annual,2021-12-31,AUD,,-2289296,false,-2345849,,-14140914,56553,403699613,403699613,529462,12742972,,91841275,415319891
KGL.AX,annual,2022-06-30,AUD,,-1759621,false,-1804083,,-10916835,44462,415436806,415436806,426101,23271256,,112977555,463459002
KGL.AX,annual,2023-06-30,AUD,,-2729669,false,-2819337,,-11552036,89668,477444267,477444267,162000,22513602,,123949107,581592039
KGL.AX,annual,2024-06-30,AUD,,-3194352,false,-3295159,,-13748969,100807,581592039,581592039,159608,6329796,,121212266,581592039
KGN.AX,annual,2022-06-30,AUD,713375000,-21038000,false,-40241000,,-35450000,19203000,106927603,106927603,57532000,66230000,,172636000,106927603
KGN.AX,annual,2023-06-30,AUD,486749000,-18813000,false,-35397000,,-4160000,16584000,104690203,104690203,15732000,65438000,,167718000,104690203
KGN.AX,annual,2024-06-30,AUD,455801000,36819000,false,21765000,,-5015000,15054000,100616298,100616298,23035000,41183000,,123603000,100616298
KGN.AX,annual,2025-06-30,AUD,487949000,-14838000,false,-30885000,,-4849000,16047000,101023056,101023056,16655000,42145000,,60527000,99314782
KLI.AX,annual,2022-06-30,AUD,,-2765993,false,-2768299,,-77704,2306,34333568,34333568,,4684488,,6016430,56223350
KLI.AX,annual,2023-06-30,AUD,141843,-4229914,false,-4240361,,-15254,10447,54071433,54071433,,1777706,,3330938,78000058
KLI.AX,annual,2024-06-30,AUD,,-1445303,false,-1457220,,59091,11917,80541623,80541623,,1262167,,2753587,100223743
KLI.AX,annual,2025-06-30,AUD,,,false,,,,,137201765,137201765,,,,,
KLS.AX,annual,2022-06-30,AUD,1324672000,185256000,false,85981000,,-44295000,99275000,221334272,221334272,564407000,141093000,,3000,221334272
KLS.AX,annual,2023-06-30,AUD,1417840000,133107000,false,55698000,,-100932000,77409000,233322222,231410432,806380000,157939000,,3000,269217706
KLS.AX,annual,2024-06-30,AUD,2016811000,268722000,false,125438000,,-254801000,143284000,271056075,270152604,1019884000,134470000,,3000,269778791
KLS.AX,annual,2025-06-30,AUD,2208909000,281385000,false,132417000,,-165080000,148968000,272470000,270793480,1061908000,182784000,,3000,271542854
KLV.AX,annual,2022-06-30,AUD,15936168,-5601360,false,-5877995,,-281866,276635,15600289,15600289,435272,349046,,93938,19401971
KLV.AX,annual,2023-06-30,AUD,21181365,-4478106,false,-4828140,,-565024,350034,23205568,23205568,1527515,,,-1025989,35049986
KLV.AX,annual,2024-06-30,AUD,6171267,-1920633,false,-1964389,,-210187,43756,46139736,46139736,2097644,,,648,50922969
KLV.AX,annual,2025-06-30,AUD,,,false,,,,,72952248,72952248,,,,,88417257
KMD.AX,annual,2022-07-31,NZD,969161000,180328000,false,67812000,,-32833000,112516000,47950214,47280774,395468000,70810000,,4726000,47280774
KMD.AX,annual,2023-07-31,NZD,1091290000,189933000,false,66220000,,-35988000,123713000,47432956,47432956,407309000,49488000,,5371000,47437195
KMD.AX,annual,2024-07-31,NZD,971055000,96340000,false,-31963000,,-32521000,128303000,47450585,47450585,387776000,33948000,,5748000,47458534
KMD.AX,annual,2025-07-31,NZD,978805000,39733000,false,-91344000,,-24578000,131077000,47458566,47458566,374875000,34284000,,5901000,47458534
KOV.AX,annual,2022-06-30,AUD,,,false,,,,,11602866,11447000,,3556000,,,
KOV.AX,annual,2023-06-30,AUD,107484000,16096000,false,13791000,,-1864000,2305000,11703665,11561650,5194000,8940000,,49038000,11576000
KOV.AX,annual,2024-06-30,AUD,102890000,15462000,false,12510000,,-4513000,2952000,11748936,11664426,9483000,6789000,,53448000,11679000
KOV.AX,annual,2025-06-30,AUD,119568000,18261000,false,15000000,,-3694000,3261000,11821204,11747242,9882000,13030000,,60816000,11759000
KOV.AX,annual,2026-06-30,AUD,129540000,18306000,false,14552000,,-10874000,3754000,,,15720000,,,64812000,11828000
KP2.AX,annual,2021-12-31,USD,,,false,,,,,,,,,,,
KP2.AX,annual,2022-12-31,USD,0,-1510018,false,-1510018,-1236245,-4574996,,3784555000,3784555000,,5046629,,-562714,3420177120
KP2.AX,annual,2023-12-31,USD,0,-1088064,false,-1088064,-1256713,-5780713,,3632536667,3632536667,,1583657,,-564008,4119667120
KP2.AX,annual,2024-12-31,USD,0,-1143172,false,-1143172,-622313,-2410980,0,3820596667,3820596667,,1339321,,-564364,4377869961
KP2.AX,annual,2025-12-31,USD,0,-980814,false,-981287,-1838111,-11523403,473,4922770000,4922770000,,10555176,,-565086,5175938315
KP2.AX,quarterly,2024-12-31,USD,,,false,,,-553000,,,,,1339321,,-564364,4377869961
KP2.AX,quarterly,2025-03-31,USD,,,false,,,-685000,,,,,,,,
KP2.AX,quarterly,2025-06-30,USD,,,false,,,-6789773,,,,,3499143,,-564988,4856248999
KP2.AX,quarterly,2025-12-31,USD,,,false,,,-2953000,,,,,10555176,,-565086,5175938315
KP2.AX,quarterly,2026-03-31,USD,,,false,,,-694000,,,,,,,,
KPG.AX,annual,2022-06-30,AUD,,,false,,,,,,,,,,,
KPG.AX,annual,2023-06-30,AUD,86524000,24919000,false,15368000,,-2649000,9551000,45000000,45000000,72661000,5331000,,14932000,45000000
KPG.AX,annual,2024-06-30,AUD,108143000,31692000,false,19561000,,-4283000,12131000,45000000,45000000,79754000,3272000,,29713000,45000000
KPG.AX,annual,2025-06-30,AUD,134607000,37196000,false,22723000,,-2530000,14473000,44919824,44919824,101882000,6867000,,38052000,45274957
KPG.AX,annual,2026-06-30,AUD,159170000,43283000,false,26474000,,-4321000,16809000,45274957,45274957,117429000,3939000,,42449000,45274957
KRR.AX,annual,2022-06-30,AUD,,-3004717,false,-3057193,,-1055462,52476,1553524947,1553524947,122254,2945395,,21730790,1553524947
KRR.AX,annual,2023-06-30,AUD,,7504349,false,7462953,,-2155254,41396,1553524947,1553524947,81224,3145977,,25439394,1553524947
KRR.AX,annual,2024-06-30,AUD,,2108888,false,2078576,,-2125327,30312,1553316967,1553316967,63319,3935830,,27482288,1528220751
KRR.AX,annual,2025-06-30,AUD,,-6094380,false,-6139796,,-2722629,45416,1528093401,1528093401,45053,4216029,,21228735,1481737918
KSC.AX,annual,2022-06-30,AUD,776181000,72225000,false,26366000,,-59826000,45859000,129962000,129962000,63931000,27352000,,306944000,134072657
KSC.AX,annual,2023-06-30,AUD,848942000,89754000,false,43680000,,-67853000,46074000,135156000,135156000,54243000,39537000,,321680000,136848983
KSC.AX,annual,2024-06-30,AUD,824577000,87105000,false,44365000,,-68542000,42740000,136849000,136849000,66229000,33437000,,355946000,136848983
KSC.AX,annual,2025-06-30,AUD,744806000,89910000,false,45716000,,-71074000,44194000,136849000,136849000,115125000,26006000,,373624000,136847312
LAC.AX,annual,2022-06-30,,1250,-1790868,false,-1897437,,-4774716,106569,54415045,54415045,124573,4372317,,25948238,62054310
LAC.AX,annual,2023-06-30,,,-2409898,false,-2519376,,-6593938,109478,62520336,62520336,58198,9353400,,41926035,62519427
LAC.AX,annual,2024-06-30,,,-2001948,false,-2074415,,-851012,72467,62517506,62517506,,10834903,,31687974,62517506
LAC.AX,annual,2025-06-30,,,,false,,,,,62517506,62517506,,,,,
LAM.AX,annual,2021-12-31,CAD,,,false,,,,,,,6244100,,,,
LAM.AX,annual,2022-12-31,CAD,0,792507,false,698495,-1388226,-5005687,94012,206774607,206774607,6013543,1587213,,87156662,210979696
LAM.AX,annual,2023-12-31,CAD,0,-3992789,false,-4125333,-2698642,-7094114,132544,228818520,228818520,4328630,9101305,,96642644,228844696
LAM.AX,annual,2024-12-31,CAD,0,-5591134,false,-5749140,-3790481,-7728824,158006,248949099,248949099,5859221,1160283,,102264528,249405734
LAM.AX,annual,2025-12-31,CAD,0,-5733563,false,-5884688,-3807155,-6947192,151125,268998569,268998569,1193213,3815831,,114995877,283620359
LAM.AX,quarterly,2024-12-31,CAD,,,false,,,,,,,5859221,,,,
LAM.AX,quarterly,2025-03-31,CAD,,,false,,,,,251541895,251541895,1750000,,,,
LAM.AX,quarterly,2025-06-30,CAD,0,-592054,false,-631534,-472167,-1377374,39480,248969696,248969696,2000000,846699,,108906738,263620359
LAM.AX,quarterly,2025-09-30,CAD,0,-879175,false,-914983,-1805646,-2960363,35808,276881229,276881229,1226247,6470455,,121113391,283620359
LAM.AX,quarterly,2025-12-31,CAD,0,-4394462,false,-4430819,-1118689,-782614,36357,,,1193213,3815831,,114995877,283620359
LAM.AX,quarterly,2026-03-31,CAD,0,-1054895,false,-1090760,-649758,-952313,35865,283630780,283630780,1158218,1588242,,117649690,283653284
LAM.AX,quarterly,2026-06-30,CAD,0,-1857384,false,-1893249,205159,-1687488,35865,283914768,283914768,1621492,940917,,119687056,284406500
LAU.AX,annual,2022-06-30,AUD,,,false,,,,,300793889,300793889,,,,,
LAU.AX,annual,2023-06-30,AUD,676245000,98281000,false,55448000,,-36525000,42833000,302696327,302696327,246596000,51973000,,127372000,303404886
LAU.AX,annual,2024-06-30,AUD,804367000,98478000,false,43035000,,-20571000,55443000,311527728,311527728,257783000,45565000,,149366000,312425142
LAU.AX,annual,2025-06-30,AUD,849784000,92233000,false,34371000,,-17411000,57862000,314678628,314678628,320369000,108978000,,155459000,317235953
LAU.AX,annual,2026-06-30,AUD,1072695000,112027000,false,42581000,,-13692000,69446000,,,373971000,57754000,,201796000,366251559
LDX.AX,annual,2022-06-30,USD,,,false,,,,,,,,,,,
LDX.AX,annual,2023-06-30,USD,10535000,-4929000,false,-8600000,,-155000,3671000,250278342,250278342,9785000,3015000,,9498000,329756595
LDX.AX,annual,2024-06-30,USD,11131000,-5436000,false,-8085000,,-98000,2649000,493637002,493637002,8060000,6479000,,7109000,512940609
LDX.AX,annual,2025-06-30,USD,12500000,-4635000,false,-7163000,,-53000,2528000,680183210,680183210,6985000,1956000,,6157000,748523022
LDX.AX,annual,2026-06-30,USD,13192000,-850000,false,-3396000,,-2538000,2546000,813426864,813426864,5940000,15429000,,22861000,944389135
LFT.AX,annual,2022-11-30,CAD,0,-737000,false,-737000,-583000,0,0,17353935,17353935,550000,5442000,,11414000,18465063
LFT.AX,annual,2023-11-30,CAD,0,-2952000,false,-3004000,-5480000,-11000,52000,36231197,36231197,314000,17737000,,245192000,40864177
LFT.AX,annual,2024-11-30,CAD,0,-9799000,false,-9973000,-3903000,-440000,174000,42322668,42322668,131000,21011000,,259608000,47085337
LFT.AX,quarterly,2025-02-28,CAD,0,-904000,false,-945000,-1078000,0,41000,47185337,47185337,114000,18776000,,260640000,47335337
LFT.AX,quarterly,2025-05-31,CAD,0,-1020000,false,-1061000,-890000,0,41000,47335337,47335337,97000,14563000,,259888000,47335337
LFT.AX,quarterly,2025-08-31,CAD,,5764000,false,,-586000,0,41000,47335337,47335337,,,,,
LFT.AX,quarterly,2026-03-31,CAD,0,-6141000,false,-6182000,-2941000,,41000,50206301,50206301,34000,4136000,,292741000,52776133
LFT.AX,quarterly,2026-06-30,CAD,0,-4976000,false,-5033000,-3365000,,57000,68069531,68069531,213000,18814000,,491587000,86720017
LGI.AX,annual,2022-06-30,AUD,,,false,,,,,88258056,88258056,19393000,,,,
LGI.AX,annual,2023-06-30,AUD,32299000,13331000,false,8672000,,-11332000,4659000,88219178,84122112,6083000,52000,,49375000,88294000
LGI.AX,annual,2024-06-30,AUD,33246000,15307000,false,9960000,,-16687000,5347000,88423086,88423086,24665000,2438000,,52803000,88694000
LGI.AX,annual,2025-06-30,AUD,36734000,17323000,false,10842000,,-18553000,6481000,88788607,88788607,33922000,3357000,,57769000,88809000
LGI.AX,annual,2026-06-30,AUD,43294000,22004000,false,13077000,,-25017000,8927000,,,4739000,8113000,,118958000,103440000
LIC.AX,annual,2022-06-30,AUD,,,false,,,,,,,,,,,
LIC.AX,annual,2023-06-30,AUD,232053000,123454000,false,120143000,,-8525000,3311000,106150648,105690661,376057000,1233000,,524857000,105690794
LIC.AX,annual,2024-06-30,AUD,242432000,80233000,false,75776000,,-10967000,4457000,110328918,109901000,328262000,4095000,,831755000,121740054
LIC.AX,annual,2025-06-30,AUD,147061000,-268586000,false,-273274000,,-4802000,4688000,121740000,121740000,465850000,2473000,,629416000,121740054
LIC.AX,annual,2026-06-30,AUD,204470000,84070000,false,76644000,,-2829000,7426000,122814136,121740000,292690000,21859000,,680780000,121740054
LIN.AX,annual,2022-06-30,AUD,,-1152238,false,-1156170,,-563419,3932,,767932659,8975,2177922,,413960,830250771
LIN.AX,annual,2023-06-30,AUD,8980,-6269925,false,-6383646,,-21791381,113721,,933481941,,7616206,,379626,1027405092
LIN.AX,annual,2024-06-30,AUD,,-5535838,false,-5549045,,-24331755,13207,1142540179,1142540179,,13252990,,273743,1152922236
LIN.AX,annual,2025-06-30,AUD,,-9690582,false,-9825891,,-4895701,135309,,1153695524,198147,3490719,,192974,1163422236
LIS.AX,annual,2022-06-30,AUD,,,false,,,,,,,,,,,
LIS.AX,annual,2023-06-30,AUD,,-2811793,false,-3274442,,-5712973,462649,640200230,640200230,1003096,33450982,,47868828,640200230
LIS.AX,annual,2024-06-30,AUD,,-3691886,false,-4536949,,-7388098,845063,637119137,637119137,1136753,22811343,,42488374,640200230
LIS.AX,annual,2025-06-30,AUD,,-4420194,false,-6329875,,-6153471,1909681,632828514,632828514,904319,14855487,,35294087,640200230
LIS.AX,annual,2026-06-30,AUD,1000,-2081000,false,-4190000,,-4775000,2109000,630741074,630741074,685000,14980000,,30768000,640200230
LKE.AX,annual,2022-06-30,AUD,,-4968257,false,-5019555,,-24211609,51298,1120917048,1120917048,277857,175444065,,218832460,1389707907
LKE.AX,annual,2023-06-30,AUD,,-46584897,false,-46792330,,-67759341,207433,1403395825,1403395825,1672844,89217466,,5075005,1422444707
LKE.AX,annual,2024-06-30,AUD,,-53294005,false,-53994928,,-39919100,700923,1489373660,1489373660,2379532,22902013,,1419904,1663125143
LKE.AX,annual,2025-06-30,AUD,,-19837373,false,-20696014,,-5122019,858641,1731076517,1731076517,1520339,12370731,,415741,1803149789
LLC.AX,annual,2022-06-30,AUD,,,false,,,,,,,,,,,
LLC.AX,annual,2023-06-30,AUD,1.0229e+10,63000000,false,-80000000,,-82000000,143000000,683000000,683000000,3281000000,900000000,,28000000,689000000
LLC.AX,annual,2024-06-30,AUD,9218000000,-974000000,false,-1096000000,,-63000000,122000000,683000000,683000000,4176000000,1000000000,,34000000,690000000
LLC.AX,annual,2025-06-30,AUD,7603000000,739000000,false,646000000,,-8000000,93000000,681000000,681000000,4054000000,621000000,,29000000,690000000
LLC.AX,annual,2026-06-30,AUD,5321000000,-323000000,false,-395000000,,-13000000,72000000,681000000,681000000,4473000000,751000000,,29000000,691000000
LM8.AX,annual,2022-06-30,AUD,,-6539006,false,-6641208,,-3660866,102202,147080030,147080030,33620,32873486,,49645335,173505129
LM8.AX,annual,2023-06-30,AUD,,-18354861,false,-18491872,,-6516748,137011,185272601,185272601,125314,19540382,,51859874,196461419
LM8.AX,annual,2024-06-30,AUD,,-25147009,false,-25298027,,-3904079,151018,211224097,211224097,82173,21901989,,46358630,217843369
LNQ.AX,annual,2025-06-30,AUD,,-680647,false,-718635,,,37988,124588858,124588858,22233,9666070,,10526806,175751019
LNW.AX,annual,2021-12-31,USD,,,false,,,,,,,,,,150000000,
LNW.AX,annual,2022-12-31,USD,2512000000,584000000,false,164000000,-381000000,-216000000,420000000,95000000,95000000,3948000000,914000000,,171000000,91000000
LNW.AX,annual,2023-12-31,USD,2902000000,898000000,false,514000000,590000000,-242000000,384000000,93000000,91000000,3932000000,425000000,,0,90000000
LNW.AX,annual,2024-12-31,USD,3188000000,1075000000,false,714000000,632000000,-294000000,361000000,91000000,89000000,3917000000,196000000,,0,86307886
LNW.AX,annual,2025-12-31,USD,3314000000,1085000000,false,679000000,794000000,-310000000,406000000,85000000,83000000,5210000000,167000000,,245000000,77000000
LNW.AX,quarterly,2024-12-31,USD,,,false,,,,,,,,,,0,
LNW.AX,quarterly,2025-03-31,USD,,,false,,,,,87000000,85000000,,,,,
LNW.AX,quarterly,2025-06-30,USD,809000000,300000000,false,201000000,106000000,-78000000,99000000,86000000,84000000,4886000000,136000000,,702000000,84378631
LNW.AX,quarterly,2025-09-30,USD,841000000,331000000,false,223000000,184000000,-79000000,108000000,,,4974000000,236000000,,723000000,82794228
LNW.AX,quarterly,2025-12-31,USD,890000000,191000000,false,83000000,319000000,-92000000,108000000,80000000,80000000,5210000000,167000000,,245000000,77000000
LNW.AX,quarterly,2026-03-31,USD,790000000,251000000,false,143000000,139000000,-74000000,108000000,79200000,77600000,5168000000,147000000,,311000000,78700000
LNW.AX,quarterly,2026-06-30,USD,828000000,348000000,false,231000000,241000000,-83000000,117000000,78500000,77400000,5157000000,148000000,,302000000,77000000
LOT.AX,annual,2022-06-30,AUD,,-12823909,false,-12825126,,-3754188,1217,101501528,101501528,,4876370,,-765531,104936100
LOT.AX,annual,2023-06-30,AUD,,-8769730,false,-8771953,,-524641,2223,113850374,113850374,,15519217,,-1409047,116868003
LOT.AX,annual,2024-06-30,AUD,,-23776525,false,-23779265,,-3524926,2740,138552636,138552636,,34125776,,-2412797,159236183
LOT.AX,annual,2025-06-30,AUD,,-18494774,false,-18971782,,-63396517,477008,187395518,187395518,455457,54092246,,-1788022,206074522
LOV.AX,annual,2022-06-30,AUD,458712000,142731000,false,82952000,,-37378000,59779000,107984095,107459646,228372000,34153000,,64323000,107460000
LOV.AX,annual,2023-06-30,AUD,596456000,180190000,false,105966000,,-76868000,74224000,110048434,107763351,372587000,31650000,,79989000,107832000
LOV.AX,annual,2024-06-30,AUD,698664000,221547000,false,128425000,,-38606000,93122000,110663354,109324573,359067000,30520000,,80286000,109693000
LOV.AX,annual,2025-06-30,AUD,,,false,,,,,110568648,110510088,,,,,
LRK.AX,annual,2022-06-30,AUD,,,false,,,,,71272424,71272424,5000000,,,,
LRK.AX,annual,2023-06-30,AUD,19877457,-4638409,false,-5927251,,-814031,1288842,75375916,75375916,4586273,7159778,,104676543,75430044
LRK.AX,annual,2024-06-30,AUD,16730759,-3854235,false,-5207900,,-574035,1353665,75549466,75549466,2190156,2355162,,101362928,75743044
LRK.AX,annual,2025-06-30,AUD,17169000,-4656000,false,-6074000,,-4234000,1418000,100706979,100706979,2069000,23107000,,116431000,105940112
LRK.AX,annual,2026-06-30,AUD,19701000,-38246000,false,-39745000,,-1772000,1499000,,,1884000,14313000,,76199000,107387335
LRM.AX,annual,2022-06-30,AUD,,-5595945,false,-5619811,,-8757,23866,1105717039,1105717039,,2359236,,1971505,1296102604
LRM.AX,annual,2023-06-30,AUD,,-1889302,false,-1892551,,,3249,1296106445,1296106445,,815734,,278376,1296109905
LRM.AX,annual,2024-06-30,AUD,,-976724,false,-977826,,,1102,1296106445,1296106445,5863,74789,,-658270,1296234367
LRM.AX,annual,2025-06-30,AUD,,-5530376,false,-5531495,,-4698,1119,2308969024,2308969024,,934180,,-351263,2807321290
LRV.AX,annual,2021-12-31,AUD,,,false,,,,,25779164,25779164,,,,,
LRV.AX,annual,2022-12-31,AUD,,-3355142,false,-3374367,,-210483,19225,65944933,65944933,,6464140,,7827439,89176497
LRV.AX,annual,2023-12-31,AUD,,-6106963,false,-6169891,,-246280,62928,85132033,85132033,,2430481,,11324905,223611645
LRV.AX,annual,2024-12-31,AUD,,-13258612,false,-13450891,,-80499,192279,275977820,275977820,6527237,27971610,,31286349,376188980
LRV.AX,annual,2025-12-31,AUD,,-17234705,false,-17770605,,-50924315,535900,,,147324274,179443442,,100897769,517524674
LTP.AX,annual,2022-06-30,AUD,,-1027094,false,-1027094,,,,139420252,139420252,,1911397,,1769466,139420252
LTP.AX,annual,2023-06-30,AUD,,-1454885,false,-1454885,,-1987,,139420252,139420252,,7144724,,7488466,139420252
LTP.AX,annual,2024-06-30,AUD,,-6954065,false,-6954065,,-1976,,139420252,139420252,,3102323,,2940612,139420252
LTP.AX,annual,2025-06-30,AUD,145779,-5591292,false,-5593534,,-13168,2242,167250463,167250463,,31808532,,31510890,180977728
LTR.AX,annual,2022-06-30,AUD,,,false,,,,,2061199000,2061199000,,,,,
LTR.AX,annual,2023-06-30,AUD,,-21852000,false,-22174000,,-232654000,322000,2197047000,2197047000,121273000,305438000,,449736000,2202255000
LTR.AX,annual,2024-06-30,AUD,,-42020000,false,-43399000,,-665729000,1379000,2351552000,2351552000,460914000,122949000,,770072000,2425005000
LTR.AX,annual,2025-06-30,AUD,297565000,1333000,false,-157840000,,-330689000,159173000,2426438000,2426438000,831099000,155575000,,580574000,2429405000
LTR.AX,annual,2026-06-30,AUD,639136000,149829000,false,19896000,,-134041000,129933000,,,504836000,560602000,,1471158000,3179111000
LYC.AX,annual,2023-06-30,AUD,787123000,413569000,false,351388000,,-595516000,62181000,915878538,912350000,190620000,1011212000,,2163404000,933815000
LYC.AX,annual,2024-06-30,AUD,464446000,171168000,false,114270000,,-579339000,56898000,938002220,934374000,183978000,523838000,,2242805000,934718000
LYC.AX,annual,2025-06-30,AUD,542665000,116304000,false,21309000,,-430823000,94995000,935080000,935080000,202046000,166490000,,2352705000,935447000
LYC.AX,annual,2026-06-30,AUD,977945000,409532000,false,270851000,,-178268000,138681000,1007941976,1003742000,338336000,504128000,,3490391000,1006503000
LYL.AX,annual,2022-06-30,AUD,,,false,,,,,,,683317,,,,
LYL.AX,annual,2023-06-30,AUD,323879383,70482448,false,64115939,,-4412349,6366509,39740226,39740226,15701469,82412067,,-1677641,39740226
LYL.AX,annual,2024-06-30,AUD,344549212,76384478,false,69813470,,-1086189,6571008,39740226,39740226,12615999,67563528,,-624763,39740226
LYL.AX,annual,2025-06-30,AUD,333935642,67820514,false,60875049,,-1975959,6945465,39740226,39740226,16419082,79035621,,-1392491,39740226
LYL.AX,annual,2026-06-30,AUD,374019000,60420000,false,52677000,,-2561000,7743000,39740226,39740226,12486000,106195000,,727000,39740226
MAD.AX,annual,2022-06-30,AUD,,,false,,,,,205477941,200000000,12059000,,,,
MAD.AX,annual,2023-06-30,AUD,608793000,75094000,false,58139000,,-47535000,16955000,211466227,200000000,64404000,13010000,,119644000,200000000
MAD.AX,annual,2024-06-30,AUD,774472000,99231000,false,74701000,,-40659000,24530000,211666667,200000000,69713000,30121000,,160326000,200000000
MAD.AX,annual,2025-06-30,AUD,872202000,109532000,false,83997000,,-34132000,25535000,211342456,201541000,39332000,24263000,,212309000,201875000
MAD.AX,annual,2026-06-30,AUD,1001140000,120717000,false,95015000,,-27422000,25702000,,,9083000,39499000,,267464000,203461728
MAH.AX,annual,2022-06-30,AUD,,,false,,,,,,,,,,,
MAH.AX,annual,2023-06-30,AUD,1906150000,292211000,false,95058000,,-193258000,197153000,2104744526,2100686298,420108000,218162000,,608849000,2101734810
MAH.AX,annual,2024-06-30,AUD,2031261000,306179000,false,94389000,,-150033000,211790000,2146209677,2107475001,341165000,194578000,,633515000,2111497963
MAH.AX,annual,2025-06-30,AUD,2427458000,359339000,false,137395000,,-178538000,221944000,2149534884,2128996880,426347000,263893000,,692342000,2133283969
MAH.AX,annual,2026-06-30,AUD,2619243000,382098000,false,172552000,,-145790000,209546000,2174946237,2141136854,420738000,309653000,,740112000,2142903004
MAQ.AX,annual,2022-06-30,AUD,309310000,82720000,false,16087000,,-95402000,66633000,21626598,21519820,251826000,2954000,,145682000,21519820
MAQ.AX,annual,2023-06-30,AUD,345061000,96970000,false,32026000,,-65796000,64944000,21680147,21640302,132856000,12514000,,318975000,24344268
MAQ.AX,annual,2024-06-30,AUD,363294000,106712000,false,48698000,,-145902000,58014000,24609247,24504697,130785000,29974000,,455252000,25773732
MAQ.AX,annual,2025-06-30,AUD,,,false,,,,,25933780,25773732,,,,,
MC2.AX,annual,2021-12-31,USD,,,false,,,,,,,2998000,,,,
MC2.AX,annual,2022-12-31,USD,0,-6774000,false,-6820000,-3006000,-21775000,46000,88185000,88185000,0,14636000,,84264000,88226000
MC2.AX,annual,2023-12-31,USD,0,-5839000,false,-5893000,-3128000,-9846000,54000,90485000,90485000,128000,16692000,,94395000,93200000
MC2.AX,annual,2024-12-31,USD,0,-14240000,false,-14413000,-5737000,-12024000,173000,96542000,96542000,45000,22648000,,109577000,101017086
MC2.AX,annual,2025-12-31,USD,0,-28945000,false,-29150000,-18812000,-16414000,205000,107959000,107959000,934000,66782000,,172937000,119400000
MC2.AX,quarterly,2024-12-31,USD,,,false,,,-459000,,,,,,,,
MC2.AX,quarterly,2025-03-31,USD,,,false,,,-5859000,,105576000,105576000,,,,,
MC2.AX,quarterly,2025-06-30,USD,0,-4802000,false,-4861000,-3029000,-5030000,59000,106486000,106486000,4000,24329000,,122837000,106485766
MC2.AX,quarterly,2025-09-30,USD,0,-10039000,false,-10061000,-1072000,-7249000,22000,118500000,118500000,4000,78686000,,182351000,118499525
MC2.AX,quarterly,2025-12-31,USD,0,-11660000,false,-11723000,-12229000,-2024000,63000,,,934000,66782000,,172937000,119400000
MC2.AX,quarterly,2026-03-31,USD,0,-7256000,false,-7317000,-5880000,-6105000,61000,133821000,133821000,914000,149792000,,262305000,133820979
MC2.AX,quarterly,2026-06-30,USD,0,-5073000,false,-5146000,-7000,-10503000,73000,134980000,134980000,877000,140045000,,260967000,134980260
MCM.AX,annual,2022-06-30,USD,23511000,-16691000,false,-19288000,-2358000,-1154000,2620000,215200535,215200535,26127000,2993000,,-824000,259476317
MCM.AX,annual,2023-06-30,USD,44799000,-590000,false,-2627000,-3538000,-7929000,2026000,296483000,296483000,18849000,7499000,,-907000,399665202
MCM.AX,annual,2024-06-30,USD,36665000,-11504000,false,-13789000,,-4338000,2285000,405255000,405255000,21108000,234000,,-1236000,414013348
MCY.AX,annual,2022-06-30,NZD,,,false,,,,,,,,,,,
MCY.AX,annual,2023-06-30,NZD,2730000000,589000000,false,245000000,,-297000000,344000000,1385131962,1385131962,1898000000,75000000,,4849000000,1400012517
MCY.AX,annual,2024-06-30,NZD,3430000000,904000000,false,554000000,,-334000000,350000000,1390795153,1390795153,1941000000,44000000,,4849000000,1400012517
MCY.AX,annual,2025-06-30,NZD,3498000000,472000000,false,115000000,,-467000000,357000000,1400001969,1400001969,2279000000,86000000,,4903000000,1406965167
MCY.AX,annual,2026-06-30,NZD,3224000000,909000000,false,534000000,,-709000000,375000000,1417000000,1417000000,2472000000,77000000,,5263000000,1425040949
MDX.AX,annual,2022-06-30,AUD,,-1144887,false,-1145832,,,945,1899949213,1899949213,,1681585,,18617321,1930697680
MDX.AX,annual,2023-06-30,AUD,,-1914168,false,-1925627,,-960561,11459,1977368874,1977368874,,4627577,,19049459,2045558780
MDX.AX,annual,2024-06-30,AUD,,-2541455,false,-2605721,,-2544131,64266,2046034600,2046034600,108648,520043,,6916195,2048783780
MDX.AX,annual,2025-06-30,AUD,,,false,,,,,2151020559,2151020559,,,,,
MEI.AX,annual,2022-06-30,AUD,,-5529214,false,-5551050,,-7585,21836,1450485098,1450485098,,1554940,,1695282,1526297371
MEI.AX,annual,2023-06-30,AUD,,-37749997,false,-37769728,,-16947,19731,1590214881,1590214881,1752661,17289761,,15879807,1900157126
MEI.AX,annual,2024-06-30,AUD,,-45070318,false,-45136055,,-1223678,65737,1966446456,1966446456,549142,13874962,,8312737,1990119845
MEI.AX,annual,2025-06-30,AUD,,-41083427,false,-41153533,,-1175019,70106,2277160191,2277160191,322931,10965524,,8433784,2336862782
MEK.AX,annual,2022-06-30,AUD,,-2983391,false,-3031654,,-5618779,48263,913267457,913267457,130416,2470020,,17998431,920385265
MEK.AX,annual,2023-06-30,AUD,,-1206595,false,-1267312,,-7116489,60717,1046230536,1046230536,147798,2774035,,25415157,1102208932
MEK.AX,annual,2024-06-30,AUD,,-2713845,false,-2785969,,-5502603,72124,1186474685,1186474685,2226485,2950008,,27917105,1234708932
MEK.AX,annual,2025-06-30,AUD,,,false,,,,,2098163177,2098163177,,,,,
MEU.AX,annual,2022-06-30,AUD,,-407726,false,-438709,,-1487244,30983,975768061,975768061,88663,2118448,,15100695,980081316
MEU.AX,annual,2023-06-30,AUD,,-483287,false,-516695,,-1718707,33408,1049888366,1049888366,57285,4012269,,18819127,1058800575
MEU.AX,annual,2024-06-30,AUD,,-508007,false,-537913,,-1540969,29906,1058952366,1058952366,78814,3371167,,19668660,1086578352
MEU.AX,annual,2025-06-30,AUD,,-1807630,false,-1843366,,-2934150,35736,1122515403,1122515403,100254,4666493,,22705559,1178305790
MEZ.AX,annual,2022-06-30,NZD,,,false,,,,,2570934506,2570934506,,,,,
MEZ.AX,annual,2023-06-30,NZD,3203000000,473000000,false,179000000,,-329000000,294000000,2581801567,2581801567,1263000000,212000000,,5987000000,2583169114
MEZ.AX,annual,2024-06-30,NZD,4831000000,995000000,false,661000000,,-335000000,334000000,,,1377000000,221000000,,8246000000,2588594444
MEZ.AX,annual,2025-06-30,NZD,4794000000,-89000000,false,-535000000,,-184000000,446000000,2604161774,2604161774,1569000000,123000000,,8920000000,2615469348
MEZ.AX,annual,2026-06-30,NZD,3852000000,790000000,false,255000000,,-264000000,535000000,,,2035000000,512000000,,9955000000,2648597400
MGH.AX,annual,2022-06-30,AUD,,,false,,,,,289567262,287412227,,,,,
MGH.AX,annual,2023-06-30,AUD,789318000,154610000,false,111350000,,-82269000,43260000,321172718,316895984,545206000,69369000,,2413000,326553273
MGH.AX,annual,2024-06-30,AUD,895063000,190766000,false,137242000,,-56896000,53524000,331627273,327431438,626080000,85484000,,5057000,327924311
MGH.AX,annual,2025-06-30,AUD,1030542000,207747000,false,143591000,,-35639000,64156000,349334951,345761155,801165000,102765000,,15111000,361129004
MGH.AX,annual,2026-06-30,AUD,629716000,177844000,false,155306000,,-79751000,22538000,,,1168034000,47393000,,11377000,356789019
MHJ.AX,annual,2022-06-30,AUD,657249140.7,131404812.1,false,73810843.77,,-24915179.07,57593968.29,393862218,388268845,143662268.5,106268987.7,,216315556,388285374
MHJ.AX,annual,2023-06-30,AUD,684483621.7,118196757,false,55378169.55,,-37295679.62,62818587.44,391083579,382252063,186193274.6,22708673.41,,205261726,379688884
MHJ.AX,annual,2024-06-30,AUD,703357736,78582823.43,false,4267919.58,,-30167176.57,74314903.85,383793875,383793875,233261582.2,22043269.23,,182343750,384623963
MHJ.AX,annual,2025-06-30,AUD,692435662.8,79109507.91,false,8542048.024,,-10907720.47,70567459.89,396517297,384744855,208339614.5,11034779.8,,183718100.6,384819276
MI6.AX,annual,2022-06-30,AUD,,-88645325,false,-88647010,,-102025,1685,163123543,163123543,,23471130,,23160380,220000000
MI6.AX,annual,2023-06-30,AUD,,-13867381,false,-13910043,,-508981,42662,223509589,223509589,96756,17076452,,16611957,234000000
MI6.AX,annual,2024-06-30,AUD,,-7512556,false,-7644711,,-101511,132155,234000000,234000000,624385,11102890,,10867935,234000000
MI6.AX,annual,2025-06-30,AUD,,,false,,,,,701351598,701351598,,,,,
MIN.AX,annual,2022-06-30,AUD,3418000000,954700000,false,602500000,,-999900000,352200000,188890356,188890356,3125700000,2428200000,,44200000,189201267
MIN.AX,annual,2023-06-30,AUD,4779100000,1033500000,false,583100000,,-1820900000,450400000,192712871,191023237,3234100000,1379100000,,46700000,194480644
MIN.AX,annual,2024-06-30,AUD,5259000000,977000000,false,349000000,,-3764000000,628000000,196726472,195445205,5336000000,908000000,,39000000,194436770
MIN.AX,annual,2026-06-30,AUD,6461000000,3035000000,false,2107000000,,-1222000000,928000000,198763582,197488174,5829000000,1562000000,,473000000,196690264
MKR.AX,annual,2022-06-30,AUD,53271499,8812104,false,8696575,,-8878674,115529,335508077,280997822,13495119,1160615,,13573765,292533179
MKR.AX,annual,2023-06-30,AUD,9899903,-22309229,false,-22579593,,-1509864,270364,437924513,437924513,25038788,265833,,19941974,553185888
MKR.AX,annual,2024-06-30,AUD,15195323,-10218201,false,-10910443,,-1422717,692242,693566921,693566921,28530547,2125350,,17010151,779636588
MLG.AX,annual,2022-06-30,AUD,286840699,27655100,false,6354806,,-12111371,21300294,145669163,145669163,68533426,209788,,116343887,145669163
MLG.AX,annual,2023-06-30,AUD,375209593,25439834,false,2067149,,-18270342,23372685,145669163,145669163,60888971,143734,,118117955,145669163
MLG.AX,annual,2024-06-30,AUD,468618186,51362961,false,17174463,,-19804561,34188498,146794163,146794163,67740741,5860934,,130832903,146794163
MLG.AX,annual,2025-06-30,AUD,540394000,59651000,false,19180000,,-23944000,40471000,173328571,147919163,75636000,9241000,,145178000,147919163
MLX.AX,annual,2022-06-30,AUD,228876000,139168000,false,134422000,,-36773000,4746000,907266067,907266067,3557000,122248000,,309682000,907266067
MLX.AX,annual,2023-12-31,AUD,153889000,33464000,false,27696000,,-34926000,5768000,907266067,907266067,8357000,143042000,,334233000,907266067
MLX.AX,annual,2024-12-31,AUD,218915000,129792000,false,120793000,,-40935000,8999000,902735976,902735976,6153000,220644000,,427774000,887237970
MLX.AX,annual,2025-12-31,AUD,284999000,149673000,false,139255000,,-37349000,10418000,886392538,886392538,3285000,293606000,,532533000,886391538
MM1.AX,annual,2021-12-31,AUD,,,false,,,,,,,,,,,
MM1.AX,annual,2022-12-31,AUD,,-1744469,false,-1767135,,-2700000,22666,65279553,65279553,,2503583,,7339237,66670773
MM1.AX,annual,2023-12-31,AUD,,-5318745,false,-5350949,,-2551678,32204,77050978,77050978,,1154769,,6122980,86747246
MM1.AX,annual,2024-12-31,AUD,,-3836376,false,-3866360,,-1271480,29984,100465595,100465595,,1122594,,5201672,122079678
MM1.AX,annual,2025-12-31,AUD,,-3002117,false,-3074806,,-3220261,72689,157556755,157556755,,8783150,,20537092,203489093
MM8.AX,annual,2022-06-30,AUD,2136356,-3279837,false,-3341539,,-5962514,61702,192871187,192871187,4038380,1844070,,9885512,204066905
MM8.AX,annual,2023-06-30,AUD,3033998,-4747560,false,-4836597,,-2142813,89037,229873016,229873016,4096044,423514,,9816253,235874166
MM8.AX,annual,2024-06-30,AUD,1857936,-2743030,false,-2743030,,-589434,,300742600,300742600,2932309,1709310,,11943791,307684152
MM8.AX,annual,2025-06-30,AUD,1111527,-5852597,false,-5946580,,-4526482,93983,419300614,419300614,2916410,9464054,,23930360,508645690
MMA.AX,annual,2022-06-30,AUD,,-1122933,false,-1122933,,-81290,,,,121477,13037399,,18833794,150000000
MMA.AX,annual,2023-06-30,AUD,,-9249076,false,-9249076,,-58701,,150000193,150000193,52433,5930226,,10920569,150006951
MMA.AX,annual,2024-06-30,AUD,,-4541361,false,-4541361,,-13414,,154935487,154935487,93364,10146100,,15162586,201246843
MMA.AX,annual,2025-06-30,AUD,,,false,,,,,201146843,201146843,,,,,
MMA.AX,annual,2026-06-30,AUD,,-9248837,false,-9248837,,-229147,,242464311,242464311,160559,18305060,,38115955,314269541
MMI.AX,annual,2021-12-31,AUD,,,false,,,,,,,67362000,13883000,,41993000,
MMI.AX,annual,2022-12-31,AUD,177895000,-25070000,false,-39162000,,-2847000,14092000,174156850,174156850,59614000,11746000,,18939000,218191450
MMI.AX,annual,2023-12-31,AUD,235840000,16019000,false,-695000,,-12458000,16714000,218294700,218294700,101138000,12070000,,9953000,218294700
MMI.AX,annual,2024-12-31,AUD,307337000,-5496000,false,-25981000,,-17377000,20485000,273346900,273346900,32899000,,,,303593100
MMI.AX,annual,2025-12-31,AUD,378362000,156227000,false,131757000,,-11642000,24470000,320572072,304765800,89972000,62765000,,186871000,305539550
MMS.AX,annual,2022-06-30,AUD,,,false,,,,,77647903,77381000,,,,,
MMS.AX,annual,2023-06-30,AUD,349973000,168066000,false,101550000,,-16311000,66516000,72407449,72102000,325129000,60581000,,145577000,69643024
MMS.AX,annual,2024-06-30,AUD,415667000,224276000,false,155915000,,-21636000,68361000,70207563,69643000,588129000,152952000,,128844000,69643024
MMS.AX,annual,2025-06-30,AUD,435625000,245088000,false,173636000,,-19285000,71452000,,,758360000,126285000,,112793000,69643024
MMS.AX,annual,2026-06-30,AUD,472851000,272179000,false,197640000,,-13189000,74539000,69866359,69643000,837165000,95936000,,126402000,69643024
MNV.AX,annual,2025-06-30,AUD,,,false,-1296000,,,,94133636,94133636,,,,0,94133636
MP1.AX,annual,2022-06-30,AUD,,,false,,,,,,,,,,,
MP1.AX,annual,2023-06-30,AUD,153083000,28004000,false,-8297000,,-32794000,36301000,163818792,163818792,19959000,48455000,,127927000,164189819
MP1.AX,annual,2024-06-30,AUD,195271000,40393000,false,3056000,,-19859000,37337000,164761758,164761758,15787000,72434000,,154080000,165129496
MP1.AX,annual,2025-06-30,AUD,227060000,43917000,false,597000,,-34298000,43320000,165951692,165951692,28297000,102067000,,178685000,166620850
MP1.AX,annual,2026-06-30,AUD,312187000,24278000,false,-50831000,,-330503000,75109000,178786320,178786320,100341000,435398000,,1001386000,214494131
MPK.AX,annual,2022-06-30,AUD,,-1207487,false,-1207487,,-587209,,16504091,16504091,,4592229,,5337525,6059348
MPK.AX,annual,2023-06-30,AUD,,-1456442,false,-1456442,,-937790,,38971582,38971582,,3128015,,5074077,39922000
MPK.AX,annual,2024-06-30,AUD,21017,-3399988,false,-3399988,,-1751491,,42978059,42978059,,5629900,,7282186,71051321
MPK.AX,annual,2025-06-30,AUD,,,false,,,,,84952031,84952031,,,,,
MPW.AX,annual,2022-06-30,AUD,3702512,-6153246,false,-6420491,,-154526,267245,5347069,5347069,437320,3726745,,4653818,5572654
MPW.AX,annual,2023-06-30,AUD,3095723,-5328868,false,-5625392,,-266021,296524,16113266,16113266,3513517,818859,,-1234683,5640647
MPW.AX,annual,2024-06-30,AUD,2209763,-722935,false,-987723,,-38982,264788,5640647,5640647,3563877,296233,,-1014288,5640647
MPW.AX,annual,2026-06-30,AUD,1652603,-10091377,false,-10442546,,-2967363,351169,88802144,88802144,233798,10523522,,14047038,150070008
MRT.AX,annual,2022-06-30,AUD,3321121,-27606446,false,-27985207,,-6858568,378761,37865013,37865013,86202,5406635,,40000000,40827976
MRT.AX,annual,2023-06-30,AUD,81882,-195260,false,-319849,,-6225747,124589,42588938,42588938,6965302,5623808,,35291608,46465578
MRT.AX,annual,2024-06-30,AUD,,-1695260,false,-1766793,,-2901063,71533,47571389,47571389,8228001,4290214,,46274863,74570606
MRT.AX,annual,2025-06-30,AUD,36854662,-10528923,false,-21445102,,-10037089,10916179,107421948,107421948,8105831,15700998,,84074480,164402852
MSB.AX,annual,2022-06-30,USD,,,false,,-65782000,,4380000,682861425,682861425,,,,,
MSB.AX,annual,2023-06-30,USD,7501000,-62657000,false,-62657000,-63269000,-314000,4107000,777719091,777719091,116495000,70920000,,501838000,858159058
MSB.AX,annual,2024-06-30,USD,5902000,-65138000,false,-65138000,-48458000,-331000,4666000,986702919,986702919,118923000,62563000,,480355000,1141241211
MSB.AX,annual,2025-06-30,USD,17198000,-80059000,false,-80059000,-49954000,-730000,6400000,1207793132,1207793132,128157000,161158000,,597442000,1279934798
MSB.AX,annual,2026-06-30,USD,120250000,-37015000,false,-37015000,,-898000,,,,127334000,47390000,,568405000,1295075537
MSB.AX,quarterly,2024-12-31,USD,,,false,,,,,,,126111000,37656000,,461262000,1156509264
MSB.AX,quarterly,2025-03-31,USD,,,false,,,,,,,,,,,
MSB.AX,quarterly,2025-06-30,USD,,,false,,,-499000,,,,128157000,161158000,,597442000,1279934798
MSB.AX,quarterly,2025-09-30,USD,,,false,,,-349000,,,,,,,,
MSB.AX,quarterly,2025-12-31,USD,,,false,,,-133000,,,,135144000,129573000,,574684000,1288514948
MSB.AX,quarterly,2026-03-31,USD,,,false,,,-352000,,,,,,,,
MSB.AX,quarterly,2026-06-30,USD,,,false,,,-64000,,,,127334000,47390000,,568405000,1295075537
MSV.AX,annual,2022-06-30,AUD,,,false,,,,,,,7733333,,,,
MSV.AX,annual,2023-06-30,AUD,243144281,41167186,false,12636027,,-11517355,28531159,221688800,221688800,30467054,11107630,,67100402,218639703
MSV.AX,annual,2024-06-30,AUD,236828634,40542988,false,14792745,,-13834563,25750243,218441452,214714400,19663479,16034832,,65629848,213923502
MSV.AX,annual,2025-06-30,AUD,196650587,25845132,false,1985080,,-19974783,23860052,212639931,212639931,10767711,1345083,,61035549,211962408
MSV.AX,annual,2026-06-30,AUD,207435763,42910817,false,21639950,,-18847018,21270867,211963745,211963745,11423377,12144332,,68328080,212450530
MTM.AX,annual,2022-06-30,AUD,,-1260916,false,-1275970,,-1769274,15054,42572129,42572129,21682,1398709,,32665,45532533
MTM.AX,annual,2023-06-30,AUD,,-1727345,false,-1746208,,-2122647,18863,65181790,65181790,13734,2563066,,32665,98380058
MTM.AX,annual,2024-06-30,AUD,,-3590413,false,-3610374,,-2490370,19961,150624635,150624635,4913,2493068,,22650,281106855
MTO.AX,annual,2022-06-30,AUD,,,false,,,,,61804813,61707000,,,,,
MTO.AX,annual,2023-06-30,AUD,561496000,53547000,false,36577000,,-3138000,16970000,70379205,69522000,149656000,24734000,,197572000,73677259
MTO.AX,annual,2024-06-30,AUD,575146000,45589000,false,26301000,,-3149000,19288000,73782000,73782000,144509000,12141000,,200167000,73806444
MTO.AX,annual,2025-06-30,AUD,633268000,50090000,false,30131000,,-3223000,19959000,73806444,73806444,131840000,30986000,,206566000,73806444
MTO.AX,annual,2026-06-30,AUD,768981000,61378000,false,38746000,,-4134000,22632000,,,153985000,43038000,,215437000,73862998
MVF.AX,annual,2022-06-30,AUD,192294000,41441000,false,26653000,,-11763000,14788000,389634840,389634840,86994000,7874000,,1976000,389634840
MVF.AX,annual,2023-06-30,AUD,213590000,46413000,false,31070000,,-27789000,15343000,389634840,389634840,100039000,8005000,,1873000,389634840
MVF.AX,annual,2024-06-30,AUD,254960000,10780000,false,-7798000,,-21672000,18578000,389634840,389634840,135370000,11333000,,4754000,389634840
MXI.AX,annual,2022-06-30,AUD,,,false,,,,,40928976,40928976,,,,,
MXI.AX,annual,2023-06-30,AUD,201677000,16800000,false,11192000,,-1606000,5608000,47470515,47470515,49751000,13952000,,1469000,47698312
MXI.AX,annual,2024-06-30,AUD,243883000,20221000,false,11133000,,-1394000,9088000,52227089,52227089,68163000,13627000,,1904000,55157839
MXI.AX,annual,2025-06-30,AUD,267130000,25428000,false,14937000,,-1099000,10491000,55317098,55317098,62665000,15322000,,105289000,55444832
MXI.AX,annual,2026-06-30,AUD,274386000,26700000,false,15413000,,-1235000,11287000,,,48678000,23518000,,110259000,55565957
MYE.AX,annual,2022-06-30,AUD,,,false,,,,,123003262,123003262,21027000,,,,
MYE.AX,annual,2023-06-30,AUD,514214000,-34060000,false,-69832000,,-29752000,35772000,150122442,150122442,71928000,12902000,,32755000,300991221
MYE.AX,annual,2024-06-30,AUD,294139000,31383000,false,21824000,,-4218000,9559000,350823009,305072822,7216000,26036000,,73577000,306525971
MYE.AX,annual,2025-06-30,AUD,213821000,11734000,false,4105000,,-3833000,7629000,308056301,308056301,5136000,30423000,,73975000,308648210
MYE.AX,annual,2026-06-30,AUD,237697000,12111000,false,7030000,,-2096000,5081000,,,3340000,47224000,,76691000,308648210
MYG.AX,annual,2022-06-30,AUD,,,false,,,,,,,5809819,,,,
MYG.AX,annual,2023-06-30,AUD,77580530,6302736,false,4175949,,-912924,2126787,90584371,90584371,3856996,4945788,,29804282,90567620
MYG.AX,annual,2024-06-30,AUD,85518363,6899901,false,4871742,,-795131,2028159,91756205,90615609,3257692,16323942,,34147025,91469050
MYG.AX,annual,2025-06-30,AUD,117807598,11915490,false,9981585,,-721192,1933905,94280112,93465022,2333747,16923730,,34689376,95005983
MYG.AX,annual,2026-06-30,AUD,168700697,16365682,false,13004124,,-10561228,3361558,109501512,108848459,6870066,21830937,,80027130,117860988
MYX.AX,annual,2022-06-30,AUD,423915000,-104639000,false,-185720000,,-11853000,81081000,82298150,82298150,413666000,96672000,,-7653000,88242037
MYX.AX,annual,2023-06-30,AUD,182390000,-175868000,false,-241309000,,-219585000,65441000,82297000,82297000,47505000,92616000,,634360000,83422114
MYX.AX,annual,2024-06-30,AUD,387904000,-87127000,false,-155586000,,-20862000,68459000,79620000,79620000,38821000,110068000,,454188000,81245827
MYX.AX,annual,2026-06-30,AUD,378370000,138631000,false,74946000,,-3320000,63685000,79944000,79944000,43197000,80003000,,390941000,81245827
NAN.AX,annual,2022-06-30,AUD,,,false,,,,,306721311,301233262,,,,,
NAN.AX,annual,2023-06-30,AUD,167515000,29503000,false,22367000,,-3571000,7136000,306363636,301464318,10720000,112159000,,163860000,302315760
NAN.AX,annual,2024-06-30,AUD,171561000,21723000,false,14091000,,-2517000,7632000,308857143,302729784,9303000,129552000,,182202000,302997848
NAN.AX,annual,2025-06-30,AUD,198929000,31820000,false,23751000,,-8723000,8069000,309058296,303397829,7686000,161292000,,209910000,303632742
NAN.AX,annual,2026-06-30,AUD,203893000,30510000,false,21793000,,-5136000,8717000,,,23131000,155222000,,217510000,298910874
NCK.AX,annual,2022-06-30,AUD,,,false,,,,,,,,,,,
NCK.AX,annual,2023-06-30,AUD,507723000,199518000,false,156756000,,-12888000,42762000,81000000,81000000,318165000,89251000,,179913000,81000000
NCK.AX,annual,2024-06-30,AUD,468189000,176946000,false,131536000,,-28455000,45410000,81647195,81647195,320372000,81331000,,257779000,85230700
NCK.AX,annual,2025-06-30,AUD,495283000,157491000,false,104235000,,-14572000,53256000,85434535,85434535,316140000,100993000,,266678000,85530699
NCK.AX,annual,2026-06-30,AUD,516704000,169952000,false,113924000,,-22986000,56028000,85530699,85530699,350066000,106594000,,279771000,85530699
NEC.AX,annual,2022-06-30,AUD,,,false,,,,,,,,,,,
NEC.AX,annual,2023-06-30,AUD,2694602000,465358000,false,309652000,,-97840000,155706000,1671636000,1671636000,1013239000,119676000,,193645000,1627706781
NEC.AX,annual,2024-06-30,AUD,2619429000,405451000,false,249237000,,-136999000,156214000,1614981000,1614981000,1079218000,92860000,,197707000,1585762123
NEC.AX,annual,2025-06-30,AUD,2676473000,397439000,false,239368000,,-135031000,158071000,1583658000,1583658000,1058565000,141668000,,204952000,1585762123
NEC.AX,annual,2026-06-30,AUD,2198968000,-360416000,false,-459060000,,-126637000,98644000,1594281260,1584147000,1669764000,92387000,,796000,1585762123
NEM.AX,annual,2021-12-31,USD,,,false,,,,,,,87000000,,,,
NEM.AX,annual,2022-12-31,USD,1.1915e+10,2361000000,false,176000000,3220000000,-2131000000,2185000000,795000000,794000000,6132000000,2877000000,,179000000,793000000
NEM.AX,annual,2023-12-31,USD,1.1812e+10,320000000,false,-1788000000,2763000000,-2666000000,2108000000,841000000,841000000,9436000000,3002000000,,178000000,1152491820
NEM.AX,annual,2024-12-31,USD,1.8682e+10,7528000000,false,4952000000,6363000000,-3402000000,2576000000,1148000000,1146000000,8972000000,3619000000,,181000000,1126980806
NEM.AX,annual,2025-12-31,USD,2.2669e+10,1.4092e+10,false,1.1571e+10,1.0334e+10,-3035000000,2521000000,1108000000,1106000000,5589000000,7647000000,,175000000,1089000000
NEM.AX,quarterly,2024-12-31,USD,,,false,,,,,,,924000000,,,,
NEM.AX,quarterly,2025-03-31,USD,,,false,,,,,1127000000,1126000000,,,,,
NEM.AX,quarterly,2025-06-30,USD,5317000000,3803000000,false,3183000000,2384000000,-674000000,620000000,1112000000,1110000000,7607000000,6185000000,,175000000,1101000000
NEM.AX,quarterly,2025-09-30,USD,5524000000,3202000000,false,2559000000,2298000000,-727000000,643000000,,,5651000000,5639000000,,185000000,1093000000
NEM.AX,quarterly,2025-12-31,USD,6818000000,3944000000,false,3279000000,3621000000,-808000000,665000000,1094000000,1090000000,5589000000,7647000000,,175000000,1089000000
NEM.AX,quarterly,2026-03-31,USD,7307000000,5254000000,false,4622000000,3785000000,-641000000,632000000,1087000000,1085000000,5532000000,8775000000,,172000000,1073000000
NEM.AX,quarterly,2026-06-30,USD,6118000000,3638000000,false,3034000000,2924000000,-719000000,604000000,1067000000,1065000000,5598000000,9009000000,,171000000,1059000000
NEU.AX,annual,2021-12-31,AUD,,,false,,,,,117770052,,,,,,
NEU.AX,annual,2022-12-31,AUD,14553000,-1596000,false,-1606000,,-19000,10000,125965676,125965676,,40180000,,41589000,128965676
NEU.AX,annual,2023-12-31,AUD,231925000,199228000,false,199211000,,-40000,17000,130791840,127069512,,17094000,,205207000,129665676
NEU.AX,annual,2024-12-31,AUD,213243000,175572000,false,175550000,,-10000,22000,,127769432,,3153000,,363904000,129262624
NEU.AX,annual,2025-12-31,AUD,64634000,22024000,false,22001000,,-37000,23000,130795015,128241465,,4227000,,338454000,126639526
NH3.AX,annual,2022-06-30,AUD,,-14712028,false,-14719299,,-508885,7271,456196035,456196035,,2398757,,3810907,512915901
NH3.AX,annual,2023-06-30,AUD,,-2004275,false,-2006383,,-211653,2108,512915901,512915901,,1534879,,2855697,512915901
NH3.AX,annual,2024-06-30,AUD,,-1489625,false,-1495503,,-227236,5878,512915901,512915901,1000000,980515,,1300194,512915901
NH3.AX,annual,2025-06-30,AUD,,,false,,,,,535956567,535956567,,,,,
NHC.AX,annual,2022-07-31,AUD,2540884000,1564083000,false,1422947000,,-77829000,141136000,927366981,832357082,290984000,715714000,,2315531000,832357082
NHC.AX,annual,2023-07-31,AUD,2700659000,1696476000,false,1554902000,,-186987000,141574000,916865093,863236771,96891000,730654000,,2521406000,845335464
NHC.AX,annual,2024-07-31,AUD,1765335000,873825000,false,705752000,,-272304000,168073000,,845009023,372869000,638760000,,2543151000,845335464
NHC.AX,annual,2025-07-31,AUD,1750704000,1009312000,false,629733000,,-311192000,379579000,844210706,844210706,372848000,331850000,,2627725000,842800780
NIC.AX,annual,2021-12-31,USD,,,false,,,,,,,,,,,
NIC.AX,annual,2022-12-31,USD,1217041820,317411944,false,250813742,,-9393090,66598202,2681507652,2681507652,559288118,144242357,,515925058,2681507652
NIC.AX,annual,2023-12-31,USD,1880104794,405845007,false,294188624,,-58994541,111656383,3407121639,3407121639,845023428,284053495,,481588522,4285809880
NIC.AX,annual,2024-12-31,USD,1744452733,62717389,false,-65260792,,-72603601,127978181,4286935563,4286935563,1054562420,210953629,,432212366,4289809880
NIC.AX,annual,2025-12-31,USD,1649099517,249129372,false,133874069,,-35943896,115255303,4329728129,4329728129,1226113016,323327295,,415444356,4340935875
NMG.AX,annual,2021-09-30,AUD,,,false,,,,,,,3459895,,,,
NMG.AX,annual,2022-09-30,AUD,,-2051753,false,-2064702,,-1156619,12949,1533982889,1533982889,4317274,108691,,-4393326,1574770052
NMG.AX,annual,2023-09-30,AUD,,-1972996,false,-2025320,,-3671324,52324,2798976211,2798976211,165362,2302651,,4965840,4781425668
NMG.AX,annual,2024-09-30,AUD,,-2759994,false,-2871951,,-6228849,111957,6080461906,6080461906,112265,3392660,,13660549,7146326298
NMG.AX,annual,2025-09-30,AUD,17959900,4947415,false,4794583,,-17997648,152832,8924981168,8924981168,479432,19747642,,58239254,1.07930416e+10
NNL.AX,annual,2022-06-30,AUD,,-1643380,false,-1643380,,-452283,,61270002,61270002,,10749842,,12016462,115225006
NNL.AX,annual,2023-06-30,AUD,,-2437858,false,-2437858,,-5025683,,115225006,115225006,,5387349,,11658118,115225006
NNL.AX,annual,2024-06-30,AUD,,-1911803,false,-1911803,,-4671170,,122584807,122584807,110674,1133431,,11892061,129883846
NST.AX,annual,2022-06-30,AUD,,,false,,,,,,,,,,,
NST.AX,annual,2023-06-30,AUD,4131100000,1232300000,false,901900000,,-1061200000,330400000,1163419483,1152360065,1322100000,1133300000,,8483500000,1150204664
NST.AX,annual,2024-06-30,AUD,4921200000,2161400000,false,1029200000,,-1504500000,1132200000,1158802178,1148244312,1344300000,1119600000,,8790900000,1149181616
NST.AX,annual,2025-06-30,AUD,6414900000,3434600000,false,2069400000,,-2296500000,1365200000,1200448029,1200223283,1710200000,1585100000,,1.49172e+10,1428548599
NST.AX,annual,2026-06-30,AUD,7623100000,4124500000,false,2528900000,,-2712700000,1595600000,1438461538,1428591450,1724700000,1018100000,,1.56819e+10,1423486727
NTU.AX,annual,2022-06-30,AUD,3903401,-16449700,false,-24193825,,-493615,7744125,4856488010,4856488010,433744,2857574,,5582230,4864364699
NTU.AX,annual,2023-06-30,AUD,6538,-20292573,false,-20937520,,-115084,644947,5002396629,5002396629,13360772,11688161,,-6466872,5081999308
NTU.AX,annual,2024-06-30,AUD,,-28670218,false,-29358149,,-376606,687931,5762364605,5762364605,15402882,8253482,,-14006140,5915332642
NTU.AX,annual,2025-06-30,AUD,,,false,,,,,7565303897,7565303897,,,,,
NVA.AX,annual,2022-06-30,AUD,0,34544886,false,34544886,-2855761,-25855055,346828,189016643,176847043,,21278936,,7581625,180202285
NVA.AX,annual,2023-06-30,AUD,0,-11212209,false,-11212209,-3083677,-23860808,456904,198977884,198977884,6532332,19240707,,7786784,210889961
NVA.AX,annual,2024-06-30,AUD,0,-15693980,false,-15693980,-3666768,-12654451,592385,211477929,211477929,7058247,3149909,,7688485,215056881
NVA.AX,annual,2025-06-30,AUD,0,-10741213,false,-10741213,,-5748353,,287532079,287532079,,9083315,,7692945,322997417
NVA.AX,quarterly,2024-12-31,AUD,,,false,,,,,,,12661247,4085606,,8145165,278943573
NVA.AX,quarterly,2025-03-31,AUD,,,false,,,-783000,,,,,,,,
NVA.AX,quarterly,2025-06-30,AUD,,,false,,,-1489353,,,,,9083315,,7692945,322997417
NVA.AX,quarterly,2025-12-31,AUD,,,false,,,-9528448,,,,6092146,59176087,,7477917,455131303
NVA.AX,quarterly,2026-03-31,AUD,,,false,,,-9057000,,,,,,,,
NVX.AX,annual,2022-06-30,USD,6101155,-46177118,false,-50391738,-29229355,-83790087,4214620,464437628,464437628,,,,,
NVX.AX,annual,2023-12-31,USD,8054528,-38862526,false,-43602661,-36228423,-19195796,4739719,487474460,487474460,69387750,78713885,,183936275,488733461
NVX.AX,annual,2024-12-31,USD,5854424,-66613997,false,-71182966,-40417769,-29906572,4568969,496862010,496862010,71454497,42557621,,137590257,567941993
NVX.AX,annual,2025-12-31,USD,5617119,-76239045,false,-80809901,-42199799,-60183045,4570856,681677490,681677490,100336817,79865999,,161671072,840073798
NVX.AX,quarterly,2024-12-31,USD,,,false,,,,,,,71454497,42557621,,137590257,567941993
NVX.AX,quarterly,2025-03-31,USD,,,false,,,-9632000,,,,,,,,
NVX.AX,quarterly,2025-06-30,USD,,,false,,,-24430594,,,,71803034,24820758,,143827572,636199259
NVX.AX,quarterly,2025-12-31,USD,,,false,,,-12394045,,,,100336817,79865999,,161671072,840073798
NVX.AX,quarterly,2026-03-31,USD,,,false,,,-6770000,,,,,,,,
NVX.AX,quarterly,2026-06-30,USD,,,false,,,-2259977,,,,91317024,59534916,,157337005,991596744
NWH.AX,annual,2022-06-30,AUD,,,false,,,,,,,,,,,
NWH.AX,annual,2023-06-30,AUD,2667064000,268760000,false,140342000,,-187296000,128418000,460403226,450404000,311920000,227580000,,610122000,451247975
NWH.AX,annual,2024-06-30,AUD,2913007000,306729000,false,161176000,,-194831000,145553000,462977974,453913000,325459000,246648000,,652556000,455102564
NWH.AX,annual,2025-06-30,AUD,3267690000,250869000,false,60279000,,-154425000,190590000,461233333,456712000,411120000,265744000,,610014000,457362463
NWH.AX,annual,2026-06-30,AUD,4293271000,462615000,false,247536000,,-150950000,215079000,464493939,458942000,585496000,319668000,,111000,459466948
NWL.AX,annual,2022-06-30,AUD,,,false,78734000,,,,243810451,243810451,,89462000,,,
NWL.AX,annual,2023-06-30,AUD,206664000,97411000,true,94132000,,-5641000,3279000,243867831,243867831,13586000,109482000,,123049000,243891092
NWL.AX,annual,2024-06-30,AUD,246748000,,false,,,-4908000,3656000,244486804,244055799,14915000,126676000,,144520000,244034237
NWL.AX,annual,2025-06-30,AUD,312296000,,false,,,-7903000,5769000,245305263,244651602,13504000,148518000,,199137000,245021517
NWL.AX,annual,2026-06-30,AUD,371654000,,false,,,-13476000,8155000,,,70409000,149396000,,161892000,245396703
NWS.AX,annual,2022-06-30,USD,,,false,,,6000000,548000000,,,266000000,,,,
NWS.AX,annual,2023-06-30,USD,8012000000,1089000000,false,674000000,777000000,-347000000,415000000,578800000,576000000,4207000000,1833000000,,881000000,571959816
NWS.AX,annual,2024-06-30,USD,8252000000,1241000000,false,801000000,897000000,-357000000,440000000,574000000,571000000,3103000000,1872000000,,891000000,569093921
NWS.AX,annual,2025-06-30,USD,8452000000,1415000000,false,956000000,978000000,-407000000,459000000,569900000,567700000,2940000000,2403000000,,615000000,565385686
NWS.AX,annual,2026-06-30,USD,9028000000,1627000000,false,1142000000,1237000000,-426000000,485000000,558400000,556500000,2915000000,2095000000,,710000000,543331412
NWS.AX,quarterly,2024-12-31,USD,,,false,,,,,570100000,,19000000,,,,
NWS.AX,quarterly,2025-03-31,USD,,,false,,,0,,569500000,567200000,22000000,,,,
NWS.AX,quarterly,2025-06-30,USD,2109000000,322000000,false,202000000,32000000,-157000000,120000000,,565900000,2940000000,2403000000,,615000000,565385686
NWS.AX,quarterly,2025-09-30,USD,2144000000,340000000,false,223000000,80000000,-81000000,117000000,,,2927000000,2198000000,,606000000,563864035
NWS.AX,quarterly,2025-12-31,USD,2362000000,521000000,false,403000000,236000000,-99000000,118000000,562000000,560600000,2923000000,2051000000,,670000000,557631202
NWS.AX,quarterly,2026-03-31,USD,2185000000,343000000,false,221000000,493000000,-100000000,122000000,555700000,554000000,2929000000,2171000000,,697000000,550237241
NWS.AX,quarterly,2026-06-30,USD,2337000000,423000000,false,295000000,428000000,-146000000,128000000,548900000,546500000,2915000000,2095000000,,710000000,543331412
NXG.AX,annual,2021-12-31,CAD,,,false,,,,,,,72011000,,,27740000,
NXG.AX,annual,2022-12-31,CAD,0,-57110000,false,-58924000,-20176000,-68053000,1814000,479680438,479680438,82484000,134447000,,37541000,482530145
NXG.AX,annual,2023-12-31,CAD,0,76811000,false,75007000,-52616000,-115807000,1804000,529214619,498243824,160420000,290743000,,0,525340525
NXG.AX,annual,2024-12-31,CAD,0,-47267000,false,-49519000,-24087000,-130683000,2252000,554755412,554755412,456709000,476587000,,0,569088514
NXG.AX,annual,2025-12-31,CAD,0,-246637000,false,-248837000,-47512000,-185599000,2200000,588395935,588395935,586911000,802578000,,1832108000,659960072
NXG.AX,quarterly,2024-12-31,CAD,,,false,,,,,,,91000,,,0,
NXG.AX,quarterly,2025-03-31,CAD,,,false,,,,,569091848,569091848,,,,,
NXG.AX,quarterly,2025-06-30,CAD,0,-72131000,false,-72661000,-10927000,-25906000,530000,570022148,570022148,489080000,371556000,,1025889000,571025299
NXG.AX,quarterly,2025-09-30,CAD,0,-115093000,false,-115651000,-10437000,-66106000,558000,,,592738000,305985000,,918801000,575181968
NXG.AX,quarterly,2025-12-31,CAD,0,-31318000,false,-31882000,-25005000,-65520000,564000,,,586911000,802578000,,1832108000,659960072
NXG.AX,quarterly,2026-03-31,CAD,0,-144689000,false,-145117000,-10505000,-81055000,428000,660738446,660738446,714623000,655437000,,1697930000,661441087
NXG.AX,quarterly,2026-06-30,CAD,0,81789000,false,81372000,-10008000,-74055000,417000,705270006,665698655,613068000,756173000,,1844287000,670506101
NXL.AX,annual,2022-06-30,AUD,152310000,13175000,false,-22475000,,-44746000,35650000,317314794,317314794,13650000,46846000,,269067000,317314794
NXL.AX,annual,2023-06-30,AUD,182465000,36651000,false,-4054000,,-41240000,40705000,317375912,317375912,11116000,29588000,,270842000,317499158
NXL.AX,annual,2024-06-30,AUD,220617000,59169000,false,9058000,,-33099000,50111000,323528786,323528786,9772000,38032000,,286692000,323528786
NXL.AX,annual,2026-06-30,AUD,,,false,,,,,335133174,335133174,,,,,
NXT.AX,annual,2022-06-30,AUD,,,false,,,,,,,,,,,
NXT.AX,annual,2023-06-30,AUD,362369000,188077000,false,50207000,,-705999000,137870000,475038230,475038230,1442073000,765841000,,2276618000,529670240
NXT.AX,annual,2024-06-30,AUD,404337000,217767000,false,50068000,,-938452000,167699000,538405162,538405162,1455082000,1236192000,,3567100000,610968827
NXT.AX,annual,2025-06-30,AUD,427209000,227708000,false,19301000,,-1595800000,208407000,641529670,641529670,1206202000,243688000,,4150813000,651515509
NXT.AX,annual,2026-06-30,AUD,496492000,366985000,false,104479000,,-2107791000,262506000,672647541,659042104,3358602000,875978000,,6094944000,760416310
NYR.AX,annual,2022-06-30,AUD,,,false,,,-4756,,156008700,156008700,,,,,
NYR.AX,annual,2023-06-30,AUD,,-9353880,false,-9360414,,,6534,156008700,156008700,,3708761,,4258438,156008700
NYR.AX,annual,2024-06-30,AUD,,-4789064,false,-4794247,,,5183,163006508,163006508,,4769374,,5051630,182208698
NYR.AX,annual,2025-06-30,AUD,,-7400697,false,-7404474,,,3777,200054135,200054135,,2930601,,3577011,210917037
NYR.AX,annual,2026-06-30,AUD,,-8747519,false,-8750730,,-9845,3211,,,,8384581,,9543474,247092830
NZK.AX,annual,2022-01-31,NZD,174530000,-75080000,false,-85205000,,-13185000,10125000,280253748,280253748,55592000,2913000,,111229000,283951378
NZK.AX,annual,2023-01-31,NZD,167131000,11319000,false,3404000,,-5221000,7915000,431642000,431642000,11484000,19221000,,167906000,541455000
NZK.AX,annual,2024-01-31,NZD,187106000,47830000,false,40245000,,-6306000,7585000,541455000,541455000,12317000,20908000,,190295000,541455000
NZK.AX,annual,2025-01-31,NZD,210993000,27413000,false,19276000,,-10743000,8137000,538433000,538433000,14986000,49738000,,197031000,538183000
NZM.AX,annual,2021-12-31,NZD,,,false,,,,,,,,,,-86000,
NZM.AX,annual,2022-12-31,NZD,355433000,59617000,false,32226000,,-10686000,27391000,200025663,193375810,114308000,5670000,,-789000,183914000
NZM.AX,annual,2023-12-31,NZD,340752000,49553000,false,20930000,,-3314000,28623000,191165919,183913614,108167000,5524000,,132447000,183914000
NZM.AX,annual,2024-12-31,NZD,345924000,20591000,false,-9295000,,-12714000,29886000,186668673,186668673,108567000,4641000,,101263000,187900000
NZM.AX,annual,2025-12-31,NZD,341279000,52105000,false,21146000,,-10659000,30959000,189666667,187899804,95990000,8804000,,97860000,187900000
OBM.AX,annual,2022-06-30,AUD,154261000,-46095000,false,-87810000,,-39171000,41715000,1095341781,1095341781,24340000,27755000,,34835000,1373987303
OBM.AX,annual,2023-06-30,AUD,135888000,-24374000,false,-42161000,,-16726000,17787000,1367656798,1367656798,31799000,24729000,,31085000,1694943693
OBM.AX,annual,2024-06-30,AUD,214236000,54384000,false,31660000,,-69091000,22724000,1875442177,1699339400,31088000,26804000,,96786000,1857093694
OBM.AX,annual,2026-06-30,AUD,807499000,434332000,false,318469000,,-213805000,115863000,2045364238,1984585653,31772000,267704000,,537018000,1927653086
OCA.AX,annual,2022-03-31,NZD,,,false,,,,,,,,,,,
OCA.AX,annual,2023-03-31,NZD,247178000,43794000,false,25870000,,-55160000,17924000,715333000,715333000,558387000,7439000,,962260000,720555185
OCA.AX,annual,2024-03-31,NZD,265463000,63353000,false,44367000,,-52016000,18986000,723320000,723320000,651723000,7485000,,1026456000,724154779
OCA.AX,annual,2025-03-31,NZD,260572000,68054000,false,45906000,,-39803000,22148000,724231000,724231000,638306000,7589000,,1101845000,724231030
OCA.AX,annual,2026-03-31,NZD,267139000,41121000,false,17374000,,-17789000,23747000,724231000,724231000,526811000,16587000,,1177933000,724231030
OCC.AX,annual,2022-06-30,AUD,,,false,,,,,,,,,,,
OCC.AX,annual,2023-06-30,AUD,4243069,-10340552,false,-10894673,,-631563,554121,197213393,197213393,562305,24817962,,6148953,197303071
OCC.AX,annual,2024-06-30,AUD,5315375,-11681119,false,-12198196,,-942018,517077,202008340,202008340,689693,20614440,,4532574,209326818
OCC.AX,annual,2025-06-30,AUD,7550681,-13427948,false,-13975479,,-359055,547531,223260569,223260569,576895,28619929,,14568834,243344093
OCC.AX,annual,2026-06-30,AUD,11407156,-18382952,false,-19102408,,-1268748,719456,263320720,263320720,970192,43952893,,34408578,272253637
OCL.AX,annual,2022-06-30,AUD,106366000,28980000,false,23456000,,-1213000,5524000,95897059,94423179,9217000,63794000,,61957000,94856118
OCL.AX,annual,2023-06-30,AUD,108919000,26943000,false,22006000,,-572000,4937000,96287671,94996551,15917000,72519000,,73549000,95116253
OCL.AX,annual,2024-06-30,AUD,114804000,44368000,false,38390000,,-15094000,5978000,96697531,95184283,13448000,95979000,,92301000,95090246
OCL.AX,annual,2025-06-30,AUD,,,false,,,,,95342877,,,,,,
OCN.AX,annual,2023-06-30,AUD,,-1478165,false,-1484204,,-1935340,6039,73144781,73144781,,2705790,,6154722,76479489
OCN.AX,annual,2024-06-30,AUD,,-2889524,false,-2893337,,-2222853,3813,92248716,92248716,,2148930,,7464313,93337153
OCN.AX,annual,2025-06-30,AUD,,,false,,,,,108060765,108060765,,,,,
OIL.AX,annual,2022-06-30,AUD,,,false,,,,,635456582,631123924,372702,,,,
OIL.AX,annual,2023-06-30,AUD,1680180,-3940394,false,-4319206,,-126860,378812,623290807,627569691,412288,875371,,3044436,630605182
OIL.AX,annual,2024-06-30,AUD,1155604,-5469496,false,-6036789,,-87351,567293,828589914,828589914,220905,6101137,,13867491,835340803
OIL.AX,annual,2025-06-30,AUD,951948,-5836227,false,-6265786,,-93070,429559,841075408,841075408,1480988,4551755,,7712014,841075408
OIL.AX,annual,2026-06-30,AUD,448769,-6569173,false,-6891852,,-256003,322679,,,1344651,14352018,,18944972,1044176632
OMA.AX,annual,2023-06-30,AUD,78454,-4986319,false,-5038801,,-15632712,52482,115997891,115997891,359136,2154670,,20034681,163528977
OMA.AX,annual,2024-06-30,AUD,,-2086552,false,-2212594,,-4328898,126042,245025753,245025753,65910,17279900,,38864020,283901327
OMA.AX,annual,2025-06-30,AUD,,,false,,,,,315564418,315564418,,,,,
OMH.AX,annual,2021-12-31,USD,,,false,,,,,,,,,,,
OMH.AX,annual,2022-12-31,USD,856552000,151367000,false,124110000,,-39963000,27257000,736612378,736612378,483848000,53262000,,3624000,738623337
OMH.AX,annual,2023-12-31,USD,589235000,95252000,false,60061000,,-21772000,35191000,740244898,740244898,270812000,60491000,,3269000,766257000
OMH.AX,annual,2024-12-31,USD,654274000,76056000,false,47113000,,-10269000,28943000,762622951,762622951,225375000,67904000,,3579000,766257000
OMH.AX,annual,2025-12-31,USD,636305000,46715000,false,13038000,,-5594000,33677000,766257000,766257000,215778000,23875000,,2647000,766257000
OML.AX,annual,2021-12-31,AUD,,,false,,,,,,,,,,,
OML.AX,annual,2022-12-31,AUD,592623000,255165000,false,54500000,,-27037000,200665000,595353161,595353161,827896000,40048000,,-905000,581083960
OML.AX,annual,2023-12-31,AUD,633911000,244920000,false,62077000,,-39749000,182843000,551226115,549391370,806840000,31647000,,-905000,538781286
OML.AX,annual,2024-12-31,AUD,635630000,246442000,false,62790000,,-45017000,183652000,534916337,534916337,956927000,19787000,,-905000,538781286
OML.AX,annual,2025-12-31,AUD,691365000,249452000,false,46284000,,-54404000,203168000,535393659,535393659,1067269000,18257000,,-905000,538781286
ONE.AX,annual,2021-12-31,EUR,,,false,,,,,,,,,,,
ONE.AX,annual,2022-12-31,EUR,8921499,-10088318,false,-10762221,,-44518,673903,522319679,522319679,543011,6409936,,2256547,534990444
ONE.AX,annual,2023-12-31,EUR,9397373,-7881820,false,-8367798,,-521377,485978,588668829,588668829,935322,11548825,,9139661,671482227
ONE.AX,annual,2024-12-31,EUR,9894534,-10097516,false,-10622323,,-459779,524807,684418316,684418316,1150235,13832666,,13250661,760494800
ONE.AX,annual,2025-12-31,EUR,12001000,-10474000,false,-10989000,,-117000,515000,765103000,765103000,1109000,4602000,,3644000,767229891
ORA.AX,annual,2022-06-30,AUD,,,false,,,,,,,,,,,
ORA.AX,annual,2023-06-30,AUD,4291300000,403200000,false,280200000,,-189700000,123000000,911421278,902417540,1060000000,58400000,,800200000,904720674
ORA.AX,annual,2024-06-30,AUD,4697600000,565700000,false,357600000,,-260800000,208100000,1259863946,1248900000,2417900000,274700000,,2091700000,1343500000
ORA.AX,annual,2025-06-30,AUD,2090200000,299500000,false,142800000,,-266600000,156700000,1334842250,1325000000,653300000,257400000,,2896600000,1281381000
ORA.AX,annual,2026-06-30,AUD,2225900000,-366300000,false,-538400000,,-194300000,172100000,1244600000,1244600000,1159900000,513100000,,1933300000,1225343000
ORE.AX,annual,2021-12-31,USD,,,false,,,,257841,,,,,,,
ORE.AX,annual,2022-12-31,USD,43431000,6402000,false,3520000,6582000,-106054000,2881886,346650000,329885000,122871000,9158000,,-8792000,336328240
ORE.AX,annual,2023-12-31,USD,271491000,107879000,false,78074000,79950000,-44546000,29805000,368309000,358222000,93400000,19483000,,-2508000,365055996
ORE.AX,annual,2024-12-31,USD,283517000,127034000,false,98554000,57697000,-47005000,28480000,414258000,407054000,99858000,74021000,,6222000,466107137
ORE.AX,annual,2025-12-31,USD,376624000,172187000,false,138414000,99476000,-139802000,33773000,589990909,540825000,119043000,97952000,,10511000,598260121
ORE.AX,quarterly,2024-12-31,USD,,,false,,,,,,,,,,,
ORE.AX,quarterly,2025-03-31,USD,,,false,,,,,,,,,,,
ORE.AX,quarterly,2025-06-30,USD,94512000,40269000,false,31159000,16357000,-44066000,9110000,592072000,529774000,98772000,72592000,,10312000,532009981
ORE.AX,quarterly,2025-09-30,USD,68947000,28871000,false,21686000,2819000,-34952000,7185000,633789000,571349000,112952000,85335000,,4746000,597884839
ORE.AX,quarterly,2025-12-31,USD,130450000,61864000,false,53079000,52596000,-36436000,8785000,551640000,551640000,119043000,97952000,,10511000,598260121
ORE.AX,quarterly,2026-03-31,USD,185938000,90992000,false,80377000,175639000,-50976000,10615000,671037000,604164000,110344000,48342000,,19971000,666967879
ORE.AX,quarterly,2026-06-30,USD,271633000,119592000,false,100268000,109281000,-7101000,19324000,735112000,667008000,99750000,96674000,,10173000,667219276
ORG.AX,annual,2022-06-30,AUD,,,false,,,,,,,257000000,,,25000000,
ORG.AX,annual,2023-06-30,AUD,1.6375e+10,2178000000,false,1651000000,,-475000000,527000000,1732348112,1720567672,3258000000,463000000,,20000000,1721000911
ORG.AX,annual,2024-06-30,AUD,1.5976e+10,2672000000,false,2151000000,,-653000000,521000000,1728960396,1722199759,3378000000,625000000,,9489000000,1717763208
ORG.AX,annual,2025-06-30,AUD,1.7118e+10,2315000000,false,1750000000,,-1473000000,565000000,1724097788,1717640861,4842000000,161000000,,-1000000,1715933982
ORG.AX,annual,2026-06-30,AUD,1.5428e+10,2403000000,false,1824000000,,-969000000,579000000,1725877193,1719898967,4986000000,307000000,,-1000000,1722747671
ORN.AX,annual,2022-06-30,AUD,,-15092000,false,-15237000,,-4680000,145000,4347754151,4347754151,4075000,4306000,,-4915000,4513295398
ORN.AX,annual,2023-06-30,AUD,,-16524000,false,-16696000,,-3953000,172000,4920048435,4920048435,3501000,12187000,,-8245000,5647048572
ORN.AX,annual,2024-06-30,AUD,,-4984000,false,-5417000,,-16896000,433000,5810951128,,25856000,8270000,,-9243000,6568481622
OSM.AX,annual,2022-06-30,AUD,,-859506,false,-859506,,-129904,,24367899,24367899,,4570907,,5286412,51854368
OSM.AX,annual,2023-06-30,AUD,51447,-829572,false,-830449,,-607854,877,49765245,49765245,,4156093,,5478604,56155562
OSM.AX,annual,2024-06-30,AUD,157679,-1422783,false,-1424013,,-1246352,1230,63183531,63183531,,3389312,,5173695,63362707
OSM.AX,annual,2025-06-30,AUD,,-14014125,false,-14014125,,-375255,,82857457,82857457,,4298898,,13406575,98146520
PAR.AX,annual,2022-06-30,AUD,79224,-39159982,false,-39220951,,,60969,,,616669,39674413,,42312611,240964399
PAR.AX,annual,2023-06-30,AUD,46760,-51893597,false,-51893597,,,,289678353,289678353,341665,56333085,,53677771,289678353
PAR.AX,annual,2024-06-30,AUD,65800,-58492082,false,-58638818,,,146736,293283517,293283517,239330,17820827,,23806097,350364346
PAR.AX,annual,2025-06-30,AUD,,,false,,,,,314501124,314501124,,,,,
PAR.AX,annual,2026-06-30,AUD,80150,-53719975,false,-53870363,,-491119,150388,370033486,370033486,7509800,15372933,,3470745,584843595
PBH.AX,annual,2022-06-30,AUD,296483000,-233199000,false,-264552000,,-92937000,31353000,255424000,255424000,97408000,519596000,,736355000,303618212
PBH.AX,annual,2023-06-30,AUD,210298000,-78739000,false,-106701000,,-49889000,27962000,306078000,306078000,3591000,212052000,,501455000,307077723
PBH.AX,annual,2024-06-30,AUD,245492000,-3418000,false,-30877000,,-15933000,27459000,318057000,318057000,2245000,42176000,,19257000,328674447
PDI.AX,annual,2022-06-30,AUD,,-9782713,false,-10004460,,-712097,221747,1373148452,1373148452,,42035541,,74079719,1598129728
PDI.AX,annual,2023-06-30,AUD,,-10541907,false,-11065963,,-493844,524056,1764613613,1764613613,313241,44894558,,128843226,2067244088
PDI.AX,annual,2024-06-30,AUD,,-9936431,false,-10525895,,-36251069,589464,2112032411,2112032411,159327,29434172,,169945940,2346901983
PDN.AX,annual,2022-06-30,USD,4700000,,false,,,,,,,,,,,
PDN.AX,annual,2023-06-30,USD,,-9976000,false,-12744000,,-2644000,2768000,297939149,297939149,90489000,126636000,,-72490000,298014644
PDN.AX,annual,2024-06-30,USD,,84712000,false,71959000,,-17304000,12753000,299187981,299187981,167350000,48858000,,-73978000,298979523
PDN.AX,annual,2025-06-30,USD,177676000,-30371000,false,-48924000,,-48778000,18553000,352089348,352089348,197088000,89047000,,-105859000,398960289
PDN.AX,annual,2026-06-30,USD,304320000,62484000,false,17676000,,-49084000,44808000,440991736,437666111,155008000,151947000,,-120264000,449358421
PEB.AX,annual,2022-03-31,NZD,,,false,,,,,,,,,,,
PEB.AX,annual,2023-03-31,NZD,19616000,-32797000,false,-33460000,,-2909000,663000,810226000,810226000,1222000,77791000,,82763000,810365000
PEB.AX,annual,2024-03-31,NZD,23907000,-34036000,false,-36782000,,-1372000,2746000,810727000,810727000,4073000,50261000,,54622000,811271000
PEB.AX,annual,2025-03-31,NZD,21846000,-31759000,false,-34103000,,-1273000,2344000,811736000,811736000,2901000,22568000,,26085000,811916000
PEB.AX,annual,2026-03-31,NZD,11499000,-37009000,false,-39063000,,-132000,2054000,944534000,944534000,1285000,7776000,,10659000,1022632000
PEN.AX,annual,2022-06-30,USD,18300000,-5638000,false,-5836000,,-1022000,198000,69566853,69566853,16000,7582000,,-1042000,69604242
PEN.AX,annual,2023-06-30,USD,40400000,-4060000,false,-4445000,,-12362000,385000,80068508,80068508,4000,21455000,,-1044000,87733227
PEN.AX,annual,2024-06-30,USD,11866000,-5791000,false,-6149000,,-33037000,358000,117645317,117645317,1000,99854000,,-1038000,216461296
PEN.AX,annual,2025-06-30,USD,,-4529000,false,-5015000,,-81856000,486000,216899877,216899877,2000,9169000,,170116000,217503877
PFP.AX,annual,2022-06-30,AUD,,,false,,,,,,,,,,,
PFP.AX,annual,2023-06-30,AUD,168094000,43270000,false,31882000,,-19723000,11388000,117938166,117938166,173521000,46882000,,252617000,117959990
PFP.AX,annual,2024-06-30,AUD,209238000,50971000,false,36685000,,-26429000,14286000,125744150,125744150,169625000,7250000,,349716000,137873815
PFP.AX,annual,2025-06-30,AUD,224868000,53742000,false,38002000,,-25691000,15740000,137958171,137958171,171730000,9046000,,355069000,137973594
PFP.AX,annual,2026-06-30,AUD,225575000,52710000,false,36633000,,-27310000,16077000,137973594,137973594,186326000,12532000,,337507000,137973594
PGC.AX,annual,2022-06-30,AUD,247912000,24368000,false,16388000,,-4611000,7980000,463916084,454144365,131259000,46203000,,6304000,644268271
PGC.AX,annual,2023-06-30,AUD,307630000,37072000,false,26777000,,-21046000,10295000,668322981,655326539,122143000,22603000,,9108000,659345929
PGC.AX,annual,2024-06-30,AUD,2969885000,44762000,false,30294000,,-19317000,14468000,935227444,935227444,434418000,19944000,,291618000,1655305389
PGL.AX,annual,2022-06-30,AUD,,-3987565,false,-4136094,,-6962158,148529,132697012,132697012,251236,6998072,,-1111,143886856
PGL.AX,annual,2023-06-30,AUD,,-1300152,false,-1513260,,-6548819,213108,144147329,144147329,11257,4140068,,-1111,160166856
PGL.AX,annual,2024-06-30,AUD,,-1174779,false,-1318929,,-4052188,144150,172658756,172658756,142622,4703805,,-1111,174727479
PGL.AX,annual,2025-06-30,AUD,,,false,,,,,175311554,175311554,,,,,175394146
PHO.AX,annual,2022-06-30,AUD,,-1046905,false,-1666817,,-439949,9500,218671954,236250085,5528883,1809683,,-3585295,263197738
PHO.AX,annual,2023-06-30,AUD,,-8466199,false,-8489855,,-7023,8608,271648958,293485690,6162106,1188345,,-5956283,296472308
PHO.AX,annual,2024-06-30,AUD,,-1275039,false,-1287372,,-54171,12333,,299202719,6517492,548154,,-6300385,302235972
PHO.AX,annual,2025-06-30,AUD,,,false,,,,,305060254,305060254,,,,,
PLA.AX,annual,2022-06-30,AUD,,-6503932,false,-6521192,,-4172347,17260,229316028,229316028,,3050864,,35652198,241543663
PLA.AX,annual,2023-06-30,AUD,,-7138572,false,-7152915,,-3875764,14343,282972736,282972736,2789264,4141551,,33833588,316834266
PLA.AX,annual,2024-06-30,AUD,,-6340377,false,-6530330,,-9760973,189953,346262362,346262362,12979165,6797342,,44437253,395960011
PLA.AX,annual,2025-06-30,AUD,,-13408797,false,-13458081,,-16034141,49284,602804461,602804461,8472028,39200071,,154914024,837183455
PLS.AX,annual,2022-06-30,AUD,,,false,,,,,,,30483000,,,,
PLS.AX,annual,2023-06-30,AUD,4315533000,3501521000,false,3395682000,,-385540000,105839000,3029437476,2992158000,471949000,3338553000,,3390022000,2998187000
PLS.AX,annual,2024-06-30,AUD,1792977000,644908000,false,494531000,,-810001000,150377000,3040035503,3007854000,555743000,1626476000,,3244169000,3009721000
PLS.AX,annual,2025-06-30,AUD,890207000,75307000,false,-145982000,,-654345000,221289000,3094022000,3094022000,682211000,974536000,,3531404000,3217930000
PLS.AX,annual,2026-06-30,AUD,1539710000,1153316000,false,878785000,,-344332000,274531000,3257503098,3220483000,1232209000,2289977000,,3799000,3224789412
PME.AX,annual,2023-06-30,AUD,124787000,91687000,false,83761000,,-6446000,7926000,104565517,104406547,1851000,91248000,,138776000,104432253
PME.AX,annual,2024-06-30,AUD,161429000,120690000,false,112180000,,-6693000,8510000,104670038,104440687,2069000,123919000,,187728000,104424882
PME.AX,annual,2025-06-30,AUD,212905000,164850000,false,157614000,,-7377000,7236000,104647593,104476178,2255000,174536000,,256963000,104462909
PME.AX,annual,2026-06-30,AUD,261616000,204105000,false,196044000,,-8686000,8061000,104630915,104477037,2231000,216126000,,450915000,104469963
PMT.AX,annual,2022-03-31,CAD,,,false,,,,0,,,,,,,
PMT.AX,annual,2023-03-31,CAD,0,-6875000,false,-6875000,-7207000,-609000,21000,897299200,897299200,0,56724000,,70003000,99357207
PMT.AX,annual,2024-03-31,CAD,0,12639000,false,12639000,-16164000,-38384000,,1215357180,1153917230,365000,73004000,,203215000,135646627
PMT.AX,annual,2025-03-31,CAD,0,5559000,false,5559000,-6614000,-32260000,,1436815660,1436815660,375000,101173000,,316087000,162250235
PMT.AX,annual,2026-03-31,CAD,0,-7024000,false,-7024000,-7540000,-592000,,1651091100,1651091100,267000,174227000,,425369000,183802875
PMT.AX,quarterly,2024-12-31,CAD,,,false,,,,,1415519760,1415519760,,,,,
PMT.AX,quarterly,2025-03-31,CAD,,,false,,,,,,,,,,,
PMT.AX,quarterly,2025-06-30,CAD,0,540000,false,540000,-3035000,-374000,,1622700150,1622700150,349000,82813000,,315925000,162270235
PMT.AX,quarterly,2025-09-30,CAD,0,2121000,false,2121000,-4001000,-135000,,1622702350,1622702350,322000,61204000,,316669000,162270235
PMT.AX,quarterly,2025-12-31,CAD,0,-3276000,false,-3276000,240000,-34000,,1628845400,1628845400,295000,51262000,,320958000,163782795
PMT.AX,quarterly,2026-03-31,CAD,0,-6409000,false,-6409000,-744000,-49000,,,,267000,174227000,,425369000,183802875
PMT.AX,quarterly,2026-06-30,CAD,0,-465000,false,-465000,1688000,-78000,,1850426110,1850426110,239000,176192000,,438875000,185942801
PMV.AX,annual,2022-07-31,AUD,1497520000,562096000,false,395920000,,-8874000,166176000,158958000,158958000,308281000,471273000,,1677519000,158993000
PMV.AX,annual,2023-07-31,AUD,1643502000,548167000,false,387945000,,-16451000,160222000,160791269,159166000,568332000,417647000,,1741336000,159225000
PMV.AX,annual,2024-07-31,AUD,1596644000,528684000,false,362642000,,-29161000,166042000,160409229,159429000,547272000,409481000,,1795522000,159658438
PNR.AX,annual,2022-06-30,AUD,73520853,18598357,false,-8017708,,-69494049,26616065,85564368,85564368,56498415,52040884,,192896335,92649698
PNR.AX,annual,2023-06-30,AUD,98544119,-57482712,false,-99371809,,-63949100,41889097,119726210,119726210,79572991,42609969,,338219708,276707677
PNR.AX,annual,2024-06-30,AUD,229431930,48867898,false,-33550752,,-40727457,82418650,309565973,309565973,56116888,98121705,,413299878,379648853
PNR.AX,annual,2025-06-30,AUD,357302451,174846875,false,72290993,,-106739898,102555882,382868216,382868216,78354707,151645969,,509303409,392812933
PNV.AX,annual,2022-06-30,AUD,,,false,,,,,,,,,,,
PNV.AX,annual,2023-06-30,AUD,65241469,-2709517,false,-4746979,,-1528229,2037462,684454164,684454164,16043682,46846946,,65383142,690232751
PNV.AX,annual,2024-06-30,AUD,103192000,4047000,false,1852000,,-2897000,2195000,701466667,690232751,15380000,45907000,,72124000,690232751
PNV.AX,annual,2025-06-30,AUD,127243000,10452000,false,7755000,,-13931000,2697000,699153439,690722173,17135000,33535000,,83262000,690842000
PNV.AX,annual,2026-06-30,AUD,143706000,10750000,false,8064000,,-13797000,2686000,699142857,690842991,17613000,35424000,,90697000,690842000
POL.AX,annual,2022-06-30,AUD,,,false,,,,,,,,,,7101160,
POL.AX,annual,2023-06-30,AUD,,-7673137,false,-7681433,,-2395875,8296,89559192,89559192,1350000,2624195,,18421591,137714126
POL.AX,annual,2024-06-30,AUD,,-3190695,false,-3195137,,-4247386,4442,155690782,155690782,2505512,7875287,,26826568,186760665
POL.AX,annual,2025-06-30,AUD,1425,-42266928,false,-45590097,,-12584371,3323169,213908060,213908060,26830824,8375993,,18792782,249063677
POL.AX,annual,2026-06-30,AUD,100002365,-33146525,false,-43226572,,-9257841,10080047,290353195,290353195,27816150,19658063,,21087494,308744927
PPC.AX,annual,2022-06-30,AUD,213331000,77225000,false,74761000,,-1163000,2464000,483029946,483029946,307504000,55380000,,21619000,479132693
PPC.AX,annual,2023-06-30,AUD,309005000,99605000,false,97129000,,-900000,2476000,474145115,474145115,302250000,38790000,,21388000,471341362
PPC.AX,annual,2024-06-30,AUD,289393000,57119000,false,54776000,,-2331000,2343000,470573105,470573105,350181000,23758000,,20734000,468977190
PPC.AX,annual,2025-06-30,AUD,,,false,,,,,468375044,468375044,,,,,
PRG.AX,annual,2022-06-30,AUD,537738000,21589000,false,11617000,,-16601000,9972000,115581107,115581107,60612000,37338000,,2408000,115581107
PRG.AX,annual,2023-06-30,AUD,1150097000,61350000,false,50035000,,-24745000,11315000,115581107,115581107,112723000,65515000,,14993000,115581107
PRG.AX,annual,2024-06-30,AUD,1268393000,32134000,false,18052000,,-19371000,14082000,115581107,115581107,117407000,48907000,,18375000,115581107
PRG.AX,annual,2025-06-30,AUD,1477722000,37559000,false,21023000,,-24275000,16536000,114562237,114562237,114966000,66625000,,20371000,112349871
PRN.AX,annual,2022-06-30,AUD,,,false,,,,,,,,,,,
PRN.AX,annual,2023-06-30,AUD,2880136000,545182000,false,227538000,,-373921000,317644000,714470149,689850285,806362000,307360000,,16888000,682172308
PRN.AX,annual,2024-06-30,AUD,3342020000,625326000,false,246741000,,-335154000,378585000,909295238,879798156,928604000,459136000,,28664000,932759745
PRN.AX,annual,2025-06-30,AUD,3489546000,667684000,false,287087000,,-310453000,380597000,957261905,933225610,786044000,481322000,,40501000,928219955
PRN.AX,annual,2026-06-30,AUD,3338180000,560688000,false,241405000,,-348726000,319283000,936578399,936578399,571309000,322524000,,57281000,934800376
PRU.AX,annual,2022-06-30,USD,,,false,,,,,,,49900941.06,,,,
PRU.AX,annual,2023-06-30,USD,944192542.7,526247575.7,false,380956888.4,,-132488929.2,145290687.3,1379612653,1366691532,2582857.294,482493231.7,,142166369.9,1367986850
PRU.AX,annual,2024-06-30,USD,1025799000,616013000,false,473631000,,-121283000,142382000,1382861407,1372754995,3220000,536914000,,199698000,1373791215
PRU.AX,annual,2025-06-30,USD,1248082000,726940000,false,573135000,,-207121000,153805000,1381769747,1372345511,2754000,751829000,,209778000,1356195842
PRU.AX,annual,2026-06-30,USD,1483908000,844675000,false,727792000,,-469094000,116883000,1358208056,1349445628,2110000,924057000,,163686000,1327131493
PSC.AX,annual,2022-06-30,AUD,,-17819000,false,-17875000,,-4818000,56000,424258884,415154600,36000,474288000,,-900000,448759462
PSC.AX,annual,2023-06-30,AUD,,-5444000,false,-5550000,,-1583000,106000,462000558,462000558,98000,26191000,,29066000,462259462
PSC.AX,annual,2024-06-30,AUD,,-6809000,false,-6942000,,-2902000,133000,464875137,,41000,8337000,,-6000,478679885
PTN.AX,annual,2022-06-30,AUD,,-11173750,false,-11356150,,-31943,182400,841493774,841493774,,3646298,,10437800,866133947
PTN.AX,annual,2023-06-30,AUD,,-8792791,false,-8930126,,-16239,137335,1065607719,1065607719,,4468196,,18259252,1178150548
PTN.AX,annual,2024-06-30,AUD,,-8621668,false,-8702094,,-194559,80426,1178150548,1178150548,,16775800,,83996390,1178150548
PVE.AX,annual,2021-12-31,EUR,,,false,,,,,,,1120170,,,,
PVE.AX,annual,2022-12-31,EUR,,-731161,false,-739720,,-1800590,8559,1076661499,1076661499,139524,1536041,,12799443,1150961620
PVE.AX,annual,2023-12-31,EUR,2337315,1166936,false,949619,,-1592694,217317,1157419155,1157419155,124937,1252717,,13540524,1158961620
PVE.AX,annual,2024-12-31,EUR,6524036,4004873,false,3445462,,-427295,559411,1158961621,1158961621,101400,4993913,,15931675,1158961620
PVE.AX,annual,2025-12-31,EUR,7047458,4511343,false,3936206,,-1033183,575137,1158961620,1158961620,79762,2462580,,18655938,1158961620
PWH.AX,annual,2022-06-30,AUD,,,false,,,,,,,,,,,
PWH.AX,annual,2023-06-30,AUD,118326000,39249000,false,30774000,,-15046000,8475000,100357939,100357939,18287000,17626000,,88470000,100380340
PWH.AX,annual,2024-06-30,AUD,139392000,45560000,false,35430000,,-12293000,10130000,100452937,100452937,15867000,21664000,,100293000,100484131
PWH.AX,annual,2025-06-30,AUD,130099000,26133000,false,14142000,,-40566000,11991000,100543583,100543583,61096000,4449000,,100940000,100563910
PWH.AX,annual,2026-06-30,AUD,170732000,40745000,false,29007000,,-26375000,11738000,100563910,100563910,60242000,7320000,,112745000,100574122
PWR.AX,annual,2022-06-30,AUD,,,false,,,,,169555956,169377369,,,,,
PWR.AX,annual,2023-06-30,AUD,2060377000,127859000,false,97068000,,-10464000,30791000,172519131,171920586,575491000,50635000,,514241000,171920586
PWR.AX,annual,2024-06-30,AUD,2473542000,118912000,false,84315000,,-10682000,34597000,172903690,171955516,790615000,35184000,,8468000,172256068
PWR.AX,annual,2025-06-30,AUD,2481436000,94444000,false,54354000,,-10574000,40090000,172006068,172006068,776584000,48026000,,8108000,172256068
PWR.AX,annual,2026-06-30,AUD,2488340000,81443000,false,42176000,,-5526000,39267000,,,807164000,42951000,,8341000,172256068
PXA.AX,annual,2022-06-30,AUD,,,false,,,,,177291000,177291000,,,,,
PXA.AX,annual,2023-06-30,AUD,276484000,87446000,false,10657000,,-9533000,76789000,177289000,177289000,306367000,36539000,,1241948000,177325788
PXA.AX,annual,2024-06-30,AUD,340057000,103938000,false,12066000,,-68848000,91872000,177378000,177378000,375082000,90461000,,1225398000,177431184
PXA.AX,annual,2025-06-30,AUD,393627000,83184000,false,-20192000,,-57797000,103376000,177094000,177094000,324156000,70674000,,1142816000,175936202
PXA.AX,annual,2026-06-30,AUD,400288000,157323000,false,59741000,,-51633000,97582000,,,232805000,63625000,,1118958000,175936202
PYC.AX,annual,2022-06-30,AUD,,,false,,,,,331409878,331409878,,,,,
PYC.AX,annual,2023-06-30,AUD,,-22777974,false,-23329192,,-491116,551218,334500855,334500855,315487,15571534,,692966,355953886
PYC.AX,annual,2024-06-30,AUD,,-37460369,false,-38061250,,-307044,600881,405244807,405244807,1112792,66874579,,559118,480424037
PYC.AX,annual,2025-06-30,AUD,,-50350859,false,-50950951,,-975397,600092,512515043,512515043,1023742,153050216,,434798,597258698
PYC.AX,annual,2026-06-30,AUD,,-43124101,false,-43727237,,-531391,603136,,,624988,53560241,,8666,983510448
QAN.AX,annual,2022-06-30,AUD,,,false,,,,,,,,,,,
QAN.AX,annual,2023-06-30,AUD,1.9521e+10,4524000000,false,2762000000,,-2563000000,1762000000,1877419355,1824000000,6726000000,3171000000,,5000000,1724454680
QAN.AX,annual,2024-06-30,AUD,2.1616e+10,3898000000,false,2125000000,,-2673000000,1773000000,1671105193,1659000000,6591000000,1718000000,,5000000,1568260396
QAN.AX,annual,2025-06-30,AUD,2.3409e+10,4536000000,false,2524000000,,-3805000000,2012000000,1543269231,1530000000,7956000000,2213000000,,5000000,1513199279
QAN.AX,annual,2026-06-30,AUD,2.5189e+10,4404000000,false,2126000000,,-3972000000,2278000000,1525443787,1510000000,1.0352e+10,3274000000,,5000000,1513199279
QGL.AX,annual,2022-06-30,AUD,,-2167284,false,-2223398,,-971567,56114,288592716,288592716,1289754,1004704,,16851877,294431800
QGL.AX,annual,2023-06-30,AUD,,-5082395,false,-5115198,,-878046,32803,328503593,328503593,1300434,974450,,17645023,337370000
QGL.AX,annual,2024-06-30,AUD,,-4061994,false,-4091631,,-816317,29637,337673444,337673444,4208345,1435917,,13615542,337884169
QGL.AX,annual,2025-06-30,AUD,,,false,,,,,347542304,347542304,,,,,
RAC.AX,annual,2022-06-30,AUD,,,false,,,,,,,,,,,
RAC.AX,annual,2023-06-30,AUD,,-13368449,false,-13649645,,,281196,160720648,160720648,,21520368,,25486141,163068780
RAC.AX,annual,2024-06-30,AUD,,-18374187,false,-18655383,,,281196,164500721,164500721,,17188827,,18312148,170303703
RAC.AX,annual,2025-06-30,AUD,,-10549037,false,-10830233,,,281196,172415031,172415031,,13665796,,16011442,173744385
RAC.AX,annual,2026-06-30,AUD,,-13092766,false,-13373962,,-3674,281196,179144459,179144459,,34289778,,36446109,196068940
RCE.AX,annual,2022-06-30,AUD,,,false,,,,,,,,,,,
RCE.AX,annual,2023-06-30,AUD,,-12687644,false,-12904799,,-38633,217155,177403167,177403167,250566,1561579,,-2588804,181763488
RCE.AX,annual,2024-06-30,AUD,,-16488332,false,-16855100,,-141895,366768,178802669,178802669,811190,4623046,,-9523768,205948659
RCE.AX,annual,2025-06-30,AUD,,-19921656,false,-20277813,,-26347,356157,236975348,236975348,10768246,10448808,,-3052004,288372360
RCE.AX,annual,2026-06-30,AUD,,-13003237,false,-13359642,,-61967,356405,289154455,289154455,10441361,2694474,,-16722777,289183422
RCT.AX,annual,2021-12-31,AUD,,,false,,,,,,,93000,,,,
RCT.AX,annual,2022-12-31,AUD,30347000,22640000,false,18073000,,-2970000,4567000,24900518,24900518,85453000,13745000,,14232000,49801036
RCT.AX,annual,2023-12-31,AUD,25931000,15726000,false,10829000,,-6716000,4897000,24900518,24900518,85156000,7345000,,11509000,49801036
RCT.AX,annual,2024-12-31,AUD,25238000,15343000,false,10272000,,-8184000,5071000,24900518,24900518,1000,3186000,,11350000,49801036
RCT.AX,annual,2025-12-31,AUD,26608000,16439000,false,11014000,,-7239000,5425000,24900518,24900518,1001000,3812000,,12193000,49801036
RDX.AX,annual,2022-06-30,AUD,,,false,,,,,,,113230000,,,,
RDX.AX,annual,2023-06-30,AUD,1257520000,135696000,false,127906000,,-3111000,7790000,430570044,430570044,217864000,35028000,,234962000,430570044
RDX.AX,annual,2024-06-30,AUD,1137328000,138415000,false,129998000,,-3825000,8417000,524933101,524564973,47042000,56664000,,531270000,525081428
RDX.AX,annual,2025-06-30,AUD,1243797000,122936000,false,112453000,,-5118000,10483000,525927694,525081428,49993000,42780000,,544272000,525081428
RDX.AX,annual,2026-06-30,AUD,1330214000,144117000,false,132451000,,-3393000,11666000,525812357,525081428,45487000,52466000,,562460000,525081428
RDY.AX,annual,2022-06-30,AUD,,,false,,,,,106170879,106170879,,,,,
RDY.AX,annual,2023-06-30,AUD,103306000,26406000,false,9134000,,-20280000,17272000,113605727,113605727,52110000,20616000,,128252000,114321851
RDY.AX,annual,2024-06-30,AUD,113802000,32306000,false,9447000,,-18338000,22859000,117165188,117165188,47062000,21867000,,151209000,119835909
RDY.AX,annual,2025-06-30,AUD,121837000,14931000,false,-11615000,,-20032000,26546000,121080488,121080488,60478000,19696000,,141501000,123564107
RDY.AX,annual,2026-06-30,AUD,125013000,27811000,false,-2870000,,-18773000,30681000,,,63476000,27469000,,134702000,123564107
REA.AX,annual,2022-06-30,AUD,,,false,,,,,,,411700000,,,,
REA.AX,annual,2023-06-30,AUD,1392400000,622200000,false,530400000,,-117600000,91800000,132133581,132050003,403200000,259800000,,50200000,132117217
REA.AX,annual,2024-06-30,AUD,1699800000,651400000,false,537900000,,-125000000,113500000,132169358,132061238,281200000,204200000,,40400000,132117217
REA.AX,annual,2025-06-30,AUD,1928500000,1061500000,false,922100000,,-138000000,139400000,132170014,132047775,70700000,428800000,,39200000,132117217
REA.AX,annual,2026-06-30,AUD,2011600000,1109100000,false,976100000,,-140700000,133000000,131942783,131820493,75600000,365600000,,11000000,130859812
REG.AX,annual,2022-06-30,AUD,,,false,,,,,,,107061000,,,,
REG.AX,annual,2023-06-30,AUD,230990000,159421000,false,32957000,,-53477000,126464000,300890000,300890000,138405000,61320000,,38394000,300908124
REG.AX,annual,2024-06-30,AUD,1014051000,191244000,false,63167000,,-65725000,128077000,301035000,301035000,3843000,64905000,,-22885000,301034919
REG.AX,annual,2025-06-30,AUD,1161288000,240440000,false,190633000,,-86472000,49807000,303854749,301202000,5111000,192465000,,-16724000,301249350
REG.AX,annual,2026-06-30,AUD,1350600000,302775000,false,246516000,,-142016000,56259000,302970620,302062000,3987000,173773000,,-12131000,302361505
REH.AX,annual,2022-06-30,AUD,,,false,,,,,,,,,,,
REH.AX,annual,2023-06-30,AUD,8839572000,912409000,false,622504000,,-177478000,289905000,645721000,645721000,1961767000,372706000,,3625424000,645984181
REH.AX,annual,2024-06-30,AUD,9104772000,1006800000,false,681390000,,-257975000,325410000,644878462,644878462,1832263000,682396000,,4072490000,645984181
REH.AX,annual,2025-06-30,AUD,8978382000,863322000,false,511004000,,-258382000,352318000,644176000,644176000,1971217000,275411000,,4045317000,645984181
REH.AX,annual,2026-06-30,AUD,9378431000,850086000,false,482850000,,-174367000,367236000,622147000,622147000,2253191000,327668000,,3748385000,615091957
RFG.AX,annual,2022-06-30,AUD,,,false,,,,,53086425,53086425,36965000,,,,
RFG.AX,annual,2023-06-30,AUD,111374000,1415000,false,-7076000,,-3737000,8491000,54837225,54837225,110636000,22263000,,199714000,61164887
RFG.AX,annual,2024-06-30,AUD,125179000,20281000,false,11961000,,-5034000,8320000,61796700,61796700,113619000,20623000,,208007000,62236080
RFG.AX,annual,2025-06-30,AUD,137865000,-3784000,false,-14000000,,-5101000,10216000,62513000,62513000,125937000,26002000,,194976000,62930789
RFG.AX,annual,2026-06-30,AUD,125373000,13395000,false,6380000,,-2608000,7015000,,,119909000,24184000,,195653000,63259405
RHC.AX,annual,2022-06-30,AUD,1.30821e+10,1612900000,false,685300000,,-708500000,927600000,236003445,227800000,1.06987e+10,314200000,,592700000,228900000
RHC.AX,annual,2023-06-30,AUD,1.4863e+10,1777400000,false,788300000,,-720900000,989100000,238862179,227900000,1.18863e+10,656100000,,668400000,229200000
RHC.AX,annual,2024-06-30,AUD,1.65602e+10,1806200000,false,724100000,,-753800000,1082100000,228500000,228500000,1.09381e+10,662300000,,629900000,229800000
RHC.AX,annual,2025-06-30,AUD,1.76741e+10,1563300000,false,437000000,,-776600000,1126300000,229400000,229400000,1.21199e+10,784400000,,685100000,230800000
RHI.AX,annual,2022-06-30,AUD,,,false,,,,,,,,,,,
RHI.AX,annual,2023-06-30,AUD,,-2066309,false,-2331217,,-3130177,264908,63828149,63828149,277548,39272389,,53288207,63828149
RHI.AX,annual,2024-06-30,AUD,,195724879,false,195442790,,-4280042,282089,64123050,63879155,253781,22449851,,194503578,63946705
RHI.AX,annual,2025-06-30,AUD,,13453462,false,13162624,,-5007141,290838,64231927,64124155,328390,64516134,,86518702,64127625
RHI.AX,annual,2026-06-30,AUD,,29153491,false,28822590,,-7330391,330901,64159293,64159293,512047,62773048,,95306608,64229019
RIC.AX,annual,2022-06-30,AUD,1049086000,88593000,false,62819000,,-23797000,25774000,335066717,322947748,100000000,27078000,,316030000,322947748
RIC.AX,annual,2023-06-30,AUD,1260133000,88510000,false,63728000,,-34770000,24782000,319245908,319245908,81165000,43023000,,315386000,319245908
RIC.AX,annual,2024-06-30,AUD,1262897000,90553000,false,64246000,,-33121000,26307000,330194182,319245908,183294000,34196000,,323119000,319245908
RIC.AX,annual,2025-06-30,AUD,1302624000,98228000,false,67972000,,-36209000,30256000,,,29168000,84671000,,458115000,374853074
RIO.AX,annual,2021-12-31,USD,,,false,,,,,,,,,,,
RIO.AX,annual,2022-12-31,USD,5.5554e+10,2.5537e+10,false,2.0527e+10,1.6134e+10,-6750000000,5010000000,1619800000,1619800000,1.2271e+10,5808000000,,2107000000,1620870022
RIO.AX,annual,2023-12-31,USD,5.4041e+10,2.1076e+10,false,1.5742e+10,1.516e+10,-7086000000,5334000000,1631467964,1621400000,1.4352e+10,8698000000,,1755000000,1621444063
RIO.AX,annual,2024-12-31,USD,5.3658e+10,2.3162e+10,false,1.7244e+10,1.5599e+10,-9621000000,5918000000,1633484163,1623100000,1.3855e+10,6830000000,,2719000000,1623557093
RIO.AX,annual,2025-12-31,USD,5.7638e+10,2.2974e+10,false,1.6397e+10,1.6832e+10,-1.2335e+10,6577000000,1638000000,1624000000,2.3517e+10,6904000000,,4821000000,1624893368
RMD.AX,annual,2022-06-30,USD,,,false,,,,,,,,,,,
RMD.AX,annual,2023-06-30,USD,4222993000,1349559000,false,1151997000,693299000,-134000000,197562000,1474550000,1467650000,1579908000,227891000,0,4129903000,147064349
RMD.AX,annual,2024-06-30,USD,4685297000,1600330000,false,1384121000,1401260000,-114856000,216209000,1475500000,1470210000,873935000,238361000,0,4864043000,146901045
RMD.AX,annual,2025-06-30,USD,5146327000,1921174000,false,1685363000,1751588000,-100642000,235811000,1473400000,1467160000,851813000,1209450000,0,5967859000,146385350
RMD.AX,annual,2026-06-30,USD,5653443000,2152612000,false,1908460000,1805829000,-177173000,244152000,1460540000,1455230000,825919000,1469234000,0,6585393000,144239563
RMD.AX,quarterly,2024-12-31,USD,,,false,,,,,,,,,,,
RMD.AX,quarterly,2025-03-31,USD,,,false,,,,,1472200000,1467190000,,,,,
RMD.AX,quarterly,2025-06-30,USD,1347993000,530859000,false,456571000,538766000,-33778000,74288000,1470370000,1464720000,851813000,1209450000,0,5967859000,146385350
RMD.AX,quarterly,2025-09-30,USD,1335582000,520016000,false,462347000,457321000,-45779000,57669000,,,846352000,1383848000,0,6121264000,145941169
RMD.AX,quarterly,2025-12-31,USD,1422808000,559925000,false,497595000,339745000,-34555000,62330000,1463720000,1458420000,847721000,1417069000,0,6320879000,145661749
RMD.AX,quarterly,2026-03-31,USD,1431406000,568842000,false,499810000,554132000,-39589000,69032000,1457230000,1453400000,843169000,1660513000,0,6491911000,145040224
RMD.AX,quarterly,2026-06-30,USD,1463647000,503833000,false,448712000,454631000,-57250000,55121000,1449760000,1447060000,825919000,1469234000,0,6585393000,144239563
RMI.AX,annual,2022-06-30,AUD,,3267446,false,3267446,,,,357412043,357412043,650953,1728598,,-58656,418463114
RMI.AX,annual,2023-06-30,AUD,,-10539127,false,-10539127,,-401707,,496233035,496233035,117185,857694,,-182166,526072073
RMI.AX,annual,2024-06-30,AUD,,-3124152,false,-3124501,,-1673734,349,577924278,577924278,87197,157054,,-191445,652347807
RML.AX,annual,2022-06-30,AUD,,-1069385,false,-1101502,,-4274691,32117,76777422,76777422,57932,2292438,,24905316,103035405
RML.AX,annual,2023-06-30,AUD,,-9227196,false,-9258883,,-4880643,31687,130216912,130216912,31875,1309038,,22094980,157161475
RML.AX,annual,2024-06-30,AUD,,-1937197,false,-1946051,,-2483097,8854,168938125,168938125,,238747,,19412175,201252725
RML.AX,annual,2025-06-30,AUD,,-22453554,false,-22453554,,-218098,,314858547,314858547,,1171241,,2975478,658126537
RMS.AX,annual,2022-06-30,AUD,603559000,207254000,false,24220000,,-145880000,183034000,855310345,846499406,50815000,147781000,,720867000,867385109
RMS.AX,annual,2023-06-30,AUD,631203000,258491000,false,93996000,,-189360000,164495000,903979442,886131291,28438000,250958000,,940252000,867385109
RMS.AX,annual,2024-06-30,AUD,882510000,463432000,false,281107000,,-123149000,182325000,1129796557,1109029941,10467000,424274000,,1329128000,1142970373
RND.AX,annual,2022-06-30,AUD,32060435,16744753,false,15440504,,-4052141,1304249,56875961,56875961,216392,2161197,,95157480,56875961
RND.AX,annual,2023-06-30,AUD,30136675,12805793,false,11991047,,-3422641,814746,56875961,56875961,11482,2159051,,97691336,56875961
RND.AX,annual,2024-06-30,AUD,34760700,13318503,false,9803245,,-7745738,3515258,56875961,56875961,,3169019,,98666235,56875961
RNT.AX,annual,2022-06-30,AUD,3370493,-1783541,false,-2799482,,-1293947,1015941,429533444,429533444,323766,2230272,,-89743,453876916
RNT.AX,annual,2023-06-30,AUD,2768851,-2652557,false,-3824255,,-1199078,1171698,495121058,495121058,229975,1508606,,-183094,529527803
RNT.AX,annual,2024-06-30,AUD,3247746,-2073845,false,-3485357,,-1052404,1411512,588951454,588951454,127803,212751,,-268793,637448694
RNT.AX,annual,2025-06-30,AUD,,,false,,,,,764911972,764911972,,,,,
RNU.AX,annual,2022-06-30,AUD,,-1498347,false,-1502735,,-4597447,4388,1932584840,1932584840,,74035061,,96275265,2154413438
RNU.AX,annual,2023-06-30,AUD,,-2531476,false,-2542550,,-14178038,11074,2369539586,2369539586,,129270091,,166200332,2539407498
RNU.AX,annual,2024-06-30,AUD,,-3180625,false,-3299956,,-21848524,119331,2539803015,,180436,110021761,,168758805,2541390503
RNU.AX,annual,2025-06-30,AUD,,-3094016,false,-3231777,,-9444009,137761,2542041801,2542041801,793144,15390842,,171391871,2543154360
RRL.AX,annual,2022-06-30,AUD,,,false,,,,,,,295883000,,,,
RRL.AX,annual,2023-06-30,AUD,1133732000,372582000,false,-12636000,,-435570000,385218000,754840000,754840000,383545000,204885000,,1539841000,755084000
RRL.AX,annual,2024-06-30,AUD,1262814000,106246000,false,-240777000,,-273824000,347023000,755339000,755339000,366427000,277936000,,1355919000,755339000
RRL.AX,annual,2025-06-30,AUD,1647412000,784399000,false,388633000,,-275903000,395766000,761544910,755462000,119158000,505486000,,1614340000,755462000
RRL.AX,annual,2026-06-30,AUD,2349099000,1362372000,false,1027511000,,-440688000,334861000,761399063,757020000,101685000,1139119000,,2182175000,757252000
RSG.AX,annual,2021-12-31,USD,,,false,,50558000,,120993000,,,,,,,
RSG.AX,annual,2022-12-31,USD,651129000,92575000,false,6681000,90905000,-67785000,85894000,1196856518,1196856518,141025000,80873000,,-71940000,2129006569
RSG.AX,annual,2023-12-31,USD,631073000,282197000,false,201153000,,-71797000,81044000,2129006806,2129006806,84108000,59769000,,-51354000,2129050013
RSG.AX,annual,2024-12-31,USD,800973000,157180000,false,28009000,,-104818000,129171000,2129050013,2129050013,43794000,69269000,,-54552000,2129050013
RSG.AX,annual,2025-12-31,USD,865600000,367900000,false,247200000,,-130000000,120700000,2147859922,2129696013,201500000,64500000,,-45300000,2137417613
RTG.AX,annual,2021-12-31,USD,,,false,,,-6519,,683274118,683274118,1500000,,,,836554789
RTG.AX,annual,2022-12-31,USD,0,-6042664,false,-6239440,-5225977,-143342,196776,838353419,838353419,1393015,1947442,,-1574666,1045447979
RTG.AX,annual,2023-12-31,USD,0,-4176445,false,-4342870,-3878399,0,166425,961896677,961896677,809802,4364940,,-1499799,1128651665
RTG.AX,annual,2024-12-31,USD,0,-5197434,false,-5320220,-4144668,-44834,122786,1128651665,1128651665,445119,736525,,-1560998,1128651665
RTG.AX,annual,2025-12-31,USD,0,-4504188,false,-4620174,-4310675,-3750,115986,,,394506,6382578,,-1926703,1919705411
RTG.AX,quarterly,2025-12-31,USD,,,false,,,0,,,,394506,6382578,,-1926703,1919705411
RTG.AX,quarterly,2026-03-31,USD,,,false,,,0,,,,,,,,
RTG.AX,quarterly,2026-06-30,USD,,,false,,,0,,,,,,,,
RTR.AX,annual,2022-06-30,AUD,,-4176987,false,-4334858,,-21817148,157871,632008175,632008175,185984,17907917,,54506165,635387209
RTR.AX,annual,2023-06-30,AUD,,-5116181,false,-5299805,,-9631695,183624,638746252,638746252,101190,4179410,,50773441,640833618
RTR.AX,annual,2024-06-30,AUD,,-3774584,false,-3931586,,-8040132,157002,710480084,710480084,67031,2312966,,57387929,773436244
RWC.AX,annual,2022-06-30,USD,,,false,,,,,,,,,,,
RWC.AX,annual,2023-06-30,USD,1243802000,272699000,false,220058000,,-42508000,52641000,788983051,784699347,557020000,16617000,,1231358000,790094765
RWC.AX,annual,2024-06-30,USD,1245754000,244114000,false,184065000,,-41313000,60049000,784620750,784620750,560806000,19915000,,1264368000,785305292
RWC.AX,annual,2025-06-30,USD,1314684000,267698000,false,198316000,,-33477000,69382000,781225000,776616998,462562000,25384000,,1390052000,773539330
RWC.AX,annual,2026-06-30,USD,1305604000,128545000,false,55686000,,-19740000,72859000,760579848,760579848,378268000,28566000,,1285665000,748038799
RXL.AX,annual,2022-06-30,AUD,,-13060000,false,-13215000,,-591000,155000,162447244,162447244,491000,4441000,,14327000,170020441
RXL.AX,annual,2023-06-30,AUD,,-8219000,false,-8506000,,-392000,287000,201017452,201017452,368000,3467000,,14752000,225787833
RXL.AX,annual,2024-06-30,AUD,,-9416000,false,-9711000,,-512000,295000,361967944,361967944,237000,6814000,,42608000,407242239
RXL.AX,annual,2025-06-30,AUD,,-21212000,false,-21495000,,-3530000,283000,528609767,528609767,97000,50478000,,91641000,746321544
RYM.AX,annual,2022-03-31,NZD,503758000,788444000,false,752746000,,-298634000,35698000,563469486,563469486,3386349000,28309000,,3434520000,563469486
RYM.AX,annual,2023-03-31,NZD,560110000,457980000,false,411383000,,-324206000,46597000,548456935,548456935,2344737000,27879000,,4663897000,730437885
RYM.AX,annual,2024-03-31,NZD,650534000,-50730000,false,-94533000,,-172199000,43803000,730438164,730438164,2569064000,41809000,,4417607000,730437885
RYM.AX,annual,2025-03-31,NZD,713797000,-27155000,false,-75616000,,-107090000,48461000,,,1695264000,17658000,,4261123000,1015713000
S32.AX,annual,2022-06-30,USD,,,false,,,,,,,,,,,
S32.AX,annual,2023-06-30,USD,5646000000,416000000,false,-237000000,1191000000,-953000000,653000000,4572000000,4572000000,1741000000,1252000000,,-1000000,4528150222
S32.AX,annual,2024-06-30,USD,4923000000,352000000,false,-291000000,1119000000,-1121000000,643000000,4519000000,4519000000,1566000000,840000000,,11000000,4513571104
S32.AX,annual,2025-06-30,USD,5780000000,1337000000,false,826000000,1335000000,-1003000000,511000000,4524000000,4510000000,1634000000,1676000000,,12000000,4493915616
S32.AX,annual,2026-06-30,USD,5816000000,2012000000,false,1578000000,1634000000,-1134000000,434000000,4503000000,4486000000,1851000000,2129000000,,14000000,4481425781
SBM.AX,annual,2022-06-30,AUD,680345000,-90008000,false,-191313000,,-138799000,101305000,732173567,732173567,171638000,98512000,,1108665000,815734768
SBM.AX,annual,2023-06-30,AUD,323852000,-477911000,false,-632687000,,-85705000,154776000,816272692,816272692,12875000,293944000,,393452000,816841645
SBM.AX,annual,2024-06-30,AUD,223603000,-42058000,false,-70148000,,-32834000,28090000,817951386,817951386,7532000,145867000,,349293000,817951386
SBM.AX,annual,2026-06-30,AUD,,,false,,,,,1173749192,1173749192,,,,,
SDR.AX,annual,2022-06-30,AUD,,,false,,,,,,,,,,,
SDR.AX,annual,2023-06-30,AUD,151558000,-26144000,false,-49780000,,-24378000,23636000,260838310,260838310,12579000,52731000,,77118000,275066106
SDR.AX,annual,2024-06-30,AUD,190673000,-49000,false,-25637000,,-24254000,25588000,264476881,264476881,11310000,40212000,,64914000,278566106
SDR.AX,annual,2025-06-30,AUD,224327000,6449000,false,-22483000,,-26827000,28932000,268648992,268648992,9183000,33390000,,57732000,280896281
SDR.AX,annual,2026-06-30,AUD,266061000,24033000,false,-9180000,,-34498000,33213000,271695608,271695608,12212000,31551000,,58397000,272380101
SEA.AX,annual,2023-06-30,AUD,633000,-5467000,false,-6853000,,-3337000,1386000,46762739,46762739,,,,0,46762739
SEA.AX,annual,2024-06-30,AUD,313000,-4741000,false,-6437000,,-745000,1696000,46762739,46762739,,,,0,46762739
SEA.AX,annual,2025-06-30,AUD,451000,-7319000,false,-8925000,,-1888000,1606000,,,2057000,31401000,,43970000,46762739
SEG.AX,annual,2022-06-30,AUD,108089000,14758000,false,5877000,,-8460000,8881000,240303030,,48415000,12627000,,58881000,261112028
SEG.AX,annual,2023-06-30,AUD,117027000,1159000,false,-7519000,,-4655000,9411000,261112000,261112000,51285000,5919000,,49017000,261112028
SEG.AX,annual,2024-06-30,AUD,124570000,8973000,false,7121000,,-1793000,8239000,,269370000,43524000,10740000,,512000,269369959
SEG.AX,annual,2025-06-30,AUD,,,false,,,,,280329268,276648000,,,,,
SEG.AX,annual,2026-06-30,AUD,152934000,20689000,false,9740000,,-5749000,10949000,280039000,280039000,30232000,24458000,,-503000,280571425
SEK.AX,annual,2022-06-30,AUD,,,false,,,,,353864875,353864875,8900000,,,87300000,
SEK.AX,annual,2023-06-30,AUD,1225300000,475000000,false,367900000,,-189400000,107100000,356779366,354937998,1503200000,251400000,,700000,354235646
SEK.AX,annual,2024-06-30,AUD,1084100000,163100000,false,34500000,,-169000000,128600000,356271010,356271010,1409000000,199400000,,2582200000,355627642
SEK.AX,annual,2025-06-30,AUD,1097000000,537300000,false,386200000,,-130000000,151100000,358479532,356824574,1257600000,150200000,,2699300000,356534607
SEK.AX,annual,2026-06-30,AUD,1284200000,-89700000,false,-251700000,,-151700000,162000000,,,1263400000,136600000,,2122200000,357001901
SFC.AX,annual,2022-06-30,AUD,162412000,51514000,false,44215000,,-5922000,7299000,13748556,13709057,63995000,43985000,,13133000,13641244
SFC.AX,annual,2023-06-30,AUD,173990000,33536000,false,25551000,,-7093000,7985000,13647590,13615350,98146000,49928000,,14884000,13580852
SFC.AX,annual,2024-06-30,AUD,216158000,54305000,false,45870000,,-3499000,8435000,13627708,13604483,85194000,44025000,,13542000,13579557
SFC.AX,annual,2025-06-30,AUD,218847000,51933000,false,42609000,,-5759000,9324000,13589123,13589123,96982000,40048000,,14018000,13590807
SFR.AX,annual,2022-06-30,USD,,,false,,,,,,,782283000,,,,
SFR.AX,annual,2023-06-30,USD,782368000,266627000,false,-3349000,,-326980000,269976000,436844445,436844445,596592000,141939000,,-1720000,456891928
SFR.AX,annual,2024-06-30,USD,921568000,358318000,false,54758000,,-221942000,303560000,457029577,457029577,582580000,183337000,,-3493000,457362933
SFR.AX,annual,2025-06-30,USD,1185380000,539762000,false,224677000,,-186546000,315085000,463935323,458491309,253242000,110668000,,-4826000,459071860
SFR.AX,annual,2026-06-30,USD,1645106000,870860000,false,552369000,,-239908000,318491000,465715969,462787117,36432000,352629000,,-6596000,466850414
SGC.AX,annual,2022-06-30,AUD,,-9236402,false,-9526513,,-20600,290111,32850754,32850754,361975,3251569,,4872689,34883056
SGC.AX,annual,2023-06-30,AUD,,-6877147,false,-7044133,,-128490,166986,40691752,40691752,167948,3067926,,4784659,49121527
SGC.AX,annual,2024-06-30,AUD,,-5455467,false,-5498359,,-1060,42892,50524071,50524071,112473,803773,,2539269,51298900
SGC.AX,annual,2025-06-30,AUD,,,false,,,,,65687603,65687603,,,,,70678581
SGH.AX,annual,2022-06-30,,,,false,,,,,,,,,,,
SGH.AX,annual,2023-06-30,,9626500000,1618700000,false,1107100000,,-603800000,511600000,363300000,363300000,5877700000,876500000,,705000000,362801138
SGH.AX,annual,2024-06-30,,1.06175e+10,1552800000,false,1047400000,,-675000000,505400000,377560976,368300000,5976600000,654300000,,28400000,399342610
SGH.AX,annual,2025-06-30,,1.07435e+10,1558800000,false,1055100000,,-766200000,503700000,408515625,406600000,5366600000,176600000,,29900000,406305254
SGH.AX,annual,2026-06-30,,1.0589e+10,1701100000,false,1179400000,,-788200000,521700000,408197110,406700000,5055800000,231800000,,31300000,813587195
SGI.AX,annual,2022-06-30,AUD,,,false,,,,,,,2555863,,,,
SGI.AX,annual,2023-06-30,AUD,110992974,5274847,false,2332137,,-1418774,2942710,99700000,99700000,23322937,7727333,,16280207,99700000
SGI.AX,annual,2024-06-30,AUD,113680264,5844133,false,3006096,,-1612550,2838037,101479821,101479821,35333431,10147518,,20367562,115395542
SGI.AX,annual,2025-06-30,AUD,141726469,9469148,false,6121360,,-4892519,3347788,118631561,118631561,32732839,14440724,,30248914,129532953
SGI.AX,annual,2026-06-30,AUD,146018984,14715470,false,10599518,,-4892519,4115952,141093896,141093896,64125354,32126260,,53623199,149557089
SGM.AX,annual,2022-06-30,AUD,,,false,,,,,,,,,,,
SGM.AX,annual,2023-06-30,AUD,8061100000,523000000,false,300300000,,-232500000,222700000,197491821,193318000,804800000,308700000,,2656700000,191786433
SGM.AX,annual,2024-06-30,AUD,7195400000,381000000,false,149400000,,-214600000,231600000,193199000,193199000,949300000,93100000,,2562700000,192958567
SGM.AX,annual,2025-06-30,AUD,7494000000,345100000,false,90000000,,-194100000,255100000,193223486,193223486,787700000,181100000,,2586800000,192423734
SGM.AX,annual,2026-06-30,AUD,8007500000,679200000,false,419400000,,-205600000,259800000,195770152,192778000,826700000,177500000,,2655700000,193232991
SGQ.AX,annual,2022-06-30,AUD,,-8151913,false,-8243929,,-27542,92016,617303308,617303308,343614,4103089,,2868822,700017808
SGQ.AX,annual,2023-06-30,AUD,,-10744049,false,-10856099,,-567632,112050,776198056,776198056,327872,3337581,,1819975,840510549
SGQ.AX,annual,2024-06-30,AUD,,-8340436,false,-8451741,,-490606,111305,935231555,935231555,293155,2520498,,125840,988540432
SGR.AX,annual,2022-06-30,AUD,1518800000,60600000,false,-151200000,,-142800000,208300000,1111503732,1111503732,2081100000,82000000,,3434200000,1117992197
SGR.AX,annual,2023-06-30,AUD,1856200000,-2460800000,false,-2656100000,,-135300000,195300000,1244050656,1244050656,757200000,88700000,,1771000000,1750818091
SGR.AX,annual,2024-06-30,AUD,1665900000,-1355100000,false,-1475700000,,-76300000,120600000,2523677097,2523677097,307900000,299600000,,833300000,2868680877
SGR.AX,annual,2025-06-30,AUD,,,false,,,,,,,,,,,
SGR.AX,annual,2026-06-30,AUD,1101000000,-136400000,false,-195400000,,-33600000,59000000,5097683549,5097683549,571600000,267100000,,377500000,6636202776
SHA.AX,annual,2022-06-30,AUD,,,false,,,,,85852205,82520366,10700000,,,,
SHA.AX,annual,2023-06-30,AUD,856927000,20903000,false,15949000,,-2100000,4954000,86466227,83427386,31451000,90552000,,25939000,83464483
SHA.AX,annual,2024-06-30,AUD,831681000,28217000,false,23182000,,-1948000,5035000,85590593,83204453,25388000,69874000,,31285000,82911206
SHA.AX,annual,2025-06-30,AUD,947640000,28030000,false,22387000,,-1954000,5643000,85761267,82779040,24121000,89752000,,36700000,82344863
SHA.AX,annual,2026-06-30,AUD,1231985000,53296000,false,46758000,,-4471000,6538000,,,38100000,103944000,,44104000,82808904
SHJ.AX,annual,2022-06-30,AUD,213186000,61387000,false,48348000,,-5736000,13039000,178572248,172870973,92714000,51864000,,166000,173261812
SHJ.AX,annual,2023-06-30,AUD,228547000,27469000,false,11306000,,-7620000,16163000,177272727,172498863,111880000,21088000,,163000,173261812
SHJ.AX,annual,2024-06-30,AUD,195734000,32822000,false,17456000,,-2274000,15366000,176520468,172358931,85989000,29427000,,170000,172142588
SHJ.AX,annual,2026-06-30,AUD,209167000,30295000,false,16655000,,-3445000,13640000,,,98821000,12506000,,-3168000,169390396
SHL.AX,annual,2022-06-30,AUD,9320626000,2832441000,false,2157024000,,-378589000,675417000,482831736,478143904,4589671000,779997000,,155034000,471636625
SHL.AX,annual,2023-06-30,AUD,8144998000,1721141000,false,1018213000,,-497013000,702928000,472402759,469768140,4773941000,797994000,,185358000,470805824
SHL.AX,annual,2024-06-30,AUD,8934198000,1659303000,false,881998000,,-579501000,777305000,476766791,476100803,7205768000,645001000,,157502000,480403973
SHL.AX,annual,2025-06-30,AUD,9619183000,1684762000,false,869397000,,-462695000,815365000,481346767,480214951,5170810000,673773000,,149718000,480403973
SHN.AX,annual,2022-06-30,AUD,,-1154800,false,-1173016,,-4111088,18216,546417950,546417950,268285,1853737,,11454546,619722730
SHN.AX,annual,2023-06-30,AUD,,-3473316,false,-3588069,,-3801402,114753,770007022,770007022,185966,3329590,,14622455,959156064
SHN.AX,annual,2024-06-30,AUD,,-6918963,false,-7041168,,-6146547,122205,,,86458,3393840,,14710483,1587644808
SHN.AX,annual,2025-06-30,AUD,,,false,,,,,1695973575,1695973575,,,,,
SHV.AX,annual,2021-09-30,AUD,,,false,,,,,,,5063000,,,,
SHV.AX,annual,2022-09-30,AUD,198966000,33587000,false,12043000,,-32256000,21544000,122579614,122579614,377783000,1135000,,520284000,122823950
SHV.AX,annual,2023-09-30,AUD,205440000,-135280000,false,-149314000,,-22986000,14034000,122895660,122895660,420977000,1134000,,411525000,122933466
SHV.AX,annual,2024-09-30,AUD,336838000,30550000,false,16257000,,-25868000,14293000,121192160,121192160,420519000,2870000,,480759000,137300686
SHV.AX,annual,2025-09-30,AUD,397811000,59144000,false,54359000,,-39612000,4785000,143298830,141910093,296327000,1372000,,523196000,142107639
SIG.AX,annual,2022-01-31,AUD,,,false,,,,,,,180375000,,,,
SIG.AX,annual,2023-01-31,AUD,,,false,,,,,1020825981,1020825981,83681000,,,,
SIG.AX,annual,2024-01-31,AUD,3375766000,53250000,false,24927000,,-4718000,28323000,1024448000,1024448000,136631000,356496000,,1841000,1631866135
SIG.AX,annual,2025-01-31,AUD,4852324000,55472000,false,29660000,,-7910000,25812000,1571640000,1571640000,132086000,14574000,,1418000,1631866135
SIG.AX,annual,2025-06-30,AUD,6001835000,832590000,false,776608000,,-57562000,55982000,1.0477795e+10,1.0477795e+10,2070756000,138774000,,-9944000,1.1501263e+10
SIG.AX,annual,2026-06-30,AUD,1.0834966e+10,1136527000,false,1051494000,,-56728000,85033000,,,2020548000,131124000,,-6192000,1.1502746e+10
SIQ.AX,annual,2021-12-31,AUD,,,false,,,,,,,,,,,
SIQ.AX,annual,2022-12-31,AUD,224697000,92880000,false,84915000,,-14933000,7965000,129681051,129681051,64385000,26707000,,240342000,133670773
SIQ.AX,annual,2023-12-31,AUD,251609000,99512000,false,91585000,,-9431000,7927000,129695807,129695807,72296000,32794000,,243822000,129695807
SIQ.AX,annual,2024-12-31,AUD,305842000,123391000,false,112608000,,-28067000,10783000,130343103,129750121,84359000,34648000,,258283000,133878152
SIQ.AX,annual,2025-12-31,AUD,327861000,136510000,false,121408000,,-26156000,15102000,130236066,129837098,91168000,312702000,,277065000,135605546
SK1.AX,annual,2023-06-30,AUD,38600000,11000000,true,6600000,,-2500000,4400000,111667388,111667388,,,,0,111667388
SK1.AX,annual,2024-06-30,AUD,51700000,14400000,true,8900000,,-3900000,5500000,111667388,111667388,,,,0,111667388
SK1.AX,annual,2025-06-30,AUD,71800000,19800000,true,12200000,,-3900000,7600000,111667388,111667388,,,,0,111667388
SKC.AX,annual,2022-06-30,NZD,,,false,,,,,,,78000000,,,,
SKC.AX,annual,2023-06-30,NZD,855785000,172355000,false,81683000,,-262859000,90672000,814274062,758117231,691365000,245013000,,1530197000,816516705
SKC.AX,annual,2024-06-30,NZD,861037000,144408000,false,52387000,,-310736000,92021000,814936081,758733593,730929000,60536000,,1303861000,816516705
SKC.AX,annual,2025-06-30,NZD,821306000,216990000,false,122777000,,-163845000,94213000,815457368,815457368,803447000,51499000,,1330424000,816516705
SKC.AX,annual,2026-06-30,NZD,813651000,139930000,false,34871000,,-113627000,105059000,1037141618,1037141618,719336000,84415000,,1545034000,1103055047
SKK.AX,annual,2022-06-30,AUD,588364,-11598171,false,-11623346,,-16862,25175,732348980,732348980,,3266418,,3766134,843020209
SKK.AX,annual,2023-06-30,AUD,146226,-5941571,false,-5973226,,-29205,31655,918952877,918952877,,746665,,137377,1056975263
SKK.AX,annual,2024-06-30,AUD,481439,-1352689,false,-1370979,,,18290,1066266862,1066266862,,158133,,-613959,1082068920
SKK.AX,annual,2025-06-30,AUD,,,false,,,,,,,,,,,
SKO.AX,annual,2022-03-31,NZD,,,false,,,,,,,28000,,,,
SKO.AX,annual,2023-03-31,NZD,46492000,-17362000,false,-30402000,,-14014000,13040000,120344000,120344000,3110000,87744000,,125930000,120443000
SKO.AX,annual,2024-03-31,NZD,68761000,1337000,false,-15636000,,-11425000,16973000,121616000,121616000,1983000,14139000,,115726000,124804167
SKO.AX,annual,2025-03-31,NZD,88482000,-647000,false,-20554000,,-6218000,19907000,122629000,122629000,2053000,16404000,,99938000,123126000
SKO.AX,annual,2026-03-31,NZD,119391000,1047000,false,-16966000,,-9920000,18013000,124467000,124467000,6934000,14146000,,88663000,124882000
SKS.AX,annual,2022-06-30,AUD,67288383,3263848,false,2346205,,-814313,917643,107983602,107983602,7665720,39534,,5069819,107983602
SKS.AX,annual,2023-06-30,AUD,83268128,2317804,false,910369,,-662970,1407435,109158091,109158091,9144312,8584,,-120627,109382153
SKS.AX,annual,2024-06-30,AUD,136309155,8503387,false,6577654,,-2184155,1925733,109715174,109715174,7594772,3366688,,-55713,111799355
SKS.AX,annual,2025-06-30,AUD,261655008,23659379,false,20822062,,-2553145,2837317,112314404,112314404,8390373,32476963,,202835,113069879
SKT.AX,annual,2022-06-30,NZD,,,false,,,,,,,1035000,,,,
SKT.AX,annual,2023-06-30,NZD,754100000,148398000,false,74300000,,-71380000,74098000,156778000,156778000,49313000,56051000,,1426000,143852496
SKT.AX,annual,2024-06-30,NZD,766734000,153283000,false,71217000,,-88707000,82066000,142169000,142169000,24712000,37799000,,1379000,137675010
SKT.AX,annual,2025-06-30,NZD,750723000,119493000,false,30352000,,-77746000,89141000,137675000,137675000,72600000,32410000,,1449000,137675010
SKT.AX,annual,2026-06-30,NZD,824845000,167754000,false,70734000,,-63427000,97020000,138597106,137675000,62483000,79140000,,1708000,137675010
SKY.AX,annual,2022-06-30,AUD,,-2177648,false,-2327403,,-2786541,149755,353860021,353860021,505791,4597338,,18220,376783470
SKY.AX,annual,2023-06-30,AUD,,-9483047,false,-9627559,,-2915698,144512,384454264,384454264,418216,3835460,,18220,454556796
SKY.AX,annual,2024-06-30,AUD,,-1948981,false,-2091787,,-3243527,142806,492701431,492701431,352466,3255060,,17142260,589553166
SKY.AX,annual,2025-06-30,AUD,,,false,,,,,663948509,663948509,,,,,
SLC.AX,annual,2022-06-30,AUD,248212000,-13038000,false,-57435000,,-13477000,44397000,482348909,482348909,17715000,83133000,,416215000,486807489
SLC.AX,annual,2023-06-30,AUD,322174000,23264000,false,-45801000,,-54785000,69065000,479051467,479051467,56827000,32153000,,366362000,475560561
SLC.AX,annual,2024-06-30,AUD,416625000,37763000,false,-33558000,,-24973000,71321000,478454678,478454678,60235000,51556000,,-3327000,485458251
SLS.AX,annual,2022-06-30,AUD,,-3528898,false,-3547642,,-17604,18744,16199513,16199513,49788,15917248,,21544096,100286809
SLS.AX,annual,2023-06-30,AUD,,-7236645,false,-7401739,,-121423,165094,100286809,100286809,184013,9973240,,15650760,100286809
SLS.AX,annual,2024-06-30,AUD,,-4263669,false,-4423080,,-151276,159411,100303886,100303886,104018,17551112,,20600828,100336809
SLX.AX,annual,2022-06-30,AUD,,,false,,,,,,,,,,,
SLX.AX,annual,2023-06-30,AUD,6120621,-16928556,false,-17310660,,-94071,382104,214689478,214689478,772138,2859572,,148689192,235423937
SLX.AX,annual,2024-06-30,AUD,6106329,-22264509,false,-22693506,,-285395,428997,236105418,236105418,1181974,18889379,,131938340,236875501
SLX.AX,annual,2025-06-30,AUD,6792397,-41970062,false,-42466658,,-161274,496596,237492255,237492255,910204,19750436,,90947867,238105724
SLX.AX,annual,2026-06-30,AUD,13283319,-38047483,false,-38553086,,-107663,505603,272544201,272544201,642197,16033107,,201196597,278438291
SM1.AX,annual,2022-07-31,NZD,1660601000,116282000,false,59210000,,-92908000,57072000,219129693,218581661,383528000,14493000,,748396000,218581661
SM1.AX,annual,2023-07-31,NZD,1320758000,71315000,false,7617000,,-64895000,63698000,218581661,218581661,469618000,9290000,,790374000,218581661
SM1.AX,annual,2024-07-31,NZD,1636858000,-122086000,false,-194073000,,-30902000,71987000,218581661,218581661,615035000,10273000,,604798000,218581661
SM1.AX,annual,2025-07-31,NZD,,,false,,,,,538919735,538919735,,,,,
SMI.AX,annual,2022-06-30,AUD,,-997829,false,-1039796,,-4145442,41967,379101000,379101000,,2450528,,19275820,45000000
SMI.AX,annual,2023-06-30,AUD,,-6788782,false,-6863197,,-9523400,74415,450651000,450651000,,17214569,,38999357,530073594
SMI.AX,annual,2024-06-30,AUD,,-2368380,false,-2459037,,-13679652,90657,546114000,546114000,52853,33068475,,67849587,619406805
SMI.AX,annual,2025-06-30,AUD,,-1557009,false,-1672880,,-16265404,115871,665575000,665575000,199186,50453388,,102596176,722718675
SMR.AX,annual,2021-12-31,AUD,,,false,,,,,,295215050,,,,,
SMR.AX,annual,2022-12-31,AUD,2695800000,1116900000,false,891200000,,-117900000,225700000,794228828,794228828,864200000,432400000,,1333600000,901381698
SMR.AX,annual,2023-12-31,AUD,2803600000,1062100000,false,752100000,,-193300000,310000000,901381698,901381698,775700000,446300000,,1753500000,901381698
SMR.AX,annual,2024-12-31,AUD,2395500000,699700000,false,335400000,,-185700000,364300000,901391634,,672300000,288900000,,1829500000,901391634
SMR.AX,annual,2025-12-31,AUD,1881200000,375900000,false,-24900000,,-110400000,400800000,901391634,901391634,531100000,211500000,,1721300000,901391634
SND.AX,annual,2022-06-30,AUD,,,false,,,,,,,,,,,
SND.AX,annual,2023-06-30,AUD,200886000,17246000,false,14210000,,-1135000,3036000,108966705,107329000,4485000,12833000,,39275000,109029823
SND.AX,annual,2024-06-30,AUD,216079000,19015000,false,14723000,,-2648000,4292000,114742647,113226000,11943000,19807000,,51295000,116821531
SND.AX,annual,2025-06-30,AUD,214523000,7491000,false,3455000,,-2205000,4036000,122899408,120967000,10423000,22076000,,52316000,122207060
SND.AX,annual,2026-06-30,AUD,305628000,6902000,false,-241000,,-5080000,7143000,135724000,135724000,17275000,29797000,,63444000,139592166
SNL.AX,annual,2022-06-30,AUD,198432000,35428000,false,28776000,,-3044000,6652000,40833697,40833697,46244000,6934000,,59328000,40833697
SNL.AX,annual,2023-06-30,AUD,252252000,47075000,false,39575000,,-4330000,7500000,41288039,41207726,61808000,7758000,,77788000,41555422
SNL.AX,annual,2024-06-30,AUD,302598000,57035000,false,47951000,,-4334000,9084000,42182910,42008692,59675000,5827000,,103234000,42506235
SNL.AX,annual,2025-06-30,AUD,,,false,,,,,43179415,43058285,,,,,
SNL.AX,annual,2026-06-30,AUD,403064000,79849000,false,68163000,,-5125000,11686000,,,43005000,17863000,,160538000,43753845
SNM.AX,annual,2023-07-31,AUD,,-54975.52815,false,-54975.52815,,,,,,,,,0,104145282
SNM.AX,annual,2024-07-31,AUD,,-40249.71081,false,-40249.71081,,-186119.3162,,104145282,104145282,,,,,
SNM.AX,annual,2025-12-31,AUD,,,false,,,,,42673636,42673636,,,,,
SNZ.AX,annual,2021-12-31,NZD,,,false,,,,,,,,,,,
SNZ.AX,annual,2022-12-31,NZD,236963000,295117000,false,281520000,,-53553000,13597000,231240976,230656000,1076464000,25347000,,2193023000,231560000
SNZ.AX,annual,2023-12-31,NZD,270502000,465253000,false,449456000,,-58399000,15797000,233213427,232786000,1407653000,12648000,,2605368000,233872000
SNZ.AX,annual,2024-12-31,NZD,318611000,400697000,false,381598000,,-84835000,19099000,235660000,235660000,1726218000,11705000,,2969467000,236299000
SNZ.AX,annual,2025-12-31,NZD,360861000,299073000,false,272762000,,-220568000,26311000,240793621,240216000,1978108000,6046000,,3327862000,242361023
SOM.AX,annual,2022-06-30,AUD,72580403,524527,false,-3411663,,-8788333,3936190,106147956,106147956,16887802,15644331,,27788235,106154989
SOM.AX,annual,2023-06-30,AUD,83616164,376143,false,-4740811,,-6414582,5116954,106154989,106154989,23823761,11956406,,24506501,106154989
SOM.AX,annual,2024-06-30,AUD,91651069,-2627668,false,-8402913,,-5341004,5775245,120716966,120716966,6719770,16178843,,45911186,211909753
SOM.AX,annual,2026-06-30,AUD,114532000,5087000,false,-398000,,-5735000,5485000,211909753,211909753,5458000,17184000,,47400000,217854753
SPD.AX,annual,2022-06-30,AUD,,-2483074,false,-2483074,,,,14256850,14256850,,17865053,,40207358,89750000
SPD.AX,annual,2023-06-30,AUD,,-6778828,false,-6778828,,,,89750000,89750000,,11547700,,31185726,89750000
SPD.AX,annual,2024-06-30,AUD,,-7113983,false,-7113983,,,,89750000,89750000,,5431286,,24974743,89750000
SPG.AX,annual,2022-06-30,AUD,35383282,188871,false,-2562877,,-1101634,2751748,24193456,24193456,12511557,909969,,12719739,24193456
SPG.AX,annual,2023-06-30,AUD,42482268,677886,false,-2310509,,-1427583,2988395,24335132,24335132,13400957,1563263,,10843117,25000959
SPG.AX,annual,2024-06-30,AUD,49448243,-2219581,false,-5380415,,-2692778,3160834,28250746,28250746,14410140,1317390,,9415901,30282131
SPG.AX,annual,2025-06-30,AUD,,,false,,,,,197257575,197257575,,,,,197257575
SPK.AX,annual,2022-06-30,NZD,,,false,,,,,,,,,,,
SPK.AX,annual,2023-06-30,NZD,3875000000,1685000000,false,1205000000,,-481000000,480000000,1872937294,1870000000,1830000000,100000000,,1940000000,1845000906
SPK.AX,annual,2024-06-30,NZD,3759000000,1104000000,false,602000000,,-590000000,502000000,1825000000,1825000000,2361000000,59000000,,1590000000,1814155480
SPK.AX,annual,2025-06-30,NZD,3623000000,1035000000,false,445000000,,-440000000,590000000,1847000000,1847000000,2349000000,34000000,,1520000000,1889322507
SPK.AX,annual,2026-06-30,NZD,3637000000,1230000000,false,664000000,,-375000000,566000000,1890000000,1890000000,1901000000,157000000,,1647000000,1890130108
SPL.AX,annual,2022-06-30,AUD,,,false,,,,,,,4000000,,,,
SPL.AX,annual,2023-06-30,AUD,2939000,-17042000,false,-18236000,,-621000,1194000,419861665,419861665,8272000,35180000,,34815000,421358071
SPL.AX,annual,2024-06-30,AUD,8289000,-9632000,false,-10747000,,-89000,1115000,422322923,422322923,3528000,23360000,,28116000,423287340
SPL.AX,annual,2025-06-30,AUD,4912000,-10928000,false,-11998000,,-42000,1070000,428221521,428221521,2402000,15407000,,18998000,429294419
SPL.AX,annual,2026-06-30,AUD,12050000,-8083000,false,-8994000,,-287000,911000,430817806,430817806,707000,11015000,,13776000,432069634
SPZ.AX,annual,2022-06-30,AUD,42874545,7404554,false,2921844,,-4088816,4482710,,,16810809,11362399,,18314715,356319561
SPZ.AX,annual,2023-06-30,AUD,45051194,12209383,false,6836918,,-5704038,5372465,351230330,351230330,17646367,11376802,,23699263,350560291
SPZ.AX,annual,2024-06-30,AUD,54703059,13145498,false,6172468,,-5151200,6973030,352591759,350560291,10322826,7229643,,27944986,350560291
SPZ.AX,annual,2025-06-30,AUD,77334592,18579811,false,7480441,,-8791557,11099370,376141944,374573995,10486597,21378513,,87773793,415152911
SPZ.AX,annual,2026-06-30,AUD,,,false,,,,,416503863,416503863,,,,,
SRG.AX,annual,2022-06-30,AUD,,,false,,,,,,,,,,,
SRG.AX,annual,2023-06-30,AUD,808987000,72801000,false,39391000,,-31630000,33410000,480021277,472552465,91858000,47713000,,290478000,519470677
SRG.AX,annual,2024-06-30,AUD,1069259000,95757000,false,56017000,,-27453000,39740000,529784615,521015595,87695000,73357000,,305054000,593924100
SRG.AX,annual,2025-06-30,AUD,1323307000,119388000,false,72891000,,-28384000,46497000,608743590,590687671,127960000,111855000,,392418000,521330677
SRG.AX,annual,2026-06-30,AUD,1675503000,163196000,false,110812000,,-43399000,52384000,647900901,619845371,171227000,144725000,,468440000,626592222
SRL.AX,annual,2022-06-30,AUD,,,false,,,,,,,95000,,,,
SRL.AX,annual,2023-06-30,AUD,,-8794000,false,-9112000,,-44000,318000,90057879,90057879,93000,16827000,,16138000,90057879
SRL.AX,annual,2024-06-30,AUD,,-7631000,false,-7846000,,-57000,215000,90225181,90225181,283000,8756000,,8710000,90227498
SRL.AX,annual,2025-06-30,AUD,,-6034000,false,-6196000,,-9000,162000,90612113,90612113,224000,10714000,,10167000,115227404
SRL.AX,annual,2026-06-30,AUD,,-14993000,false,-15165000,,-627000,172000,134172942,134172942,15000,115439000,,113142000,153850236
SRV.AX,annual,2022-06-30,AUD,271646000,136855000,false,16695000,,-14843000,120160000,96818000,96818000,310780000,100766000,,198254000,96817888
SRV.AX,annual,2023-06-30,AUD,292473000,138459000,false,16564000,,-20589000,121895000,96818000,96818000,367845000,105364000,,187778000,96817888
SRV.AX,annual,2024-06-30,AUD,314106000,150040000,false,35506000,,-36285000,114534000,98085427,97850000,371198000,103300000,,194617000,98420388
SRZ.AX,annual,2022-06-30,AUD,,-725593,false,-731855,,-2841059,6262,840321263,840321263,44006,2469036,,16665464,839302626
SRZ.AX,annual,2023-06-30,AUD,,-3288727,false,-3328825,,-462,40098,976249601,976249601,25168,1558082,,1743361,1005964241
SRZ.AX,annual,2024-06-30,AUD,,-2209924,false,-2249936,,,40012,1250577552,1250577552,15407,10418113,,10658729,1941751806
SRZ.AX,annual,2025-06-30,AUD,,,false,,,,,2062731086,2062731086,,,,,
SS1.AX,annual,2024-12-31,AUD,,-2443107,false,-2446168,,-4931487,3061,100576449,100576449,,3608657,,23899854,144828226
SS1.AX,annual,2025-12-31,AUD,,-6833232,false,-6851939,,-9508632,18707,159175867,159175867,296968,2215129,,49047370,178086922
SSG.AX,annual,2022-06-30,AUD,222745103,38841636,false,24443931,,-2173393,14397705,130409969,126244152,26823350,9395910,,78633510,131012494
SSG.AX,annual,2023-06-30,AUD,224523767,39981692,false,24715808,,-2435637,15265884,131400719,128229158,21704036,13471437,,84296754,131012494
SSG.AX,annual,2024-06-30,AUD,219374178,37853052,false,21641074,,-6351471,16211978,131500252,128912494,18998511,13314704,,87549011,131012494
SSG.AX,annual,2025-06-30,AUD,,,false,,,,,130908421,130170028,,,,,131012494
SSM.AX,annual,2022-06-30,AUD,,,false,,,,,,,148907000,,,,
SSM.AX,annual,2023-06-30,AUD,2048658000,80024000,false,18318000,,-7984000,61706000,628450704,615953000,171856000,84267000,,465358000,615953000
SSM.AX,annual,2024-06-30,AUD,2288793000,116030000,false,57569000,,-10473000,58461000,628365759,614909000,117019000,62947000,,480288000,612825000
SSM.AX,annual,2025-06-30,AUD,2326464000,144810000,false,85263000,,-13105000,59547000,626949153,612538000,77187000,73553000,,512572000,612589000
SSM.AX,annual,2026-06-30,AUD,2350235000,139085000,false,79935000,,-29702000,59150000,625659341,613964000,110150000,80675000,,521641000,612912000
SST.AX,annual,2021-12-31,PGK,,,false,,,,,,,,,,,
SST.AX,annual,2022-12-31,PGK,63334000,182528000,false,87249000,,-129152000,95279000,31008021,31008021,583018000,53436000,,17059000,31008021
SST.AX,annual,2023-12-31,PGK,534930000,190570000,false,86041000,,-222769000,104529000,31008237,31008237,896224000,28804000,,17028000,31008237
SST.AX,annual,2024-12-31,PGK,70353000,202611000,false,89143000,,-231122000,113468000,31008237,31008237,472186000,27800000,,17498000,31008237
SST.AX,annual,2025-12-31,PGK,650345000,248447000,false,124515000,,-201579000,123932000,31003235,31003235,585115000,37670000,,20530000,31008000
STK.AX,annual,2022-06-30,AUD,,-4091834,false,-4186887,,-18553208,95053,1174445693,1174445693,329140,4070648,,37026775,1281114667
STK.AX,annual,2023-06-30,AUD,,-2187310,false,-2398145,,-13930329,210835,1453841670,1453841670,271391,1698101,,46706549,1589758488
STK.AX,annual,2024-06-30,AUD,,-2847451,false,-3067092,,-15023711,219641,1650099844,1650099844,207853,24510494,,79624350,1789734408
STN.AX,annual,2023-06-30,AUD,,-3424352,false,-3584444,,-7059149,160092,142680245,142680245,94508,3504209,,37527580,161030605
STN.AX,annual,2024-06-30,AUD,,-2597656,false,-2770306,,-5270066,172650,200354936,200354936,142917,4111750,,42809191,224002477
STN.AX,annual,2025-06-30,AUD,,-4923991,false,-5116454,,-18474582,192463,331442866,331442866,62280,27178806,,83826398,459660222
STN.AX,annual,2026-06-30,AUD,,-7080753,false,-7276300,,-26682830,195547,521111681,521111681,445726,40431652,,122325470,547277045
STX.AX,annual,2022-06-30,AUD,,-11049000,false,-11609000,,-53337000,560000,2032461000,2032461000,18460000,13905000,,116874000,2037696000
STX.AX,annual,2023-06-30,AUD,,-13575000,false,-14196000,,-67493000,621000,2296462000,2296462000,30726000,129039000,,286846000,2531552000
STX.AX,annual,2024-06-30,AUD,45596000,9169000,false,5282000,,-98710000,3887000,2701046000,2701046000,23902000,38751000,,452440000,2860773000
STX.AX,annual,2025-06-30,AUD,72717000,-119419000,false,-127266000,,-91889000,7847000,2865680000,2865680000,80802000,41095000,,296466000,2866898000
SUL.AX,annual,2022-06-30,AUD,,,false,,,,,,,,,,,
SUL.AX,annual,2023-06-30,AUD,3802600000,713000000,false,383600000,,-109600000,329400000,227902946,225826500,1035000000,192300000,,1367600000,225826500
SUL.AX,annual,2024-06-30,AUD,3882600000,681900000,false,343700000,,-135000000,338200000,227798861,225826500,1103400000,217800000,,1373200000,225826500
SUL.AX,annual,2025-06-30,AUD,4070100000,678100000,false,319800000,,-165700000,358300000,227720739,225826500,1235800000,63300000,,1321400000,225826500
SUL.AX,annual,2026-06-30,AUD,4199800000,670400000,false,285500000,,-123400000,384900000,227262693,225826500,1321700000,16700000,,1299600000,225826500
SVL.AX,annual,2022-06-30,AUD,170479,-12942297,false,-13196229,,-15411401,253932,1275109819,1275109819,3485962,16890242,,112681000,1291832143
SVL.AX,annual,2023-06-30,AUD,172214,-3738957,false,-4016860,,-22968444,277903,1335599266,1335599266,3574117,8051445,,125924789,1404332143
SVL.AX,annual,2024-06-30,AUD,263129,-1972594,false,-2206449,,-13732886,233855,1440843094,1440843094,,10805188,,137610351,1508036257
SVM.AX,annual,2022-06-30,AUD,,-13686856,false,-13791236,,-313405,104380,432570524,432570524,,18892741,,25161138,470725023
SVM.AX,annual,2023-06-30,AUD,,-15667232,false,-15760928,,-80528,93696,470872550,470872550,,5564376,,9672569,470875023
SVM.AX,annual,2024-06-30,AUD,,-20564384,false,-20722126,,-836348,157742,556504182,556504182,121718,31564130,,34358774,563003401
SVM.AX,annual,2025-06-30,AUD,,-42004574,false,-42306630,,-1023642,302056,610495709,610495709,89744,54538435,,55387701,646938703
SX2.AX,annual,2022-05-31,CAD,,,false,,,,41987,86449753,86449753,,,,7329366,
SX2.AX,annual,2023-05-31,CAD,0,-5900806,false,-5963620,-3652460,-5409185,62814,92708306,92708306,849634,14680432,,13870387,93017861
SX2.AX,annual,2024-05-31,CAD,0,-7750575,false,-7906704,-3266634,-12237793,156129,94427603,94427603,203643,15497519,,16988755,96294352
SX2.AX,annual,2025-05-31,CAD,0,-7764907,false,-8027731,-8066100,-14844022,262824,,,1264505,151212676,,0,258041648
SX2.AX,annual,2026-05-31,CAD,0,-4851677,false,-5410374,-2319714,-44817708,558697,,,749650,119129501,,266895186,269346976
SX2.AX,quarterly,2025-02-28,CAD,0,-2357687,false,-2423070,-2375373,-17639,65383,113658616,113658616,776031,16308348,,0,221929425
SX2.AX,quarterly,2025-05-31,CAD,0,-2451128,false,-2525682,-2709123,-13396506,74554,,,1264505,151212676,,0,258041648
SX2.AX,quarterly,2025-11-30,CAD,0,-569607,false,-669109,-395927,-5756677,99502,258623315,258623315,1195789,130384269,,246410506,258954148
SX2.AX,quarterly,2026-02-28,CAD,0,-437981,false,-572184,-873796,-1607395,134203,259109100,259109100,1333849,123170774,,257650049,259490521
SX2.AX,quarterly,2026-05-31,CAD,0,-3023809,false,-3261531,17969,-33128171,237722,,,749650,119129501,,266895186,269346976
SXE.AX,annual,2022-06-30,AUD,,,false,,,,,,,,,,,
SXE.AX,annual,2023-06-30,AUD,464708000,38911000,false,30257000,,-3280000,8654000,264007884,261117991,10418000,77652000,,182099000,261498933
SXE.AX,annual,2024-06-30,AUD,551870000,42144000,false,34699000,,-3621000,7445000,267256098,262813312,8096000,84083000,,191161000,263214994
SXE.AX,annual,2025-06-30,AUD,801454000,57373000,false,48426000,,-4983000,8947000,266134454,264110894,8215000,88572000,,204609000,264409110
SXE.AX,annual,2026-06-30,AUD,718699000,32064000,false,19416000,,-10438000,12648000,269656489,266523645,21656000,261546000,,339575000,303553747
SXL.AX,annual,2022-06-30,AUD,,,false,,,,,,,,,,,
SXL.AX,annual,2023-06-30,AUD,503951000,67751000,false,38596000,,-24784000,29155000,250445609,247327000,247284000,12963000,,435149000,239899000
SXL.AX,annual,2024-06-30,AUD,499115000,-276838000,false,-307925000,,-15769000,31087000,239899000,239899000,245818000,10540000,,202837000,239899000
SXL.AX,annual,2025-06-30,AUD,421699000,53720000,false,23707000,,-9914000,30013000,243819629,239899000,226835000,35448000,,212264000,239899000
SXL.AX,annual,2026-06-30,AUD,1108275000,143849000,false,24545000,,-20080000,119304000,363593171,363593171,790589000,142238000,,363337000,478779139
SYL.AX,annual,2022-06-30,AUD,,,false,,,,,,,,,,,
SYL.AX,annual,2023-06-30,AUD,686200000,51300000,false,20900000,,-700000,30400000,236160717,236160717,,,,0,236160717
SYL.AX,annual,2024-06-30,AUD,743100000,90466377,false,56066377,,-3914808,34400000,236160717,236160717,173598640,87703022,,9394874,236160717
SYL.AX,annual,2025-06-30,AUD,879600000,90857000,false,61003000,,-60918000,29854000,179492228,177411000,155940000,168966000,,170515000,236161000
SYL.AX,annual,2026-06-30,AUD,1123631000,106603000,false,60266000,,-75413000,46337000,249447674,237951000,203249000,81608000,,5285000,239144000
TAH.AX,annual,2022-06-30,AUD,,,false,,,,,,,,,,,
TAH.AX,annual,2023-06-30,AUD,2434400000,354900000,false,114400000,,-196900000,240500000,2267700000,2267700000,572400000,290700000,,2659100000,2281575076
TAH.AX,annual,2024-06-30,AUD,2338900000,-1352500000,false,-1572800000,,-760400000,220300000,2282600000,2282600000,1744400000,338200000,,1246900000,2283648566
TAH.AX,annual,2025-06-30,AUD,2614600000,368800000,false,166000000,,-117800000,202800000,2285000000,2285000000,862600000,236500000,,1254000000,2286248411
TAH.AX,annual,2026-06-30,AUD,2636300000,398700000,false,185700000,,-150700000,213000000,2289500000,2289500000,832000000,305800000,,1261200000,2292600000
TAM.AX,annual,2022-06-30,AUD,,-3144000,false,-3149000,,-4000,5000,1265489126,1265489126,35000,35228000,,53727000,1265489126
TAM.AX,annual,2023-06-30,AUD,,-4262000,false,-4283000,,,21000,1265489126,1265489126,20000,31063000,,52196000,1265489126
TAM.AX,annual,2024-06-30,AUD,,-8107000,false,-8136000,,-124000,29000,1265489126,1265489126,6000,25271000,,46371000,1265489126
TAM.AX,annual,2025-06-30,AUD,,,false,,,,,1265489126,1265489126,,,,,1265489126
TBN.AX,annual,2022-06-30,USD,0,-10178505,false,-10740605,-11060470,-54884973,562100,1.475979562e+11,1.475979562e+11,1114388,26810224,,128607738,778724566
TBN.AX,annual,2023-06-30,USD,0,-19316396,false,-19434727,-12803842,-113357720,118331,2.522414066e+11,2.522414066e+11,479705,6426306,,21046470,1475437633
TBN.AX,annual,2024-06-30,USD,0,-20370159,false,-20490603,-11397941,-63699162,120444,1926182000,1926182000,27894362,74745897,,44970508,13915524
TBN.AX,annual,2025-06-30,USD,0,-32903212,false,-32989159,-29637369,-110127865,85947,2988295800,2988295800,26396541,39438983,,101730297,16717289
TBN.AX,quarterly,2024-12-31,USD,,,false,,,,30740,2924165600,2924165600,,,,,
TBN.AX,quarterly,2025-03-31,USD,0,-8777000,false,-8801000,-14303000,-36930000,24000,2962936400,2962936400,26874185,25635594,,85488382,14536774
TBN.AX,quarterly,2025-06-30,USD,0,-8520136,false,-8521451,-6432405,-24308465,1315,,,26396541,39438983,,101730297,16717289
TBN.AX,quarterly,2025-09-30,USD,0,-8205000,false,-8207000,-13799000,-27486000,2000,3572081200,3572081200,25610000,39557000,,120218000,17820758
TBN.AX,quarterly,2025-12-31,USD,0,-7802000,false,-7803000,-707000,-34210000,1000,4081854600,4081854600,60122000,83404000,,131897000,21115136
TBN.AX,quarterly,2026-03-31,USD,0,-8370000,false,-8372000,-12531000,-42685000,2000,4565053600,4565053600,70765000,88151000,,151024000,22667289
TBR.AX,annual,2022-06-30,AUD,124064629,26884112,false,13756520,,-19374832,13127592,52468077,52468077,865568,6840897,,50692677,52468077
TBR.AX,annual,2023-06-30,AUD,92046025,20817384,false,9314750,,-13955767,11502634,52468077,52468077,45928,7095040,,52042523,52468077
TBR.AX,annual,2024-06-30,AUD,107899825,28159120,false,13892124,,-31364122,14266996,52468077,52468077,,8914882,,52561875,52468077
TBR.AX,annual,2025-06-30,AUD,160309625,76645469,false,60462375,,-54829427,16183094,52864380,52468077,,12448796,,56528094,52468077
TCG.AX,annual,2021-12-31,AUD,,,false,,,-2206467,,319829190,319829190,150860,,,,
TCG.AX,annual,2022-12-31,AUD,,-10617574,false,-10738929,,-153404,121355,427583488,427583488,67407,3850917,,-360460,427716669
TCG.AX,annual,2023-12-31,AUD,,-4980411,false,-5117991,,,137580,480561783,480561783,30518,8067005,,-438541,587200002
TCG.AX,annual,2024-12-31,AUD,,-16313443,false,-16487004,,-2044846,173561,713297526,713297526,,32884511,,-1580405,866079715
TCG.AX,annual,2025-12-31,AUD,,-27129896,false,-27261212,,-1237842,131316,,,,68078147,,-5803786,1052769267
TCL.AX,annual,2022-06-30,AUD,,,false,,,,,,,,,,,
TCL.AX,annual,2023-06-30,AUD,4157000000,2038000000,false,927000000,,-1175000000,1111000000,3076000000,3076000000,1.8558e+10,2081000000,,706000000,3081000000
TCL.AX,annual,2024-06-30,AUD,4119000000,2238000000,false,1169000000,,-1116000000,1069000000,3089000000,3089000000,1.9727e+10,2041000000,,639000000,3092000000
TCL.AX,annual,2025-06-30,AUD,3770000000,2168000000,false,1071000000,,-907000000,1097000000,3104000000,3104000000,2.1072e+10,1727000000,,342000000,3108000000
TCL.AX,annual,2026-06-30,AUD,3895000000,2509000000,false,1347000000,,-422000000,1162000000,3116000000,3116000000,2.064e+10,2060000000,,134000000,3120000000
TEA.AX,annual,2022-06-30,AUD,,,false,,,,,193984638,193984638,,,,,
TEA.AX,annual,2023-06-30,AUD,319982000,38573000,false,29403000,,-11024000,9170000,194221488,194221488,57461000,17007000,,153000,194934638
TEA.AX,annual,2024-06-30,AUD,400005000,55462000,false,44918000,,-22181000,10544000,200151132,200151132,65672000,25125000,,124000,220010741
TEA.AX,annual,2025-06-30,AUD,547914000,88420000,false,72915000,,-14962000,15505000,231544503,228521552,140318000,20314000,,185370000,243129443
TEA.AX,annual,2026-06-30,AUD,1293308000,136571000,false,112983000,,-26458000,23588000,,,155322000,66872000,,51000,264457760
TER.AX,annual,2022-06-30,AUD,804626000,385368000,false,357804000,,-7817000,27564000,804402136,802619329,51439000,69572000,,10275000,847014991
TER.AX,annual,2023-06-30,AUD,660639000,377645000,false,363311000,,-10729000,14334000,849252205,849252205,7272000,44032000,,516000,850321548
TER.AX,annual,2024-06-30,AUD,259143000,54998000,false,37652000,,-12520000,17346000,850321548,850321548,4176000,8351000,,-412000,850321548
TER.AX,annual,2025-06-30,AUD,226671000,-25686000,false,-45224000,,-4730000,19538000,850321548,850321548,10996000,13382000,,-558000,850321548
TGM.AX,annual,2022-06-30,USD,,-5438000,false,-5516000,,-3082000,78000,503700462,503700462,11906000,22000,,4817000,550227000
TGM.AX,annual,2023-06-30,USD,,-4509000,false,-4581000,,-970000,72000,604083582,604083582,15969000,1919000,,-688000,623152000
TGM.AX,annual,2024-06-30,USD,,-3309000,false,-3423000,,-1724000,114000,705107560,705107560,17737000,2590000,,-648999.9999,711540000
TGN.AX,annual,2022-06-30,AUD,,-5221537,false,-5510068,,-135217,288531,786414272,786414272,412151,14630799,,35423085,786414272
TGN.AX,annual,2023-06-30,AUD,,-4063341,false,-4496761,,-15468,433420,786414272,786414272,822262,12398737,,32488473,786414272
TGN.AX,annual,2024-06-30,AUD,,-5397243,false,-6390038,,-42477,992795,786414272,786414272,641111,8067582,,27375498,786414272
TGN.AX,annual,2025-06-30,AUD,,-6415314,false,-7336833,,-3811705,921519,843766561,843766561,4560292,2520033,,28562998,898459725
THL.AX,annual,2022-06-30,NZD,,,false,,,,,,,,,,,
THL.AX,annual,2023-06-30,NZD,663841000,125979000,false,83946000,,-12121000,42033000,191045602,189009000,521869000,76794000,,610955000,214077000
THL.AX,annual,2024-06-30,NZD,921731000,189620000,false,93846000,,-16088000,95774000,217605727,216763433,650160000,56785000,,616888000,218224409
THL.AX,annual,2025-06-30,NZD,937232000,145953000,false,33526000,,-42365000,112427000,219826870,219826870,759595000,49738000,,577875000,221098068
THL.AX,annual,2026-06-30,NZD,852871000,205954000,false,88953000,,-13026000,117001000,221122726,221122726,692882000,46369000,,641083000,221495535
TLC.AX,annual,2022-06-30,AUD,,,false,,,,,,,,,,,
TLC.AX,annual,2023-06-30,AUD,3498000000,607100000,false,508900000,,-79600000,98200000,2225800000,2225800000,4632000000,434500000,,235500000,2225800000
TLC.AX,annual,2024-06-30,AUD,3977000000,788900000,false,680600000,,-68500000,108300000,2225100000,2225100000,2479700000,445900000,,328000000,2225800000
TLC.AX,annual,2025-06-30,AUD,3727200000,763700000,false,658600000,,-71600000,105100000,2225000000,2225000000,2500400000,476900000,,321800000,2225800000
TLC.AX,annual,2026-06-30,AUD,3554400000,662400000,false,548300000,,-104000000,114100000,2224700000,2224700000,2495100000,503300000,,264100000,2225800000
TLG.AX,annual,2022-06-30,AUD,16420,-33738806,false,-34710993,,-12428175,972187,304219883,304219883,1695472,13012565,,26647577,304974519
TLG.AX,annual,2023-06-30,AUD,279572,-40865169,false,-44618919,,-6394582,3753750,360754172,360754172,2367173,38226375,,56984362,360754172
TLG.AX,annual,2024-06-30,AUD,225405,-36338221,false,-39646785,,-10447000,3308564,372174937,372174937,1441018,14095223,,40228747,379754172
TLX.AX,annual,2021-12-31,USD,,,false,,,,5174000,282206000,,13773.30588,,,,
TLX.AX,annual,2022-12-31,USD,108913289,-62595752.21,false,-62595752.21,,-9429636.584,3659333.034,310644169,310644169,10446000,116329000,,54428752.19,316343000
TLX.AX,annual,2023-12-31,USD,332978000,11537000,false,11537000,,-7109000,6743000,319181000,319181000,12264000,84295000,,102645000,323727000
TLX.AX,annual,2024-12-31,USD,516551000,62065000,false,62065000,,-22184000,,,331226000,360162000,439999000,,352937000,334724485
TLX.AX,annual,2025-12-31,USD,803794000,35150000,false,35150000,,-43776000,,323710000,319181000,467106000,141866000,,415376000,338777049
TM1.AX,annual,2025-06-30,AUD,,,false,,,,,400493028,400493028,,,,,
TNE.AX,annual,2021-09-30,AUD,,,false,,,,,,,,,,,
TNE.AX,annual,2022-09-30,AUD,368234000,152274000,false,114164000,,-67282000,38110000,324481373,322953789,35304000,175865000,,239097000,323365816
TNE.AX,annual,2023-09-30,AUD,429378000,185479000,false,131977000,,-90126000,53502000,326176284,324422822,33156000,198265000,,306006000,324674728
TNE.AX,annual,2024-09-30,AUD,506536000,224291000,false,155518000,,-92639000,68773000,327543714,325655834,59667000,55208000,,379262000,326076272
TNE.AX,annual,2025-09-30,AUD,598502000,265854000,false,185057000,,-106389000,80797000,329846633,326726232,53381000,95853000,,450699000,327368541
TOK.AX,annual,2021-12-31,AUD,,,false,,,-13208,,,,,,,,
TOK.AX,annual,2022-12-31,AUD,,-2307667,false,-2329456,,-8159512,21789,133399000,133399000,4459865,16099794,,25314138,133399000
TOK.AX,annual,2023-12-31,AUD,,-4504024,false,-4528222,,-65265,24198,114963447,114963447,4766031,12617050,,17218808,114963447
TOK.AX,annual,2024-12-31,AUD,,-6999497,false,-7232530,,-24564861,233033,166908724,166908724,5095484,16738502,,44710425,166908724
TOK.AX,annual,2025-12-31,AUD,,-14003428,false,-14485230,,-41141969,481802,259111530,259111530,6969625,51192624,,115193473,259111530
TOR.AX,annual,2022-06-30,AUD,,-2127344,false,-2152276,,-3341782,24932,65318519,65318519,61049,3440943,,9923226,77818519
TOR.AX,annual,2023-06-30,AUD,,-2049500,false,-2090822,,-3506394,41322,96337038,96337038,40941,2090389,,10730426,96337038
TOR.AX,annual,2024-06-30,AUD,,-4577137,false,-4679428,,-5929244,102291,139589134,139589134,19060,2261817,,20110149,183403798
TOR.AX,annual,2025-06-30,AUD,,,false,,,,,,,,,,,
TPG.AX,annual,2021-12-31,AUD,,,false,,,,,,,,,,,
TPG.AX,annual,2022-12-31,AUD,5415000000,1954000000,false,565000000,,-992000000,1389000000,1857835988,1857835988,5655000000,114000000,,1.19e+10,1859341669
TPG.AX,annual,2023-12-31,AUD,5533000000,1544000000,false,72000000,,-1154000000,1472000000,1856238552,1856238552,6310000000,116000000,,1.1617e+10,1859341669
TPG.AX,annual,2024-12-31,AUD,5520000000,1340000000,false,-145000000,,-1014000000,1485000000,1854631530,1854631530,6304000000,42000000,,1.1173e+10,1859341669
TPG.AX,annual,2025-12-31,AUD,5041000000,1310000000,false,50000000,,-863000000,1260000000,1867999904,1867999904,4154000000,72000000,,8671000000,1963029400
TPW.AX,annual,2022-06-30,AUD,426335000,16151000,false,13011000,,-5797000,3140000,128000000,120464752,5099000,101011000,,102912000,120514583
TPW.AX,annual,2023-06-30,AUD,395513000,15500000,false,10229000,,-2789000,5271000,126793893,121770049,25033000,105140000,,107731000,120253448
TPW.AX,annual,2024-06-30,AUD,497841000,13880000,false,8050000,,-552000,5830000,124895105,119175160,22323000,116353000,,106523000,118570156
TPW.AX,annual,2025-06-30,AUD,600719000,18791000,false,10431000,,-1211000,8360000,125299335,118732568,23720000,144346000,,148077000,118789993
TRA.AX,annual,2022-03-31,NZD,,,false,,,,,,,409037000,,,,
TRA.AX,annual,2023-03-31,NZD,389027000,76956000,false,65478000,,-44177000,11478000,86450757,86450757,439155000,11845000,,272250000,86945247
TRA.AX,annual,2024-03-31,NZD,344453000,88949000,false,76981000,,-18641000,11968000,87652220,87423305,450242000,17523000,,278224000,88353689
TRA.AX,annual,2025-03-31,NZD,255481000,93376000,false,81725000,,-32897000,11651000,89074331,88978618,468179000,22039000,,298493000,89893783
TRA.AX,annual,2026-03-31,NZD,281812000,94914000,false,83817000,,-41700000,11097000,90562278,90522523,606387000,20243000,,317866000,91075265
TRE.AX,annual,2021-12-31,AUD,0,,false,,-4936770,,22105,60211775,60211775,,,,,
TRE.AX,annual,2022-12-31,AUD,0,-5414312.319,false,-5443040.826,-3431577,-25237.39986,19544,71369220,71369220,,5354848.836,,5042940.797,102198999
TRE.AX,annual,2023-12-31,AUD,,-6602230,false,-6634608,,-66459.0643,32378,109824865,109824865,,3280169.591,,3412244.152,133865666
TRE.AX,annual,2024-12-31,AUD,,-8192745,false,-8246361,,-13996,53616,175174672,175174672,,8471928,,8604802,228959959
TRE.AX,annual,2025-12-31,AUD,,-22271997,false,-22432082,,-3781026,160085,,,,116981790,,117688200,634876216
TSO.AX,annual,2022-06-30,AUD,,-5262271,false,-5324718,,-17168101,62447,43134262,43134262,108938,3949773,,1846530,51144225
TSO.AX,annual,2023-06-30,AUD,,-2785826,false,-2853995,,-8283695,68169,65922207,65922207,86135,2816061,,2128717,70240838
TSO.AX,annual,2024-06-30,AUD,,-222754,false,-285040,,-5313987,62286,76589923,76589923,32802,302006,,1843482,81972047
TSO.AX,annual,2025-12-31,AUD,,-5015721,false,-5141416,,-13653899,125695,,,220194,22171000,,1978695,177850215
TTM.AX,annual,2021-12-31,USD,,,false,,,-9892000,,,,1088000,,,,
TTM.AX,annual,2022-12-31,USD,,-1840000,false,-1902000,,-9296000,62000,142884183,142884183,1016000,671000,,39551000,142984261
TTM.AX,annual,2023-12-31,USD,,-1200000,false,-1274000,,-63000,74000,146257565,146257565,2291000,1941000,,46097000,169126939
TTM.AX,annual,2024-12-31,USD,,-5864000,false,-5911000,,-4793000,47000,185361028,185361028,1303000,11660000,,57380000,243202275
TTM.AX,annual,2025-12-31,USD,,-3985000,false,-4011000,,,26000,263821279,263821279,,12138000,,68099000,286520875
TTT.AX,annual,2022-06-30,AUD,3381465,-15166932,false,-16918855,,-597046,1751923,431733122,431733122,1424843,7108180,,7412620,466085700
TTT.AX,annual,2023-06-30,AUD,2619421,-12258312,false,-13912629,,-2934458,1654317,219514652,219514652,2129248,1470969,,238263,238989955
TTT.AX,annual,2024-06-30,AUD,5923876,-11242898,false,-11403547,,-897071,160649,872667571,872667571,769812,2729484,,1030434,1010635855
TTT.AX,annual,2025-06-30,AUD,8114049,-19406917,false,-19749332,,-14903075,342415,1213259615,1213259615,12188692,8926447,,14815047,1325758397
TTX.AX,annual,2023-06-30,AUD,,-3840000,false,-3842000,,-5000,2000,50331637,50331637,,,,0,50331637
TTX.AX,annual,2024-06-30,AUD,,-4316000,false,-4400000,,-36000,84000,50331637,50331637,,,,0,50331637
TTX.AX,annual,2025-06-30,AUD,,-9277476,false,-9357399,,-594825,79923,25850529,25850529,2041370,29336526,,27246865,50331637
TTX.AX,annual,2026-06-30,AUD,918151,-8295342,false,-9221957,,-5553970,926615,,,10967574,34364884,,32726762,53036089
TUA.AX,annual,2022-07-31,SGD,57432000,15540000,false,-26515000,,-67070000,42055000,463909021,463909021,2521000,16614000,,453786000,463909021
TUA.AX,annual,2023-07-31,SGD,86097000,31423000,false,-13578000,,-44582000,45001000,464718070,464718070,1995000,9088000,,440225000,464959921
TUA.AX,annual,2024-07-31,SGD,117065000,51174000,false,-2066000,,-47992000,53240000,465754632,465754632,1490000,55333000,,437542000,465754632
TUA.AX,annual,2025-07-31,SGD,151290000,69617000,false,11923000,,-55001000,57694000,467102822,467102822,1038000,39747000,,445925000,467871871
TVN.AX,annual,2022-06-30,AUD,,-4703000,false,-4887000,,-5351000,184000,1335133223,1335133223,111000,14442000,,70847000,1388418222
TVN.AX,annual,2023-06-30,AUD,,-6812000,false,-7075000,,-5693000,263000,1357051031,1357051031,212000,1298000,,71923000,1488418222
TVN.AX,annual,2024-06-30,AUD,,-62664000,false,-62963000,,-4384000,299000,1591520581,1591520581,3569000,378000,,13832000,1645949026
TVN.AX,annual,2025-06-30,AUD,,-3550000,false,-3820000,,-8544000,270000,1884526088,1884526088,666000,6455000,,38789000,2067820359
TWD.AX,annual,2022-06-30,AUD,,,false,,,,,29680131,29680131,,,,,
TWD.AX,annual,2023-06-30,AUD,76464000,3726000,false,2606000,,-67000,1120000,35117130,35117130,3630000,5231000,,148000,35436742
TWD.AX,annual,2024-06-30,AUD,84508000,8388000,false,7409000,,-64000,979000,36193120,36193120,2869000,6114000,,148000,37691105
TWD.AX,annual,2025-06-30,AUD,100336000,8821000,false,7768000,,-308000,1053000,37771568,37771568,2511000,3443000,,148000,38701543
TWD.AX,annual,2026-06-30,AUD,125022000,12457000,false,11165000,,-688000,1292000,,,2073000,8346000,,148000,39732101
TWE.AX,annual,2022-06-30,AUD,,,false,,,,,732600850,729346520,,,,,
TWE.AX,annual,2023-06-30,AUD,2423000000,651000000,false,489300000,,-249000000,161700000,729346520,729346520,1937600000,565800000,,17200000,729346698
TWE.AX,annual,2024-06-30,AUD,2739800000,528900000,false,373400000,,-190100000,155500000,784920635,778834000,2158500000,458100000,,17100000,811426445
TWE.AX,annual,2025-06-30,AUD,2938100000,1027800000,false,861300000,,-137100000,166500000,811426000,811426000,2198600000,427700000,,17300000,811426445
TWE.AX,annual,2026-06-30,AUD,2561000000,-1006300000,false,-1171600000,,-113300000,165300000,,,1996700000,221800000,,14700000,807437260
TYR.AX,annual,2022-06-30,AUD,,,false,,,,,,,,,,,
TYR.AX,annual,2023-06-30,AUD,429846000,43339000,false,6984000,,-15077000,36355000,536875000,519211261,33561000,42603000,,177684000,520690982
TYR.AX,annual,2024-06-30,AUD,458298000,68202000,false,27312000,,-13269000,40890000,538888889,523160711,31541000,50771000,,207674000,524524266
TYR.AX,annual,2025-06-30,AUD,472940000,67201000,false,22031000,,-11054000,45170000,538217523,524900518,28052000,189355000,,226824000,524672443
TYR.AX,annual,2026-06-30,AUD,476661000,67664000,false,23638000,,-14229000,44026000,541091371,526886440,24859000,82685000,,248589000,525300904
UNI.AX,annual,2022-06-30,AUD,,,false,,,,,71190311,68046034,14865000,,,,
UNI.AX,annual,2023-06-30,AUD,263052000,63224000,false,36395000,,-10226000,26829000,74122642,72564258,77961000,21444000,,136443000,76720000
UNI.AX,annual,2024-06-30,AUD,288523000,83704000,false,48842000,,-8769000,34862000,76472160,76254143,76220000,29267000,,152400000,76720000
UNI.AX,annual,2025-06-30,AUD,333266000,78160000,false,39404000,,-12067000,38756000,77023179,76607751,88445000,17160000,,145395000,76720000
UNI.AX,annual,2026-06-30,AUD,376142000,78237000,false,35397000,,-12816000,42840000,,,80241000,23322000,,132511000,76720000
UOS.AX,annual,2021-12-31,AUD,,,false,,,,,,,,,,,
UOS.AX,annual,2022-12-31,AUD,252484000,139464000,false,133669000,,-7495000,5795000,1544190341,1544190341,248723000,802715000,,818366000,1544190341
UOS.AX,annual,2023-12-31,AUD,266882000,161869000,false,155506000,,-7519000,6363000,1616502375,1616502375,240766000,743652000,,801164000,1616502375
UOS.AX,annual,2024-12-31,AUD,327236000,183787000,false,177198000,,-12306000,6589000,1667092296,1667092296,264128000,803363000,,916799000,1667092296
UOS.AX,annual,2025-12-31,AUD,442964000,284604000,false,276644000,,-5615000,7960000,1686662870,1686662870,264100000,772253000,,1004259000,1704973596
USL.AX,annual,2022-06-30,AUD,,-10179631,false,-10179631,,-4736,,160564896,160564896,205194,10678145,,-3111739,199132323
USL.AX,annual,2023-06-30,AUD,,-17690737,false,-17751139,,,60402,223167995,223167995,171226,8532275,,-3368248,296051591
USL.AX,annual,2024-06-30,AUD,,-2442876,false,-2526512,,,83636,296585838,296585838,,5051917,,4063080,299051591
USL.AX,annual,2025-06-30,AUD,,,false,,,,,321003763,321003763,,,,,
VAU.AX,annual,2022-06-30,AUD,162899000,-6117000,false,-48631000,,-181571000,42514000,,,272364000,32526000,,-17000,
VAU.AX,annual,2023-06-30,AUD,422745000,77261000,false,-5890000,,-126165000,83151000,439480769,439480769,209110000,20112000,,-17000,494113726
VAU.AX,annual,2024-06-30,AUD,620002000,133296000,false,-1849000,,-108284000,135145000,549522769,549522769,207835000,428812000,,-17000,1046534366
VAU.AX,annual,2025-06-30,AUD,,,false,,,,,1053721654,1046534307,,,,,1046534366
VAU.AX,annual,2026-06-30,AUD,1926607000,1017404000,false,669328000,,-364465000,348076000,1054579545,1041686000,74347000,825784000,,-17000,1034565895
VEA.AX,annual,2021-12-31,AUD,,,false,,,,,,,191900000,,,,
VEA.AX,annual,2022-12-31,AUD,2.61965e+10,1172800000,false,768600000,,-303700000,404200000,1553776435,1545432035,2456500000,290500000,,2360800000,1549639715
VEA.AX,annual,2023-12-31,AUD,2.56154e+10,562400000,false,118200000,,-492700000,444200000,1900000000,1540733699,2995300000,215500000,,2010600000,1544166247
VEA.AX,annual,2024-12-31,AUD,2.99922e+10,625300000,false,53600000,,-588100000,571700000,1577237243,1577237243,5532500000,192700000,,1895400000,1594807705
VEA.AX,annual,2025-12-31,AUD,2.84382e+10,161500000,false,-443200000,,-557500000,604700000,1597859291,1597859291,5858100000,170500000,,1427100000,1625651926
VEE.AX,annual,2022-06-30,AUD,54197245,6072854,false,2051063,,-4946211,4021791,135719452,135719452,21666612,2632302,,43602010,135719452
VEE.AX,annual,2023-06-30,AUD,59535085,9954227,false,5871841,,-5186152,4082386,135719452,135719452,26171743,2421112,,46821862,135719452
VEE.AX,annual,2024-06-30,AUD,80527233,14776659,false,9409469,,-3226349,5367190,135727671,135727671,21979101,170558,,52283528,135769452
VFY.AX,annual,2022-06-30,AUD,,,false,,,,,63849674,63849674,,,,,
VFY.AX,annual,2023-06-30,AUD,32000,-2820000,false,-2820000,,-90000,,63849674,63849674,,,,0,63849674
VFY.AX,annual,2024-06-30,AUD,37000,7000,false,7000,,-13000,,63849674,63849674,475000,37969000,,39988000,63849674
VFY.AX,annual,2025-06-30,AUD,65112,-26064145,false,-26218220,,-1854,154075,44788723,44788723,392358,19520467,,28767812,63849674
VFY.AX,annual,2026-06-30,AUD,168726,-16043824,false,-16168368,,-537362,124544,,,302574,26098298,,41107198,75388136
VGL.AX,annual,2021-12-31,NZD,,,false,,,,,,,600000,,,,
VGL.AX,annual,2022-12-31,NZD,135100000,-3200000,false,-20400000,,-18900000,17200000,232900000,232900000,36700000,46000000,,2000000,233200000
VGL.AX,annual,2023-12-31,NZD,143000000,5100000,false,-14800000,,-20300000,19900000,235400000,235400000,31100000,28500000,,1500000,236200000
VGL.AX,annual,2024-12-31,NZD,150000000,24400000,false,4600000,,-18100000,19800000,237300000,237300000,29500000,21800000,,2100000,237700000
VGL.AX,annual,2025-12-31,NZD,164300000,28900000,false,6800000,,-21100000,22100000,240506329,238500000,32900000,20000000,,2400000,238834381
VGN.AX,annual,2023-06-30,AUD,5011000000,549000000,false,240000000,,-150000000,309000000,781990466,781990466,,,,0,781990466
VGN.AX,annual,2024-06-30,AUD,5634000000,1023000000,false,682000000,,-331000000,341000000,781990466,781990466,,,,0,781990466
VGN.AX,annual,2025-06-30,AUD,,898500000,false,474400000,,-496000000,,733895706,732000000,1552200000,1035200000,,-814600000,782000000
VGN.AX,annual,2026-06-30,AUD,6324000000,1329500000,false,837300000,,-884000000,492200000,,,2997600000,1375400000,,-227200000,768900000
VLS.AX,annual,2021-12-31,AUD,,,false,,,,,,,,,,,
VLS.AX,annual,2022-12-31,AUD,66886000,11371000,false,10772000,,-139000,599000,53993902,52967432,601000,15688000,,-71000,52951612
VLS.AX,annual,2023-12-31,AUD,74161000,13098000,false,12586000,,-660000,512000,54698795,53666979,387000,43833000,,-66000,56400137
VLS.AX,annual,2024-12-31,AUD,79505000,13462000,false,12850000,,-198000,612000,54995619,54995619,517000,28601000,,-71000,56560582
VLS.AX,annual,2025-12-31,AUD,93270000,15791000,false,14783000,,-570000,1008000,56866485,56006052,2393000,35564000,,-90000,55495353
VMM.AX,annual,2022-06-30,AUD,,-1349973,false,-1352963,,-319882,2990,20534875,20534875,10269,3916774,,4604972,35397889
VMM.AX,annual,2023-06-30,AUD,,-758584,false,-811616,,-1842663,53032,35397889,35397889,128215,1266233,,3885978,35397889
VMM.AX,annual,2024-06-30,AUD,,-8249538,false,-8309094,,-11044539,59556,49216497,49216497,293996,5231182,,20698548,63921967
VNT.AX,annual,2021-12-31,AUD,,,false,,,,,,,,,,,
VNT.AX,annual,2022-12-31,AUD,5167500000,408800000,false,249700000,,-38400000,159100000,858939802,854600000,1622300000,280000000,,520900000,855484445
VNT.AX,annual,2023-12-31,AUD,5676400000,464700000,false,319000000,,-50900000,145700000,862335302,855300000,879300000,338700000,,570200000,855484445
VNT.AX,annual,2024-12-31,AUD,6105500000,503300000,false,364700000,,-69000000,138600000,864207221,855400000,887500000,392800000,,630900000,855484445
VNT.AX,annual,2025-12-31,AUD,6141100000,558100000,false,436800000,,-110100000,121300000,850625000,839700000,935100000,236300000,,561100000,826358504
VSL.AX,annual,2022-06-30,NZD,,,false,,,,,,,,,,,
VSL.AX,annual,2023-06-30,NZD,1244837000,192388000,false,147121000,,-22952000,45267000,132715619,132715619,649732000,20318000,,185918000,132715619
VSL.AX,annual,2024-06-30,NZD,1064326000,163020000,false,82275000,,-26688000,80745000,132715619,132715619,590210000,24112000,,172056000,132715619
VSL.AX,annual,2025-06-30,NZD,948153000,124873000,false,40705000,,-21320000,84168000,133096187,133096187,545037000,17372000,,169653000,133096187
VSL.AX,annual,2026-06-30,NZD,1158807000,147537000,false,46733000,,-26606000,100804000,143642264,143642264,631365000,30701000,,9329000,146529960
VTM.AX,annual,2022-06-30,AUD,,-3822281,false,-3953412,,-1662753,131131,,,387856,1895098,,3408999,47034431
VTM.AX,annual,2023-06-30,AUD,,-1055424,false,-1280309,,-3265808,224885,,,,3118524,,8271801,76229343
VTM.AX,annual,2024-06-30,AUD,,-1699562,false,-1909646,,-3208956,210084,,,,2888746,,10485700,92763292
VUL.AX,annual,2022-06-30,EUR,3799000,-21118000,false,-23747000,,-32177000,2629000,149000879,149000879,3005000,175416000,,,171018957
VUL.AX,annual,2023-12-31,EUR,6783000,-48962000,false,-54831000,,-92632000,5869000,190417817,190417817,4411000,78728000,,268281000,205653181
VUL.AX,annual,2024-12-31,EUR,8119000,-50026000,false,-59623000,,-70314000,9597000,217538203,217538203,3852000,97054000,,19000,256393076
VUL.AX,annual,2025-12-31,EUR,7350000,-52885000,false,-66271000,,-50228000,13386000,235251410,235251410,30612000,517839000,,856946000,477870976
VVA.AX,annual,2022-06-30,AUD,,,false,,,,,88106171,88106171,4435032,,,,
VVA.AX,annual,2023-06-30,AUD,141040195,51151862,false,6975973,,-19617388,44175889,94280748,89995677,266165901,6828484,,90019734,89948212
VVA.AX,annual,2024-06-30,AUD,161481897,59124612,false,7256137,,-18878039,51868475,93878150,91455655,319341355,22274377,,109084469,100982695
VVA.AX,annual,2025-06-30,AUD,210279808,78707895,false,14582173,,-29453077,64125722,102094629,99824367,383678965,12881452,,110917941,100982695
VVA.AX,annual,2026-06-30,AUD,235247776,93247584,false,25266581,,-32885876,67981003,,,390935580,5843312,,122376370,97387879
VYS.AX,annual,2022-06-30,AUD,46297406,9075396,false,4572638,,-5015343,4502758,420107206,389969563,10519454,5706447,,28085390,391955864
VYS.AX,annual,2023-06-30,AUD,64957156,12467389,false,7591937,,-4115884,4875452,411974255,396010657,10034799,8309432,,32923665,405289196
VYS.AX,annual,2024-06-30,AUD,75885416,16289105,false,11494651,,-7274703,4794454,421191005,,3422042,3731180,,41057576,408622529
VYS.AX,annual,2026-06-30,AUD,,,false,,,,,547526268,527444829,,,,,
WA1.AX,annual,2022-06-30,AUD,,-622618,false,-622618,,-531662,,29768767,29768767,,3677733,,4559769,44800000
WA1.AX,annual,2023-06-30,AUD,261117,-2450128,false,-2480677,,-4675585,30549,48058331,48058331,43779,14997724,,22564331,53736364
WA1.AX,annual,2024-06-30,AUD,,-3498220,false,-3542284,,-20086962,44064,58142574,58142574,,46937788,,72008450,61336364
WA1.AX,annual,2025-06-30,AUD,,-4679052,false,-4801259,,-29249544,122207,66614406,66614406,17283,72796590,,125943398,67715776
WAF.AX,annual,2021-12-31,AUD,,,false,,,,,,,12904000,,,,
WAF.AX,annual,2022-12-31,AUD,606134000,319023000,false,259667000,,-114881000,59356000,1034232704,1021110697,22180000,173393000,,40069000,1022841993
WAF.AX,annual,2023-12-31,AUD,658815000,329807000,false,242863000,,-228337000,86944000,1034316901,1024736383,149150000,135080000,,44627000,1026338077
WAF.AX,annual,2024-12-31,AUD,724368000,420089000,false,344857000,,-487347000,75232000,1086621359,1080117492,425972000,391670000,,66893000,1139776844
WAF.AX,annual,2025-12-31,AUD,1533800000,940000000,false,837900000,,-431300000,102100000,1147457627,1140394846,453100000,592000000,,38200000,1142328846
WAT.AX,annual,2022-06-30,AUD,123285000,21508000,false,15194000,,-3501000,6314000,,,23638000,11946000,,507000,35715248
WAT.AX,annual,2023-06-30,AUD,133999000,21626000,false,14560000,,-2915000,7066000,35250500,35250500,25581000,12337000,,368000,35184767
WAT.AX,annual,2024-06-30,AUD,244845000,33477000,false,22232000,,-2337000,11245000,35175391,35175391,87168000,16802000,,314000,35184767
WAT.AX,annual,2025-06-30,AUD,249443000,27934000,false,15456000,,-3041000,12478000,35165942,35165942,82352000,24522000,,374000,35165942
WAT.AX,annual,2026-06-30,AUD,,,false,,,,,35143182,35143182,,,,,
WBT.AX,annual,2022-06-30,AUD,,,false,,,,,150072195,150072195,,,,,
WBT.AX,annual,2023-06-30,AUD,,-40105722,false,-40296993,,-44841,191271,176051687,176051687,284736,87957503,,84356514,187460439
WBT.AX,annual,2024-06-30,AUD,1017788,-45110677,false,-45342331,,-1027421,231654,188045537,188045537,434771,62831220,,60996117,188916529
WBT.AX,annual,2025-06-30,AUD,4409329,-40181156,false,-40578143,,-251330,396987,200322192,200322192,516160,88306794,,90182496,208416444
WBT.AX,annual,2026-06-30,AUD,15276000,-57340000,false,-57682000,,-1074000,342000,,,373000,168342000,,153985000,240203000
WC8.AX,annual,2022-06-30,AUD,,-1746771,false,-1765505,,-1247729,18734,593662817,593662817,35780,6081111,,10411226,645272727
WC8.AX,annual,2023-06-30,AUD,,-1582271,false,-1618021,,-1816903,35750,656126279,656126279,18163,8818981,,9730290,665514327
WC8.AX,annual,2024-06-30,AUD,,-11236295,false,-11338955,,-25854152,102660,1031350746,1031350746,4520276,77182268,,252558258,1206564298
WC8.AX,annual,2025-06-30,AUD,,-12519560,false,-12695815,,-19391082,176255,1286866633,1286866633,458998,55089039,,253094029,1336568438
WDS.AX,annual,2021-12-31,USD,,,false,,,9000000,,,,196000000,,,,
WDS.AX,annual,2022-12-31,USD,1.6817e+10,1.2253e+10,false,9305000000,8811000000,-3136000000,2948000000,1524318780,1511257404,6772000000,6189000000,,791000000,1898749771
WDS.AX,annual,2023-12-31,USD,1.3994e+10,7670000000,false,3531000000,6145000000,-5291000000,4139000000,1910942971,1896498169,6498000000,1740000000,,771000000,1898749771
WDS.AX,annual,2024-12-31,USD,1.3179e+10,9466000000,false,4704000000,5847000000,-4902000000,4762000000,1911925286,1895703924,1.162e+10,3923000000,,754000000,1898749771
WDS.AX,annual,2025-12-31,USD,1.2984e+10,9354000000,false,4109000000,7192000000,-7974000000,5245000000,1913421137,1895437383,1.3722e+10,5712000000,,3929000000,1901100143
WEB.AX,annual,2022-03-31,AUD,,,false,,,,,,,307800000,,,,
WEB.AX,annual,2023-03-31,AUD,364300000,115500000,false,46900000,,-34100000,68600000,381300000,381300000,240400000,513900000,,834200000,382700000
WEB.AX,annual,2024-03-31,AUD,471300000,192600000,false,147100000,,-41400000,45500000,422674419,387500000,239500000,630100000,,940800000,387500000
WEB.AX,annual,2025-03-31,AUD,328400000,76400000,false,38500000,,-43700000,37900000,361340678,361340678,246500000,363600000,,575100000,361340678
WEB.AX,annual,2026-03-31,AUD,394000000,127200000,false,83700000,,-37200000,43500000,365979381,361300000,255500000,448100000,,582000000,361300000
WEC.AX,annual,2022-06-30,AUD,90000,-3876000,false,-5994000,,-133000,2118000,27246997,27246997,48351000,434000,,-35341000,27246997
WEC.AX,annual,2023-06-30,AUD,,-4117000,false,-6201000,,-141000,2084000,41513095,41513095,52203000,772000,,-38908000,47039872
WEC.AX,annual,2024-06-30,AUD,,-1752000,false,-3042000,,-1495000,1290000,100222566,100222566,51826000,3645000,,-38509000,205014102
WEC.AX,annual,2025-06-30,AUD,,,false,,,,,235536535,235536535,,,,,321062933
WES.AX,annual,2022-06-30,AUD,,,false,,,,,,,988000000,,,,
WES.AX,annual,2023-06-30,AUD,4.3417e+10,5345000000,false,3644000000,,-1288000000,1701000000,1132812500,1132000000,1.1169e+10,673000000,,8281000000,1134514000
WES.AX,annual,2024-06-30,AUD,4.4047e+10,5553000000,false,3753000000,,-1076000000,1800000000,1133000000,1133000000,1.1278e+10,835000000,,8585000000,1134781000
WES.AX,annual,2025-06-30,AUD,4.5576e+10,6043000000,false,4210000000,,-1147000000,1833000000,1134000000,1134000000,1.1168e+10,638000000,,9189000000,1135014000
WES.AX,annual,2026-06-30,AUD,4.714e+10,6028000000,false,4184000000,,-1194000000,1844000000,1134000000,1134000000,1.2716e+10,530000000,,7977000000,1135283000
WGN.AX,annual,2022-06-30,AUD,336851000,41007000,false,16593000,,-23975000,24414000,190800000,187417598,204387000,12200000,,120900000,187618665
WGN.AX,annual,2023-06-30,AUD,475452000,39679000,false,11412000,,-15151000,28267000,195187500,187618665,248854000,11363000,,123979000,187618665
WGN.AX,annual,2024-06-30,AUD,481644000,51141000,false,23742000,,-23859000,27399000,190407407,187618665,202902000,18661000,,134564000,187618665
WGN.AX,annual,2026-06-30,AUD,503919000,83917000,false,62085000,,-51166000,21832000,201776119,197415898,148311000,20612000,,217603000,199723828
WGX.AX,annual,2022-06-30,AUD,647576618,-93042288,false,-158687858,,-206469257,65645570,438907701,438907701,42959811,182701502,,587767457,473622730
WGX.AX,annual,2023-06-30,AUD,654371234,69366307,false,16406754,,-159540589,52959553,473622730,473622730,27490818,176411855,,598339298,473622730
WGX.AX,annual,2024-06-30,AUD,716472565,185501465,false,141654056,,-273083139,43847409,481210359,473622730,54609452,236039162,,691801106,473622730
WHC.AX,annual,2022-06-30,AUD,,,false,,,,,1000494618,987804000,6178000,,,,
WHC.AX,annual,2023-06-30,AUD,6064739000,4060088000,false,3834088000,,-257775000,226000000,881127477,867203000,188948000,2775510000,,5256744000,836600784
WHC.AX,annual,2024-06-30,AUD,3824000000,876000000,false,557000000,,-454000000,319000000,810502283,798202000,1891000000,405000000,,5271000000,836600784
WHC.AX,annual,2025-06-30,AUD,5832000000,2119000000,false,1512000000,,-393000000,607000000,810237203,800435000,2033000000,1206000000,,5701000000,832423807
WHC.AX,annual,2026-06-30,AUD,5401000000,1462000000,false,780000000,,-355000000,682000000,,,2322000000,778000000,,5913000000,822323769
WIA.AX,annual,2022-06-30,AUD,,-1259693,false,-1260943,,-5549269,1250,453299766,453299766,,2319895,,11556390,491414796
WIA.AX,annual,2023-06-30,AUD,,-1483527,false,-1527597,,-6417814,44070,609323786,609323786,,1215694,,121197,609323786
WIA.AX,annual,2024-06-30,AUD,,-3649129,false,-3687389,,-10598762,38260,,904972575,,15051079,,1169060,1125160775
WJL.AX,annual,2025-03-31,AUD,139400000,25100000,false,13800000,,-13300000,11300000,398437500,392500000,2700000,148900000,,1300000,392500000
WJL.AX,annual,2026-03-31,AUD,136300000,19000000,false,6500000,,-30600000,12500000,,,3400000,113900000,,1100000,392100000
WOR.AX,annual,2022-06-30,AUD,,,false,,316000000,,262000000,,,,,,,524248439
WOR.AX,annual,2023-06-30,AUD,1.1324e+10,263000000,false,263000000,260000000,-82000000,254000000,529603316,525629010,2248000000,436000000,,-6000000,525986956
WOR.AX,annual,2024-06-30,AUD,1.1789e+10,616000000,false,616000000,682000000,-95000000,270000000,532219360,527199910,2073000000,554000000,,-9000000,527619596
WOR.AX,annual,2025-06-30,AUD,1.1222e+10,748000000,false,748000000,741000000,-76000000,276000000,530774393,526785133,2453000000,962000000,,-1000000,516319055
WOR.AX,annual,2026-06-30,AUD,1.068e+10,541000000,false,541000000,,-63000000,,508321467,504971080,2845000000,1107000000,,-9000000,487980085
WOT.AX,annual,2022-06-30,AUD,,,false,,,,,162957715,162957715,,,,,
WOT.AX,annual,2023-06-30,AUD,48515000,14310000,false,1687000,,-4828000,12623000,163210058,163210058,191807000,7450000,,30625000,162859009
WOT.AX,annual,2024-06-30,AUD,49722000,22271000,false,7927000,,-6102000,14344000,162478413,162478413,137237000,3674000,,3700000,162176344
WOT.AX,annual,2025-06-30,AUD,47045000,16933000,false,1632000,,-4116000,15301000,162153948,162153948,155676000,4927000,,3797000,161748524
WOT.AX,annual,2026-06-30,AUD,48754000,16903000,false,5018000,,-7191000,11885000,,,140955000,5848000,,4093000,159232982
WRK.AX,annual,2022-06-30,AUD,,,false,,,,,,,,,,,
WRK.AX,annual,2023-06-30,AUD,6575048,-1300481,false,-4076071,,-496387,2775590,1256242344,1256242344,1218717,4108448,,12453107,1271589025
WRK.AX,annual,2024-06-30,AUD,7474512,-971450,false,-3752961,,-2429953,2781511,1271589025,1271589025,405264,1936677,,8809796,1271589025
WRK.AX,annual,2025-06-30,AUD,7976914,72369,false,-2604384,,-3588735,2676753,1653735927,1653735927,179469,5729498,,17664228,1722774163
WRK.AX,annual,2026-06-30,AUD,13363000,-5830000,false,-9018000,,-8848000,3188000,1915412429,1915412429,1797000,10198000,,37593000,1998969062
WTC.AX,annual,2022-06-30,USD,434965054.2,220887678.2,false,175554454.9,,-70304331.08,45333223.27,,326000000,23044961.75,332535358.5,,904738319.3,326346000
WTC.AX,annual,2023-06-30,USD,540731964,222475227.2,false,203146823.1,,-93928100.98,19328404.15,328482972,327500000,169719274.8,94656225.8,,1254029509,331857000
WTC.AX,annual,2024-06-30,USD,696272332.9,280527501.3,false,255663019.4,,-132410050.1,24864481.89,333079848,331000000,69780965.3,81344286.18,,1479436672,333447000
WTC.AX,annual,2025-06-30,USD,,,false,,,,,332200000,,,,,,
WTC.AX,annual,2026-06-30,USD,,,false,,,,,335902256,333600000,,,,,
WTM.AX,annual,2021-12-31,AUD,,,false,,,,,,,195790,,,,
WTM.AX,annual,2022-12-31,AUD,,-5021304,false,-5142522,,-32620,121218,88518709,88518709,12250,693082,,23065637,97508078
WTM.AX,annual,2023-12-31,AUD,7449,-4108257,false,-4147368,,-2479,39111,120580040,120580040,,1288231,,24082577,149364498
WTM.AX,annual,2024-12-31,AUD,,-20320480,false,-20365044,,-84566,44564,176218868,176218868,87897,4233576,,9891261,202387499
WTM.AX,annual,2025-12-31,AUD,,-17358885,false,-17463821,,-468048,104936,244512241,244512241,39230,28631917,,34072362,309261183
WTN.AX,annual,2022-06-30,NZD,159523000,47156000,false,46438000,,-7156000,718000,260551440,254573475,323000,204824000,,454090000,296614000
WTN.AX,annual,2023-06-30,NZD,215072000,98204000,false,96840000,,-29078000,1364000,307507136,296613736,11021000,76310000,,510414000,296614000
WTN.AX,annual,2024-06-30,NZD,162082000,33426000,false,29954000,,-42132000,3472000,307539062,296613736,84417000,41689000,,519549000,296613736
WTN.AX,annual,2026-06-30,NZD,183613000,46135000,false,39127000,,-9462000,7008000,307113821,296613736,85866000,38788000,,555405000,296613736
WWI.AX,annual,2022-06-30,AUD,,-5544000,false,-5633000,,-10302000,89000,167697554,167697554,1002000,2328000,,-6485000,
WWI.AX,annual,2023-06-30,AUD,,-2948000,false,-3064000,,-2239000,116000,207114738,207114738,150000,1371000,,-7380000,224301723
WWI.AX,annual,2024-06-30,AUD,,-1680000,false,-1790000,,-1398000,110000,240044555,240044555,68000,1410000,,-7397000,253808395
WWI.AX,annual,2025-06-30,AUD,,,false,,,,,258558382,258558382,,,,,328487478
WWI.AX,annual,2026-06-30,AUD,197000,-4937000,false,-4962000,,-40009000,25000,,,23306000,32015000,,-10462000,434888012
XRF.AX,annual,2022-06-30,AUD,,,false,,,,,135469700,135469700,1464500,,,-131653,
XRF.AX,annual,2023-06-30,AUD,55174587,13215582,false,12010940,,-782432,1204642,136687618,136687618,4314145,15401407,,323566,137049775
XRF.AX,annual,2024-06-30,AUD,59835740,15323601,false,13751268,,-1642840,1572333,137782193,137782193,3380092,12048459,,655175,138109375
XRF.AX,annual,2025-06-30,AUD,59185828,16541381,false,14847464,,-2152632,1693917,140148721,140148721,2875118,12231941,,60168225,140536078
XRF.AX,annual,2026-06-30,AUD,64128485,17211321,false,15504039,,-2589372,1707282,,,2337936,9459007,,66396654,143040078
XRO.AX,annual,2022-03-31,NZD,,,false,,,,,,,822417510.9,,,,
XRO.AX,annual,2023-03-31,NZD,1310384723,167895722.2,false,-36350276.14,,-252034072.8,204245998.3,150037000,150037000,1070125433,215879434.6,,986526256.7,151034000
XRO.AX,annual,2024-03-31,NZD,1572119072,510979726.6,false,274429868.8,,-214266581,236549857.8,153189411,151418000,1122942849,457564443.6,,1277815797,152296000
XRO.AX,annual,2025-03-31,NZD,1910806979,697389131.2,false,440428026.2,,-259915485.3,256961105.1,154974983,152726000,1216536714,698316066.9,,1995368048,153587000
XRO.AX,annual,2026-03-31,NZD,2295764676,741016511,false,421827051.4,,-346253335.6,319189459.6,164588000,164588000,1772004670,1612861074,,4506054870,170569000
XYZ.AX,annual,2021-12-31,USD,,,false,,,,,,,,,,,
XYZ.AX,annual,2022-12-31,USD,1.7531587e+10,313245000,false,-27278000,175903000,-170815000,340523000,578949000,578949000,6332764000,7724526000,0,28476000,600059542
XYZ.AX,annual,2023-12-31,USD,2.1915623e+10,790384000,false,381824000,100961000,-151151000,408560000,614024000,608856000,6071517000,8166895000,0,-2420000,615821000
XYZ.AX,annual,2024-12-31,USD,2.4121053e+10,2062675000,false,1686548000,1707350000,-153947000,376127000,636390000,616993000,7918613000,1.2258119e+10,0,-32970000,619676000
XYZ.AX,annual,2025-12-31,USD,2.4193683e+10,3415181000,false,3045652000,2579714000,-155038000,369529000,622838000,612243000,8966376000,1.1335916e+10,0,-34396000,602078000
XYZ.AX,quarterly,2024-12-31,USD,,,false,,,,,,,,,,,
XYZ.AX,quarterly,2025-03-31,USD,,,false,,,,,635342000,619370000,,,,,
XYZ.AX,quarterly,2025-06-30,USD,6054457000,870780000,false,778383000,374322000,-31310000,92397000,618928000,612882000,6122475000,1.1322038e+10,0,-34244000,610203000
XYZ.AX,quarterly,2025-09-30,USD,6114952000,865014000,false,772895000,1451056000,-50646000,92119000,,,8101348000,1.313965e+10,0,-34190000,609244000
XYZ.AX,quarterly,2025-12-31,USD,6252478000,1091448000,false,995383000,621000000,-41200000,96065000,,,8966376000,1.1335916e+10,0,-34396000,602078000
XYZ.AX,quarterly,2026-03-31,USD,6056847000,-243405000,false,-339382000,965595000,-30574000,95977000,597586000,597586000,8133391000,1.2799537e+10,0,-34310000,595271000
XYZ.AX,quarterly,2026-06-30,USD,6617687000,1127371000,false,1032320000,1019821000,-53212000,95051000,608847000,597829000,7171312000,1.1957609e+10,0,-35758000,600763000
YAL.AX,annual,2021-12-31,AUD,,,false,,,,,,,,,,,
YAL.AX,annual,2022-12-31,AUD,1.0517e+10,5973000000,false,5136000000,,-550000000,837000000,1327165063,1320439437,1346000000,2699000000,,2000000,1320439437
YAL.AX,annual,2023-12-31,AUD,7558000000,3507000000,false,2626000000,,-622000000,881000000,1326768782,1320439437,248000000,1397000000,,2000000,1320439437
YAL.AX,annual,2024-12-31,AUD,6766000000,2470000000,false,1720000000,,-705000000,750000000,1320304017,1317090951,112000000,2461000000,,2000000,1320439437
YAL.AX,annual,2025-12-31,AUD,5728000000,1436000000,false,658000000,,-751000000,778000000,1321321321,1317825799,84000000,2127000000,,2000000,1320439437
YOJ.AX,annual,2022-06-30,AUD,2068100,-6771607,false,-10047976,,-2129348,3276369,116841572,116841572,53759,11441938,,14971138,117068159
YOJ.AX,annual,2023-06-30,AUD,2209936,-5515763,false,-8713588,,-2494052,3197825,117446394,117446394,165083,3580970,,6881956,117724917
YOJ.AX,annual,2024-06-30,AUD,982616,-3408173,false,-4593984,,-1316856,1185811,145623871,145613592,12035,4340630,,4018775,260751810
YOJ.AX,annual,2025-06-30,AUD,,,false,,,,,290760773,290760773,,,,,
ZEO.AX,annual,2022-06-30,AUD,,-4847704,false,-4874420,,-325043,26716,1508792182,1508792182,475996,2906956,,8858250,1524915470
ZEO.AX,annual,2023-06-30,AUD,,-2258396,false,-2421070,,-1890785,162674,1610826527,1610826527,366034,4212481,,14210812,1705923065
ZEO.AX,annual,2024-06-30,AUD,,-5284105,false,-5485336,,-104941,201231,1711128544,1711128544,816770,2267531,,11538282,1753423065
ZIM.AX,annual,2022-06-30,USD,1243140000,693502000,false,595433000,,-270276000,98069000,107489362,107489362,734000,377975000,,1894762000,107637649
ZIM.AX,annual,2023-06-30,USD,962290000,398335000,false,289136000,,-379006000,109199000,107489362,107489362,4800000,253594000,,1880228000,107637649
ZIM.AX,annual,2024-06-30,USD,767113000,162108000,false,43500000,,-349987000,118608000,102775000,102775000,87750000,89045000,,1788447000,107637649
ZIM.AX,annual,2025-06-30,USD,826589000,198160000,false,76926000,,-144591000,121234000,106573684,106573684,100220000,99271000,,1828948000,107637649
